"","RC1","RC3","RC2","RC4","RC5"
"active",-0.144922729973318,0.244452175366323,-0.121802300825629,0.0711762949475054,0.0019612014601022
"agreeable",-0.466160799173555,-0.20612602052092,0.0478891046535507,0.0636890017015949,0.062443516368391
"anxious",0.0275160211804687,-0.108468990751963,-0.198324590956271,0.0636311108804308,-0.117414162481109
"artistic",0.0654563937197183,-0.135500935895871,-0.0621811762627477,0.30303105189354,-0.115789040328278
"assertive",-0.148597392290052,0.51110531972261,0.00948998599224645,-0.0609919065059271,-0.0253133205711074
"bashful",0.334181349864558,-0.382985824376944,-0.0960711584192999,0.0782820923739227,-0.0696542075220852
"bold",-0.114831934737274,0.461691863704754,-0.00489824335736188,0.196388281223935,-0.0853006313075835
"bright",-0.003146788015994,0.0289474344556939,-0.00672266062562184,0.0735821018804453,-0.174471380656037
"careful",0.00382356855243419,-0.129941495784952,-0.00379264087802259,-0.402320471198104,-0.0243970857246576
"careless",0.0652111773084393,-0.0532489518404566,-0.037466122610795,0.43167039265665,0.0541231807318208
"cold",0.584763834003638,0.0448776878912544,0.108075699830396,-0.0551324095201422,-0.133971911915034
"complex",0.156374316322037,0.00164188365760921,0.0861548787926289,0.0552649581225618,-0.272176531352774
"conscientious",-0.0652504844518954,-0.0288150235660178,-0.1824717770137,-0.416131191643196,-0.00341486026387372
"considerate",-0.291707049041128,-0.220697030179764,-0.145918955058417,-0.00180472784542293,0.0375534695054406
"cooperative",-0.347961355125637,-0.124996968506414,-0.0544185469224524,0.00264790035932522,-0.0276819074975041
"creative",0.0824074040080236,-0.0488679995034483,-0.0355066165619168,0.18306539043144,-0.114322413895804
"daring",0.0113226674489436,0.436401259293235,-0.0319174141392704,0.449015370975044,-0.0860713082476241
"deep",0.104155445530912,-0.084416267445365,0.0134027830069143,0.0151871147381072,-0.1615832372074
"demanding",0.0567396544577192,0.550416626424346,-0.125384180558071,-0.22445273499315,-0.196728892118328
"disorganized",0.0677354353361466,-0.081176891245024,-0.103085744542441,0.396966599693996,-0.0205204205350202
"distrustful",0.255496586574869,-0.083722896323385,0.568173302599015,-0.0449580898607415,0.094817530023576
"efficient",-0.00938468324001159,0.0646025545338988,0.0627501788215571,-0.263229857012355,0.000618697901740984
"emotional",-0.369093419066315,-0.0946154412006558,-0.0773008978312043,0.183759178309127,-0.046071659350806
"energetic",-0.262050110552049,0.299080207633944,-0.123593388056868,0.119852703896959,0.0240154284205439
"envious",-0.0587697386735231,-0.0261844562532933,0.172905573527813,0.0751882439480401,0.00447485164925839
"fearful",-0.0264537438528673,-0.122407797963284,-0.0708931346612869,0.0301154329431896,-0.0107711434331654
"fretful",0.0173462204989618,0.0155587910986476,-0.279086867960118,-0.0472993221342021,-0.10147205660887
"generous",-0.224806773956798,-0.0222040957616406,-0.180946231071821,-0.00527444117233047,0.0116486773274322
"haphazard",0.086726393725658,-0.0472004899587798,-0.0775994634162615,0.406505715544578,0.0187989967379057
"harsh",0.208110689095011,0.539700680537364,-0.133541130794967,-0.182878028776212,-0.00139489623905611
"helpful",-0.220079771594345,-0.0494611867142671,-0.0365910918439851,-0.0737292532866386,0.0348576368819562
"high-strung",-0.00546987275052654,0.329635241696098,-0.235757061057623,-0.0320411110552616,-0.163938639960435
"imaginative",0.0809652198487302,-0.0524109669563705,-0.00138660873498706,0.235870904328932,-0.204273264495556
"impractical",0.0135345644452259,-0.113059592936176,-0.089068715727758,0.220897003819761,0.00737567113404747
"inconsistent",0.0505385557550468,-0.0919561321138904,0.0329492818535719,0.416468541466975,-0.0133053300777761
"inefficient",0.0369147477798826,-0.0648813634518104,-0.101285649938912,0.288946446561368,0.0082133177206364
"inhibited",0.453591134979565,-0.411224510559298,-0.0759009167697362,-0.024266218971816,-0.0687928879198117
"innovative",0.166621998237186,0.163659156330725,-0.0887035757827658,0.238746224614354,-0.397405753104391
"insecure",0.122693861573772,-0.204868619764811,-0.0687720144912065,0.0947835153403774,-0.0899605031787059
"intellectual",0.126716411320153,-0.0498596847908376,-0.00622267066739321,-0.0946294930938953,-0.292240208168385
"introspective",0.259965365455524,-0.35089862119486,0.00764020904375793,-0.0453002572030897,-0.312366775332667
"introverted",0.58555127587211,-0.514811720538024,-0.0485761151385784,-0.100227506889556,-0.0648727202286371
"irritable",0.179212840741791,0.356046215214875,-0.200859539421923,-0.0038559475519699,0.0467679447683696
"jealous",-0.0781089979614613,0.0259298141737407,0.108422112779128,0.0265192906399123,0.0391676357807959
"kind",-0.191917024166866,-0.134807495241261,-0.0851000020115516,0.0134459964889424,0.0402237862281167
"moody",0.23154179761262,0.0552554168730789,-0.0636569556455113,0.0948334749936836,0.0381142160331358
"negligent",0.10754748395061,-0.0879768304434596,0.00123732438562325,0.282255212920414,-0.00650223292482051
"nervous",0.0372337799243853,-0.156061571666375,-0.103172740009493,0.0931067058952567,-0.0977527344149903
"organized",-0.0645733790483741,0.032323039549481,0.058681182375852,-0.367181621083012,-0.0301440291783823
"philosophical",0.103406380885709,-0.175859252681595,0.0704583427367971,-0.054632923314233,-0.260516929711259
"pleasant",-0.218328053063903,-0.090997584702247,0.00599547550882577,0.0484546432885182,0.0434707183172401
"practical",-0.0563013386589992,-0.00534201408897563,0.0533362487687775,-0.326079443514599,0.121879522512632
"prompt",-0.139676218946504,0.0771579392511988,0.0569069924637938,-0.329461531354439,0.0169920188138592
"quiet",0.421798697417577,-0.54952165916257,-0.0378164198257775,-0.258338996907762,0.030661029334612
"relaxed",-0.175845264644136,-0.428170290481827,0.240025224331392,0.22183581727518,0.230978581550406
"reserved",0.625916618517957,-0.476253486379183,-0.0544543661048598,-0.249489005341608,-0.0873804927046371
"rude",0.222405079526261,0.27408476322751,-0.050429067746649,-0.00231573440852328,0.0291300042642027
"self-pitying",0.00775953781154067,-0.0545159058039992,-0.0473186910218936,0.0234913734024316,0.00972966594091739
"selfish",0.0718177109342409,0.0188997482993872,0.576930662429464,0.0567301003627259,-0.0126244114604633
"shallow",-0.0616792868557976,-0.01619460955564,0.10213192584365,0.0222866260864568,0.0349305365075185
"shy",0.398030198661925,-0.432405065957514,-0.101839022282606,0.0623812725157121,-0.0705174180062068
"simple",-0.125275241357774,-0.198969752671656,-0.0549512802839306,-0.0265258475659882,0.37447778105186
"sloppy",0.0471017738416819,-0.0413454681678679,-0.0714420593363141,0.193306424619616,0.000982633414978447
"steady",-0.05400417501243,-0.0762212326650444,0.0326706320603794,-0.372718936120755,0.102390907189464
"sympathetic",-0.368823477262352,-0.245359711138561,-0.113824873565512,0.0223660139606407,0.0162775136572891
"systematic",0.017901694411083,-0.00444954117314486,0.0399031689423333,-0.407486854516106,-0.0598770524811215
"talkative",-0.532703662299858,0.259814650958884,0.111676814064013,0.210740594434113,-0.00973985342448962
"temperamental",0.117399007129512,0.41439448160985,-0.178947757213043,0.125038232433772,0.0391359625195759
"thorough",-0.000577135728707861,-0.0289012221688178,0.0188039735591255,-0.307302345293252,0.00134685464221718
"timid",0.0898126730678017,-0.242264522723087,-0.101056432779238,0.0106560311345636,-0.0562587032829261
"touchy",0.0922629023285437,0.216723247960375,-0.130944151725875,-0.0730913224386564,0.0519091860182999
"trustful",-0.155250177098225,0.0913826500359938,-0.633959523997933,-0.0492866302069076,0.024752445068819
"unadventurous",0.0305366597117708,-0.433442310317654,0.00406333768015825,-0.402244474407035,0.216881532868973
"uncharitable",0.16752167894841,0.0776059234518302,0.264807321644505,-0.0458486271396556,0.0904373361328856
"uncooperative",0.296888608985302,0.106736809865209,-0.0528721526208023,0.0190398867310767,0.0893370334647666
"undemanding",0.000956142646809178,-0.42652119070698,0.100835144438353,0.204080184210624,0.153897132070489
"undependable",0.0170859966038054,-0.12347447959785,0.258675492967076,0.281767192084347,0.0420391940539155
"unemotional",0.399576142046315,-0.0629770965775515,-0.0326356037700566,-0.05007716455921,0.00931258507878848
"unexcitable",0.281266147891975,-0.345073776377961,-0.0324061666318715,-0.367709886791845,0.12564676034559
"unimaginative",-0.0256394435464814,-0.0290050874061273,-0.0707537309288177,-0.0900609067456059,0.123740232981929
"uninquisitive",-0.009946387332171,-0.0141047235394414,-0.0790606119071049,0.0095668457210333,0.237573597538906
"unintellectual",-0.0485298880776811,-0.0324698070979403,-0.0478351876664507,0.0333197931024872,0.172340283578329
"unintelligent",-0.000392878892533951,-0.0143372736205599,-0.0558421561355717,0.00235199872104151,0.0392035046537866
"unkind",0.125958361489734,0.20303771114406,0.29465174762347,-0.11850769418724,0.0132018138518051
"unrestrained",-0.0447535446378625,0.251875471958826,-0.0535976237844342,0.518867420362072,-0.000784685230348516
"unsophisticated",-0.0369301947143459,-0.105294433619875,-0.0574892134707843,0.00815277464882177,0.425449265493574
"unsympathetic",0.319749330416314,0.302911656036253,0.223035676468003,-0.054044583111428,-0.00599389126044265
"verbal",-0.399598183520798,0.189616663011428,0.0987226936281221,0.00371163570013828,-0.205062663352277
"vigorous",-0.123742678027932,0.377233237853662,-0.161608798173721,0.0617531564707611,0.0168160685783636
"warm",-0.605538185094883,-0.110227996580658,0.0371237220536342,0.0784175027645155,0.117942856451143
"withdrawn",0.644104866317297,-0.376023976812241,-0.0665769151800564,0.0880575108301171,-0.136093337666104
"imperceptive",0.0108077273397458,-0.0105481763300561,-0.0246079363849352,0.0657764736413125,0.15048170086936
"imperturbable",0.10677110591806,-0.351877172421359,0.223200847811042,-0.274405814573731,0.0415936641856159
"uncreative",-0.0503586991338753,-0.0172397930312776,-0.066486545863839,-0.0806101363098832,0.121348389461321
"unenvious",0.103921932851262,-0.117546819495481,-0.167295608851429,0.0317662273997176,0.043444927353255
"unreflective",-0.0543043669074787,-0.00897051894209653,0.0741974528350758,0.145751985055982,0.248068118796118
"unsystematic",0.0867331045371912,-0.0481154025077955,-0.0904677538878267,0.481218436554358,0.0390501513666326
"untalkative",0.721616043279202,-0.273840016282535,-0.140710357659685,-0.0592204965036571,0.0123777082393417
"abrupt",0.396933193567132,0.429065714939792,-0.182828984133002,0.100349900148363,0.0171132997014867
"absent-minded",0.155371269188162,-0.203496207950547,-0.122615841447775,0.396489128315093,-0.0544110012379225
"abusive",0.0123519247694215,0.0161811105071359,-0.0286434170786735,-0.0029054736297968,0.0186059531826498
"accommodating",-0.545778165369448,-0.27099226582998,0.1168699571437,0.0648206959360254,0.0464490806060795
"adaptable",-0.0381944885794446,0.0472975094963511,0.0766988003541118,0.216898272916883,-0.221528709358092
"adventurous",-0.0249837668775403,0.274465635764269,-0.112949906295016,0.391400256718376,-0.0864773859785343
"affectionate",-0.51878650837385,-0.10600648842963,-0.114493980703423,0.0425240728239981,0.112867934656997
"aggressive",0.0291164741487724,0.461211717603069,-0.0392283502327911,-0.00983644119137465,-0.0313823231115973
"aimless",0.0469220552311735,-0.0466266995675557,-0.0709928145090806,0.165739576795396,-0.000790505878939393
"alert",-0.0211144421301274,0.0604173985551974,0.0144899988751398,-0.0641564893282797,0.00565335112460839
"aloof",0.763660881702619,-0.157038325655736,-0.0360327934039789,0.0943347817916325,-0.165407322069934
"altruistic",-0.309370995557652,-0.110860048002024,-0.387242660040201,-0.0695658999956446,0.00535611655571365
"ambitious",0.0398566614338804,0.289857196710938,-0.0359072212483708,0.0558728542140944,-0.331585794411609
"amiable",-0.57867345181582,-0.140361585788007,0.0439412618375859,0.065495273169672,0.138650414951908
"analytical",0.186126772419201,-0.000323180786201404,0.027069450335098,-0.206396655659567,-0.294625537302524
"animated",-0.415099969032781,0.239876638579535,0.051481176172367,0.380351979242258,-0.023728410507299
"antagonistic",0.126465130440594,0.374008221298743,0.230271359114958,-0.136829911562688,0.0177496797119478
"apathetic",0.116936905840274,-0.0605086683188928,-0.0648419097402842,0.0663233162055213,-0.00658955839965328
"argumentative",0.114972607202483,0.519854321400251,-0.108522310767167,-0.141772886791337,0.0701116004935938
"articulate",-0.0847497706631803,0.0485969717910057,0.0376616778731583,0.0018734033030356,-0.178523831077366
"assured",-0.0363518221908535,0.134917921226629,0.0220205683875758,-0.0466783088334682,0.0130299177134485
"autonomous",0.12870516533562,0.078829790221191,-0.0202064050355464,0.0774503834546978,-0.102433208250082
"belligerent",0.0843111642204806,0.26221970567759,-0.135205432895074,-0.0147062360904252,0.0967419169701769
"benevolent",-0.183695953260015,-0.146205664673725,-0.23780090967791,0.0178261013472855,0.00042313677776766
"bigoted",0.00873830337421169,-0.00258005897907902,-0.0676689062948026,-0.0103078931744849,-0.00531369400491241
"bitter",0.165538053753244,0.0694063345003487,0.0970762827957939,-0.0400207299911496,0.0405772326701796
"bland",0.0658623107065042,-0.132714753044824,-0.0144531351599442,-0.0768669010352236,0.055553614586317
"boastful",-0.0727653980556204,0.255447091915975,0.222083084779341,0.113722904793586,0.0197471080428603
"boisterous",-0.170685972980354,0.30329583969241,-0.0408156109541383,0.337589359026481,0.1382261481301
"bossy",-0.132074028916829,0.55083186847121,0.0247398290370186,-0.292630546844774,-0.0394621886324916
"brave",-0.0490703101104988,0.163795374881678,-0.0578821501444826,0.0929240530222693,0.0465567878183603
"bullheaded",0.0592899576451203,0.538426946929147,-0.0195015435424545,-0.0539957500680614,0.290585315067824
"callous",0.109659459351501,0.125382990856854,0.247855974122333,-0.0364509512397276,0.0154886337613163
"candid",-0.180860269102021,0.220718780321911,-0.570013421653314,0.00278956638780153,0.0269291481615581
"carefree",-0.124423888116871,-0.0161737539398067,-0.0477499597818372,0.43452357785728,0.119688563526891
"casual",-0.0518609833169092,-0.212386345221626,0.0765113255036056,0.499296917558842,0.176026210277669
"cautious",0.106209603107958,-0.337582514767213,0.034291002264926,-0.476353835545172,-0.0322933713637581
"charitable",-0.290948829939455,-0.063406889312772,-0.265048469073735,-0.0566179709276627,0.00170005603824155
"cheerful",-0.574658133013658,-0.0408011787998982,0.0554173613046802,0.10724633963335,0.152322069634965
"clever",0.0788813133330072,0.00549504713301812,0.0644240060363923,0.034022413674945,-0.148611003309594
"coarse",0.118380270815807,0.0977671567601122,-0.0804319048538486,0.0831437207959472,0.17041849513787
"combative",0.0735433109034453,0.533304092978334,-0.103234307561108,-0.0245546478314721,0.0524169722306842
"communicative",-0.581730364402209,0.198258483146263,0.0396115819446493,-0.0535616916305345,-0.042753300410157
"compassionate",-0.262530469269946,-0.204420963500116,-0.171180835799685,0.021907769159382,0.0361961785731484
"compliant",-0.269899280086357,-0.350206976656077,-0.0110552472517697,-0.272114866898604,0.0558050781720042
"compulsive",0.0882275854025527,0.178894362988245,0.120259860102694,-0.151666339624809,-0.0181213805019501
"conceited",0.0336961424794368,0.104610175760846,0.196445206632472,-0.0181923082316807,-0.0542253756996963
"concise",0.0316160836901465,-0.0688223417413698,0.0636954844440563,-0.278739153743588,-0.0948708713778002
"condescending",0.169195369499678,0.244140026854818,0.249952290904815,-0.171028489722357,-0.0903298712427609
"confident",-0.0627267497593861,0.180593898316357,0.0143617478853712,0.0155071788598956,-0.0241112545952157
"conservative",-0.0111221372882763,-0.10849496474873,0.121136485608519,-0.547562474626461,0.302784788556904
"consistent",-0.0603114982567781,0.0109276181923568,-0.0182771472512169,-0.360776370753518,0.0488026932499644
"contemplative",0.162861081125479,-0.223493996312762,0.0724022523454564,-0.0692859437989949,-0.157032846190231
"controlled",-0.0282651611488477,-0.0663843731442573,0.0914435868526001,-0.401142225588251,-0.0310252013748268
"conventional",-0.184547358769234,-0.165165448190846,0.0590328362946693,-0.599365987156416,0.430921016761988
"cordial",-0.554935779502109,-0.0605648304892366,0.0459735194195486,-0.00695859776036714,0.0659170384532433
"courageous",-0.0585033782641736,0.197355179060984,-0.0758801475339866,0.0805447829342415,0.0149614255481076
"courteous",-0.241926852524533,-0.178012545176136,0.032367223511243,-0.0356261673201563,0.00228749439927198
"cowardly",0.00647942411330201,-0.0548049846616532,-0.0307500383904632,0.0190600509135536,4.41437815424922e-06
"crabby",0.219090503302024,0.24417604606317,-0.158001184650262,-0.144975416286214,0.131636017468882
"crafty",0.145761386642265,-0.0159668106214217,0.429223150184344,0.195511470930786,-0.108565382257667
"cranky",0.217858172029115,0.191154714599774,-0.167719053159244,-0.0586744275425212,0.2081963328542
"critical",0.227001830837818,0.23550947508753,0.0255592481899106,-0.161755977235178,-0.229998855542081
"cruel",0.0177993074442141,0.0274065918441068,0.0922881864453064,-0.0136862141718694,-0.0057027870808168
"cultured",-0.0419294335194995,-0.0448564396688499,0.0438614417661761,-0.0387312878012156,-0.316150622662136
"cunning",0.0330106304703116,0.038254876802131,0.626623970825714,0.0164073941572845,-0.134743827142048
"curious",0.0304562110546383,-0.0979218955930965,0.0718059935085501,0.0990278782522214,-0.201462736162823
"cynical",0.256206800025448,0.113040518952547,0.408529765281779,-0.0620922908168891,0.0196710367683334
"deceitful",-0.13697115146539,-0.139175736017026,0.841282809546438,-0.0358906817420502,-0.00690413238047293
"decisive",-0.0386809866016819,0.250156420076112,0.0540832948019776,-0.21775782815534,0.00301833304956591
"defensive",0.250951629996458,0.028453099723864,0.0192403253234427,-0.110433440747945,0.172819123133139
"deliberate",-0.00037146521983389,-0.0300645834945334,0.0806173213417871,-0.351568249376658,-0.00355137430020363
"demonstrative",-0.584799542743489,0.174235530251638,0.0665262751319492,0.0670105431092356,-0.00721991692066939
"dependable",-0.0797751048450651,0.0365908801289243,-0.10846700424363,-0.191005005324832,0.0489893796912137
"dependent",-0.0690715534292016,-0.131215171762795,-0.0444845312162519,0.061179340611257,0.0166718529061355
"detached",0.735980409405549,-0.209921943661417,0.0286709051054534,0.106319155972701,-0.130320382925448
"devious",-0.0550993488789845,-0.144529816214446,0.856793980173381,0.00531214197448687,-0.0391887585335092
"dignified",-0.0482668918353513,-0.00855582593226317,-0.058793817140293,-0.162362727759687,-0.102678653698352
"diplomatic",-0.40494897777259,-0.177231020704554,0.168549379147308,-0.178532520749086,-0.283131101237623
"direct",-0.162438436224507,0.357911816077203,-0.128949989432451,-0.129025559815396,0.0694172280993914
"discreet",0.192924465675542,-0.271873630119682,-0.0558373416780571,-0.145314275040397,-0.190944681267324
"dishonest",-0.133603187732416,-0.108023349461583,0.754765366368152,0.00414625510684249,0.010111916128285
"disorderly",0.0871957703304432,0.012460302368535,-0.0957402213353855,0.350897722972218,0.0411928407406768
"disrespectful",0.102396248785888,0.100087376993385,0.0758550537103643,0.0270196303508803,0.0607238803790297
"docile",-0.104688610724943,-0.354254065948955,-0.0218871220943594,-0.105417968692566,0.0917671592546183
"dogmatic",0.0293521025030197,0.253711478933216,-0.0434873635242648,-0.332331374950222,0.24773389535415
"dominant",-0.0330049907548005,0.557006954064304,0.0511340233564061,-0.0994750266462968,-0.108477760098657
"domineering",-0.0370195959274299,0.52281422499431,0.140090536908099,-0.253174041382225,-0.0576392530774056
"down-to-earth",-0.284722020287536,-0.202591062492841,-0.125343172605833,-0.0956996420125908,0.38124382933615
"dull",0.0559724739167563,-0.0952940963817948,-0.0420342093107508,-0.0658314051739991,0.0720327845350556
"earnest",-0.00389370031800292,-0.0360556174146139,-0.224696380633228,-0.0885807178154643,0.0435403409381851
"earthy",-0.16002355379432,-0.16477755579757,-0.0878873171315334,-0.0404518248315313,0.384451985001762
"easygoing",-0.307660888213341,-0.351604701962526,0.191744594224921,0.3777059608553,0.185954285191049
"economical",0.0123702730827102,-0.0734923008206386,0.0217192665533452,-0.232869405774643,0.00193255316618581
"egocentric",0.113141549242077,0.21858694711495,0.443408318055636,-0.00717052156051,-0.0690402197535176
"egotistical",0.113639116350821,0.314802553910694,0.369751801403168,-0.047529834352562,-0.0910660077530671
"eloquent",-0.213347940563043,0.0628728371211927,0.0928027079254442,0.0628961905565203,-0.397719363137148
"empathic",-0.525817775127408,-0.165489864770688,-0.12278786245628,0.0203220013391905,0.00540193166897969
"enterprising",0.0158327422167266,0.231053229559654,-0.00251040364374698,0.132347259514263,-0.196514586839715
"enthusiastic",-0.13388355439981,0.0924953049087622,-0.0465698619326787,0.100122203781562,-0.0150765200068773
"erratic",0.0874898355277216,0.0789878695520177,-0.0711954123171169,0.380180430103077,0.0542861349991161
"ethical",0.0137803048227076,0.0436798667341765,-0.542707165408284,-0.0491292109631137,-0.0470770333303873
"exacting",0.138751376871496,0.0771812889741456,0.040312558645935,-0.411507422609118,-0.0895687136364791
"excitable",-0.234795032910367,0.190024790649756,-0.0992518641536372,0.371362557956768,-0.0279770475426091
"exhibitionistic",-0.0769854320428156,0.168200920944587,-0.0480054704863626,0.204705716256803,-0.0586587410426124
"explosive",0.00121190690448532,0.41262132725546,-0.135190287416219,0.276681314933036,0.0134926093461879
"expressive",-0.439327593863851,0.0989144163333934,0.0340933100959654,0.258214888559871,-0.0975439685540098
"extravagant",-0.0656332769296987,0.21703546032509,0.0669857772775499,0.247928904723087,-0.190168666953463
"extroverted",-0.606046613396671,0.427055072717812,0.0671885196168668,0.198447371448492,0.0735566128023454
"faultfinding",0.19179796991611,0.32467181812939,-0.150336855370298,-0.241437918984245,-0.0455739009371856
"feminine",-0.420343589760157,-0.143917123049604,-0.166798056995543,-0.0223626545865114,-0.289000587230961
"finicky",0.224533049140275,-0.0679316372757648,-0.00954077034769155,-0.191986664747353,-0.0869037658744479
"firm",0.0121383717697743,0.14206443129825,0.00538701861022931,-0.21381362102642,0.0503555781721674
"flamboyant",-0.0875257910866847,0.120967413140123,-0.0794660659766763,0.230305724073518,-0.122908359256156
"flexible",-0.161208943843279,-0.074032736544396,0.160145638833401,0.295708426797639,-0.2368431104838
"flirtatious",-0.126420397236654,0.0940157600127391,0.0741158277374565,0.22152581382037,-0.023664394037461
"foolhardy",-0.0270566143956091,0.112570749045562,-0.0266978734481424,0.266304175117075,0.159443589720757
"forceful",-0.0812375381369709,0.685455085442456,-0.0356786409749476,-0.0905570287630766,0.0293801803718478
"foresighted",0.0317286303378291,0.0737912175601708,0.0249879335193962,-0.28236531549435,-0.226629916957192
"forgetful",0.038148934982424,-0.124914135190776,-0.135086959886486,0.327299721920718,0.0149924315857397
"formal",-0.0316378194243037,0.0160000127426376,0.075089898651762,-0.475293612080209,-0.268873361024797
"frank",-0.104922159461758,0.219659484778833,-0.533550449970823,0.0111341033878202,0.0512396295178771
"friendly",-0.402228819272177,-0.0160078514133532,0.0267992506386784,0.0363161795813199,0.0898358898321193
"frivolous",-0.0296306193645698,-0.0059365779544575,-0.0319120740305919,0.131816304799381,0.0158577698907797
"genial",-0.592524900656418,-0.177263920483521,0.118547947733234,0.12820606244171,0.178332529054366
"gossipy",-0.205807279456972,-0.056496700484553,0.17691842979195,-0.0354640120558788,0.100770795591292
"greedy",-0.0685774735589181,0.0312747862974621,0.399992515482818,0.028835514529761,0.0386213148777012
"gregarious",-0.614073278398229,0.291497980108879,0.0707369698647372,0.215466165139071,0.0678942758260862
"grumpy",0.302833934238683,0.124314977306852,-0.118462094498128,-0.111955276477413,0.182865272163022
"gullible",-0.0745955000129681,-0.087929332007009,-0.0397859060196245,0.0934193657618134,0.0675065721556025
"happy-go-lucky",-0.310026229720393,-0.0560551858979363,0.0228579951723532,0.375597692274933,0.219737097527294
"hearty",-0.332497493949859,0.0913307270496384,0.0123753277102548,0.0196209045167555,0.310051307087778
"honest",0.00472885199918752,0.0947585254044752,-0.587816494613151,-0.0295260074910636,-0.0115200941216761
"humble",-0.066434513459879,-0.37554205320357,-0.324887767807003,0.0612281136111005,0.12485314853364
"humorless",0.262953857299143,-0.0243078981464782,-0.0561575612549797,-0.168109637591673,-0.0318664218647056
"humorous",-0.351600003708731,-0.0211394567539836,0.0274499665609344,0.166441135039548,0.138368076802755
"hypocritical",-0.125678536234249,-0.063889271424464,0.590511576880924,0.00638352202763183,0.0563543505534847
"idealistic",-0.133281884170933,-0.103458971350225,-0.283915872008295,0.225316736827266,-0.21233487519897
"ignorant",0.00584725381036177,-0.0142579733859611,-0.0596859236884408,0.00244753654048252,0.0383612822292195
"illogical",-0.0407888492386919,-0.00919446480313575,-0.0488311861239666,0.135094501372802,0.112473836086853
"immature",0.0366062377099478,-0.0145699448018297,-0.0419326868184575,0.141733724629951,0.0077288121479676
"impartial",0.0865834705917769,-0.236844659924789,-0.412189360768021,-0.0236367542404459,-0.156273136816236
"impatient",0.0887596194652115,0.539689304541756,-0.266810582019697,0.308043194300514,-0.0842879794847549
"impersonal",0.647809682737785,-0.154658911427251,-0.0541384905978393,0.0204722205552193,-0.117851791795497
"impetuous",-0.0279420840262169,0.286318728391413,-0.145223032649956,0.398691487990017,0.0597546631064332
"impolite",0.237127057341135,0.211687512633083,-0.037123059246399,0.0288639386598308,0.0357142837762876
"impulsive",-0.0528996609660241,0.21730068999931,-0.0561815700689444,0.567824455136173,0.15515611618426
"inarticulate",0.160725092447849,-0.0758904068320952,-0.0910073851600011,0.0867932538686989,0.080480712890383
"inconsiderate",0.209343588000367,0.151578666593316,0.245997686030926,0.0561232197323555,0.0411723816159718
"indecisive",0.0605394339835325,-0.192167182186862,-0.110140281628441,0.262814489448256,-0.0885232459605524
"independent",0.118574635964073,0.058445693743156,-0.0472065937687685,0.0646734102198497,-0.0475955129526398
"indirect",0.110763474752618,-0.384658510376148,0.616726349507897,0.112448693943513,-0.0958056961326063
"indiscreet",-0.159492522327818,0.0129791561758665,0.368874185849177,0.225117371366869,0.21538594141229
"individualistic",0.336496682882915,0.134471124549435,0.0757495983540509,0.292104446143045,-0.163445031032269
"indulgent",-0.161848803556446,-0.0351164857671253,0.210584995151793,0.292582533672359,0.00226345299211169
"industrious",0.0126002501221313,0.0539453722415556,0.00104004027074865,-0.126678950182699,0.0395178830149486
"informal",-0.110079658529657,-0.0490059856922048,0.0318688204012609,0.512207750438519,0.241339104170224
"ingenious",0.170343051748329,0.0254300042605618,0.0632649336011317,0.125813863727926,-0.265741893326352
"inquisitive",0.0198921539549066,-0.0216864029310016,0.0694677925586918,0.0472680112576531,-0.24783086712764
"insensitive",0.298501250325442,0.270238611652577,0.0475656411065789,-0.0340788472028081,0.0347366871167386
"insightful",0.0755931379656276,-0.023974646911295,0.0134491321364356,-7.76532537102454e-05,-0.176222943234676
"insincere",-0.131387944260377,-0.0764592769212014,0.711550781745842,-0.0442352633194702,-0.0447256200493252
"intelligent",0.100972334265167,0.0062594740812888,0.00610935450005633,0.0198989261239931,-0.142488081658118
"intense",0.168911795517349,0.510568828414979,-0.110158208747551,0.0883366054231814,-0.240982423920907
"intolerant",0.192107712904624,0.310114691806061,-0.159763467030603,-0.141328249653386,0.0895744792109175
"intrusive",-0.158687472283578,0.237010059971406,0.284302739195985,-0.172937626517667,0.0118818670119007
"inventive",0.160519070393371,0.0275250166687208,-0.0178967722308189,0.221075274118257,-0.211454661730012
"irreverent",0.112142457036585,0.116699608442335,0.108900155560229,0.437013256046859,0.0504766199499782
"jovial",-0.55295377164322,0.0312632227986123,0.0699604115584215,0.194843563033423,0.200995333076568
"knowledgeable",0.0943354413838512,-0.00837078888409668,0.00131190880009774,-0.0209360809916298,-0.12459104006335
"lax",0.0574030484645418,-0.159539029507133,0.0106822803108809,0.384364642092849,0.041212562858155
"lazy",0.0381990090226516,-0.0564697205462741,-0.0645215274025485,0.136871651968961,0.00188162619045803
"lenient",-0.269072717079159,-0.453958096985126,0.132427217239309,0.220040761335226,0.0641858751771575
"lethargic",0.0312418470215855,-0.0582322551681845,-0.0617886498266818,0.0913855670134885,0.00698398027324128
"logical",0.0972306438203403,0.0196560714368014,0.0135645499098739,-0.164819268314243,-0.108293625581997
"loyal",-0.0465580842628975,0.00213785705200757,-0.218054891583957,-0.0297322399706722,0.0512214356001691
"lustful",0.00266454252357041,0.0434210363402146,-0.0357998596899499,0.115325449705461,-0.00930354736512471
"magnetic",-0.406799253967589,0.236006341097131,0.201066504498067,0.214749374777224,-0.104013685383188
"manipulative",-0.164710060713755,-0.0458695408055867,0.880224377667421,-0.0553450010331414,-0.0864442987393752
"mannerly",-0.210074310987683,-0.133028609790107,0.0574766362357806,-0.125653022079345,-0.0092845425079458
"masculine",0.360833781038143,0.184569909624546,0.0323830325550563,0.073665233131269,0.328101621821489
"masochistic",0.00671572170586225,0.00555696928156581,-0.0726546792244282,-0.000827475588430926,-0.0107686797286589
"mature",0.00254812697008231,-0.0648572135103553,-0.00331276519006325,-0.174129229451316,-0.012964930853955
"meddlesome",-0.220790430587423,0.118767473355299,0.413127650030712,-0.25252467917833,0.0590986058890862
"meek",0.00727331204634496,-0.282243424610834,-0.0410695108508244,-0.0291216871549389,0.0352648552067254
"melancholic",0.278116950314841,-0.312482371874854,-0.0304644889502219,0.0522198105442719,-0.0280435904150074
"merry",-0.501808524996687,0.00203358271297238,0.0565742744995568,0.159674624508882,0.179591645254199
"meticulous",0.0485818133063836,-0.0318355545185493,0.0430218904402369,-0.375818000082379,-0.0677342179340882
"mischievous",-0.144847080225362,-0.0627671031948375,0.608458407088935,0.271470271147786,0.0213864688585511
"modest",0.0174706017337356,-0.436522608929892,-0.324989445361462,-0.085294026836385,0.130535461992309
"moral",-0.0269137972621394,-0.0132448778815784,-0.491097291560258,-0.0523034032686875,-0.0228235934180793
"moralistic",-0.14083188754716,-0.0272869776192759,-0.438686706910983,-0.201236140654633,0.0185064972482874
"naive",-0.0283497824851878,-0.0638142226473331,-0.0870003426982123,0.113555038310029,-0.00486166554140517
"natural",-0.132035822346682,-0.0421153065935997,-0.038634060493747,0.0440858861023561,0.0979815853157906
"negativistic",0.244231546472503,0.0446074330312922,0.45422086256097,-0.102399848211384,0.173148627571532
"nonchalant",0.151249452545151,-0.17454612796774,0.216140413903305,0.344586502430663,0.0185706737243247
"nonconforming",0.347194618921468,-0.0747057176323964,-0.0897429830966375,0.49391646128898,-0.133003594929563
"nonpersistent",0.0302381314484802,-0.0576928394246746,-0.0670885436320996,0.223597942451035,-0.00193764386883103
"nonreligious",0.0426101940992307,-0.0176316263878301,-0.0487552341317128,0.0301796979090724,0.0113987355031625
"nosy",-0.1886230605719,0.016931624431773,0.220708986897932,-0.0927151212357527,0.00968531738324682
"objective",0.0916641410981092,0.0517587398617619,-0.294216547233927,-0.185984496417923,-0.119849210821707
"obliging",-0.288057594688039,-0.122793136188099,-0.068301861150706,-0.0995109176048364,0.106385386963176
"obsessive",0.242224777118045,0.141389075963551,0.019820350136424,-0.149090996209254,-0.151183177705322
"obstinate",0.240889029374857,0.239938575394984,0.0609814150295912,-0.168184874503992,0.234985913340319
"opinionated",0.0268535758938902,0.402949273471073,0.0339472535862625,-0.0894320411372415,0.0761262120072043
"opportunistic",-0.0642998172879203,0.222784783175083,0.581193778226097,0.252316778274951,-0.117704851073354
"optimistic",-0.326497268544952,0.0351437798266354,-0.00883173529162984,0.147005384890938,-0.0673753565444176
"orderly",-0.111221494756573,-0.0406225202162529,0.0523359909947804,-0.501769929561692,0.027187932921301
"outspoken",-0.267827982955204,0.659088704636342,-0.102306752489655,0.138860765082289,0.000223444656444689
"passionate",-0.00714437713685494,0.0684116859983597,-0.0263451214599556,0.120067700486525,-0.046088467015167
"passionless",0.0480317704155849,-0.0588279882304801,-0.0438435682902084,-0.0450297257543521,-0.00399390794602457
"passive",0.06287485989633,-0.364964877736699,0.0376110586737839,0.0395803315789027,0.0841791206507888
"patient",-0.115974456360466,-0.458062764188764,0.194083272284193,-0.255720501314935,0.06059326712047
"patronizing",0.00449871074809409,0.263840650894341,0.409713109374564,-0.182306305815938,-0.0390452270335312
"peaceful",-0.0242334160958767,-0.475678747453147,0.0251165528557954,-0.0615290250972906,0.0501543715853388
"perceptive",0.0481723376866623,-0.00971621761860203,0.0203101447415294,-0.00273269526236993,-0.106356464986814
"perfectionistic",0.168856188234412,0.117474016218347,-0.0758525150519564,-0.346474663428846,-0.237992022671344
"persistent",0.00437967325597343,0.0918456358415271,0.00291520611263581,-0.0940700390979327,0.0113153028957914
"pessimistic",0.174710019748525,-0.0654099938012631,-0.04192568368216,-0.105561534300922,0.0521526544053795
"placid",-0.00640565047891659,-0.747945078987714,0.169522933939211,-0.181026723975105,0.212466681365417
"playful",-0.26579206017814,0.00525251778059714,-0.0799798631090749,0.380680538794262,-0.0366160141449629
"poised",-0.25432873959772,0.0196581701705535,0.0791267487288886,-0.20087938270919,-0.171103861592028
"polite",-0.208122678881457,-0.169994505069774,0.0446335798305736,-0.0530587557593328,-0.021910549036593
"pompous",0.062092887333954,0.0965804840753952,0.0383052598949572,-0.0404341485806478,-0.0408240742654916
"possessive",-0.0198326363362672,0.0846794974079074,0.0962334083568665,-0.100277146618788,0.0259574965557832
"precise",0.0605150765670941,-0.0139956735444098,0.0559520191068797,-0.363520196611451,-0.0286864660316129
"predictable",-0.0496130373063138,-0.19485898954867,-0.0643270351172419,-0.519884292942215,0.324881846878859
"prejudiced",0.04115026947549,0.00213955657214206,-0.059514593284942,-0.0428679537860843,0.03372297280253
"pretentious",0.0443674475462087,0.0601769284630624,0.116105328798945,0.0118329343669422,-0.128436740556753
"principled",0.02023075188065,0.0388579969487777,-0.51082089478105,-0.114214988579083,-0.00153035978832954
"progressive",-0.0689292495217976,0.120630356353117,-0.153543794945722,0.215752946280537,-0.444841412753947
"proud",-0.0189907006837952,0.0621837698525805,-0.0198016769713338,0.000629723929869257,0.0248545884986547
"prudish",-0.0179041562692783,-0.147209797105346,-0.00888280034154961,-0.146177380737845,0.0485225580789419
"punctual",-0.112975964071745,0.0214121226173012,0.044051791535017,-0.451081044947746,0.0551681512570354
"purposeful",0.00631218951971075,0.074895850274934,-0.0247495845964733,-0.0875980487186928,-0.00984811073606557
"quarrelsome",0.0994630859837483,0.320681233489158,-0.144050217616352,-0.072844882662729,0.0978761476825389
"rambunctious",-0.0706117290986738,0.240900770991862,-0.122322001184758,0.308005817732883,0.10604458054341
"rash",-0.0192716172624068,0.256964334496002,-0.0856584874509408,0.33343908116896,0.148154030410851
"rational",0.0539307717029989,-0.0244593652729187,0.00393299335619488,-0.16293744667684,-0.11434350676531
"reasonable",-0.080891538409791,-0.153077251329926,-0.00409021746039448,-0.0792401814024996,-0.0338359682224566
"rebellious",0.163922918271279,0.186736260979205,-0.0263627768863988,0.410846507583019,-0.0272941989140196
"reckless",0.00990586310534863,0.127225410362921,-0.0227980457941594,0.316014727078692,0.117046366030926
"refined",-0.116258280033595,-0.0555009326051935,0.0774410650280993,-0.207048373536113,-0.395300858949131
"reliable",-0.0227635905410854,0.00323446383556486,-0.172583381357331,-0.204581673952007,0.0467550353029217
"religious",-0.21211096650042,-0.0669611982124077,-0.118054561703761,-0.268762590365891,0.0609552120890629
"respectful",-0.120279232140098,-0.0918705587366913,-0.191777602307678,-0.0539160556886927,-0.0250181169029479
"responsible",-0.0577555704047014,0.0151732931881129,-0.129931730974311,-0.2454917830273,-0.0142432438342305
"restless",0.102382613524158,0.37289860175122,-0.075975871693392,0.456802192865846,-0.18495440284978
"restrained",0.255583852415719,-0.511039408393137,0.0608285151904177,-0.36055542845675,0.0136915998212226
"reverent",-0.15408044935008,-0.281637191240596,-0.0581140071376739,-0.28571916886004,0.0242197125786318
"rigid",0.251771487142055,0.143743482194305,-0.13481669676531,-0.533651812951739,0.201708774407991
"rough",0.193108161981942,0.268078480485459,-0.114899970536424,0.153156193391219,0.289849440345485
"ruthless",-0.00435099500666791,0.224848850123094,0.446344466290752,-0.102622121670682,-0.124229023396899
"sarcastic",0.17592606298663,0.152185303539798,0.150074002479187,0.156617469314276,-0.0182264143353666
"scatterbrained",0.0676035303079161,-0.0768902913321502,-0.133570395589425,0.356681875417163,-0.0671981925894002
"scornful",0.174212365454641,0.226884612954457,0.0124268346748196,-0.0900024111648242,0.0455303934051427
"scrupulous",0.0411095677577447,-0.0301002265249262,-0.388482319912112,-0.395379770440747,-0.0656717047244614
"secretive",0.394601841280378,-0.331641265712814,0.58647545628646,0.0596495970681236,-0.0855336635801723
"sedate",0.0842056157584652,-0.57029590201941,0.162525683932245,-0.466164278160103,0.127359916284317
"self-critical",0.267911762642625,-0.0815534938929177,-0.253713198581318,-0.0111974922098133,-0.304022383622812
"self-disciplined",-0.00733450051364868,0.0627263869664638,-0.0746174451302482,-0.384640466013786,-0.0695693976874655
"self-indulgent",0.00858067703136428,0.028403981906947,0.246456061888656,0.265227582555726,0.00249561477435616
"self-seeking",-0.0936780169771976,0.0552125377985113,0.774025334254715,0.0455769902748243,-0.0865270209075565
"selfless",-0.159826980306586,-0.0840861344801881,-0.464762001029676,-0.0526837977787638,0.0446923587331186
"sensitive",-0.284089000131838,-0.36158108452638,-0.0679826560165142,0.0503739728643054,-0.122534586378621
"sensual",-0.0148029807994593,0.0157042548850218,-0.087410974822512,0.251621601784304,-0.130962277539621
"sentimental",-0.262498260707131,-0.357364979527145,0.0464237199884371,0.0153370923539367,0.137034202465194
"serious",0.114959553322417,-0.00618878910498575,-0.0317809303332056,-0.246741519853423,-0.0872069483154022
"sexy",-0.0976408470324787,0.203953423906295,-0.0546528393148985,0.212591583641469,-0.115251434552186
"shrewd",0.16912698124019,0.0971930815437824,0.207728201316183,-0.107864150170072,-0.187787115832673
"silent",0.544879124832251,-0.404009417156277,-0.00304323245974648,-0.0659045842052742,0.0018214216980066
"sincere",-0.085569712343884,0.00376402842483128,-0.518398339650249,-0.0488470009903272,0.055681552797989
"skeptical",0.367795858418917,-0.102175669800629,0.0705924333742804,-0.124410575316559,-0.00777705767809726
"sluggish",0.0405628053548056,-0.0743575452337212,-0.0764313679923467,0.113804878141845,0.00737446821097012
"sly",0.01752647347416,-0.142849649324307,0.87380672829269,0.062850525198732,-0.0421049741589064
"smart",0.0950961975035093,0.0036976868802061,0.00542802632691092,0.00537482683134817,-0.144298566551381
"smug",-0.0078845086234773,0.132415928709812,0.552044234179754,-0.0765194085002673,-0.0722116310846318
"snobbish",0.127800190210104,0.125819015784105,0.0153967503858245,-0.0527489383876899,-0.0902832162977966
"sociable",-0.682508319126329,0.208322718849552,0.0603668796294595,0.136557822254887,0.0557269559188113
"social",-0.674510630754388,0.210354751512647,0.0732268281234031,0.0967554267055266,-0.0153547834454159
"somber",0.334588411085536,-0.174025124564069,0.00863249805311189,-0.102570208830021,-0.0227742613008009
"sophisticated",0.0255478623159206,0.0913793357830234,0.0216819974927854,-0.0458604358696286,-0.543558074901885
"spirited",-0.291530597634414,0.263261184854212,-0.0328605510117288,0.219067856312282,0.0340033330933693
"spontaneous",-0.107516908838734,0.169264653964033,-0.085972380503006,0.581832745726577,-0.0854527012439519
"stern",0.253524354249559,0.340868500401061,-0.078812308167803,-0.384053493886788,0.0965008094864291
"stingy",0.0471895217319195,-0.0872024129991408,0.190358285346525,0.00817718983656721,0.102306975740433
"straightforward",-0.0446799695199595,0.22499682486141,-0.650312633523752,-0.0438835194863068,0.12553893349033
"strict",0.0478993158792445,0.262096590772805,-0.0704474551889609,-0.494241712005994,0.0541241537115072
"stubborn",0.144390006272039,0.298092348947049,-0.0257289930464914,-0.158988439807074,0.20065735491248
"subjective",-0.0768051121856534,-0.192805023864384,0.325543647287977,0.262308788287932,-0.018935153385427
"submissive",-0.0400945018861144,-0.222144623352346,-0.0116043271831263,-0.00483570719133406,0.0401212534772166
"suggestible",-0.147863188212633,-0.0733564076900389,-0.00543655561040524,0.127207782010747,0.00948907169974762
"superstitious",0.0154357586167094,-0.0658642283598088,-0.0229053948796149,0.0207541496805881,0.0723914171736832
"surly",0.345410641434773,0.155592739300055,-0.125132117372905,-0.0103933340289653,0.122389172166204
"suspicious",0.126549911897715,-0.159285593610099,0.674379526572993,-0.00823638487753185,0.0769282403456507
"tactful",-0.304270576377671,-0.240653433965834,0.0423109382715744,-0.0704328890284798,-0.242968296330449
"tactless",0.241423183468608,0.287897289028546,-0.0877675416236554,0.0674033662019718,0.179093665199486
"tenacious",0.0265424430928061,0.16327447834978,0.0118410844931019,-0.0598005141508989,-0.012598551391279
"thoughtful",-0.0716823790660555,-0.135280214100742,-0.0272693858782022,-0.0848935702673476,-0.0879800610811952
"thoughtless",-0.0184893657193955,0.033969106019564,0.139337511473753,0.177043929339115,0.125700611908229
"thrifty",0.0478112436977687,-0.22183830671815,-0.0384057841450016,-0.237367374622508,0.05308791672473
"tolerant",-0.23403112092142,-0.392735178060225,0.129848162452095,0.138463690756132,-0.0549968143921849
"tough",0.000317441794364257,0.37244148862826,-0.0610830611468703,-0.0742709975658484,0.138916498348846
"traditional",-0.0879904038203658,-0.141681913385042,0.120389953060495,-0.505338514747379,0.351972140347437
"transparent",-0.2602927153518,0.156861711449541,-0.60218690557603,-0.028002741089724,-0.0542694563499911
"truthful",0.0132998229167456,0.0678867577765435,-0.536738680234951,-0.0505719939416414,-0.0230854737138545
"unaffectionate",0.577621328245669,0.03500416648839,0.0689919969217927,0.0193073183633056,-0.0932884722915798
"unaggressive",0.046458641003062,-0.581677705243424,-0.039031865546921,0.0365102906440966,0.0604145440835906
"unambitious",-0.015046762000418,-0.20686110011632,0.02882602958998,-0.0100329048563502,0.162939070152575
"unassuming",0.0864671471323578,-0.628954160776117,-0.178089902056082,-0.0130317682363849,0.195248177190538
"uncommunicative",0.691443185943718,-0.226181353915188,-0.0884355133714832,0.100378118705771,-0.0569165661802583
"uncompetitive",-0.0155661877442454,-0.538388763499426,-0.0810285863056927,0.00629019509767766,0.177858664596895
"unconventional",0.22030711278489,-0.0275300846157062,0.0477591810294799,0.59168981623854,-0.261011755466588
"uncouth",0.0963479954316082,0.0079951593941514,-0.0781216336177889,0.056111314074087,0.0487434959136681
"underhanded",-0.136633234451225,-0.111274872109619,0.835548106592576,-0.0414240664539574,-0.0366524854591335
"understanding",-0.35920266308194,-0.202831169230051,0.01434368382709,0.0271532393782247,-0.0352791867027748
"unforgiving",0.228972324012594,0.437699133515449,0.0111607435636799,-0.215625929366236,0.0513176979536664
"unfriendly",0.477368367925866,0.0576277244096298,-0.104456718257621,-0.027704256780278,-0.0161960341545228
"ungracious",0.289383243960144,0.14949374916016,0.0355202900353113,-0.0318952597440235,0.0263298961904419
"uninhibited",-0.210695170980098,0.321717007501257,0.0269760899077012,0.52622965481539,-0.003372060053897
"unobservant",0.0238250479614752,-0.0543394480192412,-0.0515487756853211,0.133834560790309,0.0357945073737492
"unpredictable",0.0927215496234122,0.12202721897601,0.119113286945985,0.582983353091073,-0.0628406403576808
"unreliable",0.0342221479073527,-0.122727268964685,0.160921004176575,0.309537459336011,0.0364150896690951
"unruly",0.0694074069974918,0.153509679196978,-0.108828070312288,0.314623366749934,0.131799866728151
"unscrupulous",-0.165338573556682,-0.0837071623464385,0.824575851266878,-0.0440194748183755,-0.0115864567016946
"unselfish",-0.141368357836225,-0.0762783303093977,-0.476172553671662,-0.0458647643957332,0.0355665201797372
"unsociable",0.709123907691471,-0.17937843899516,-0.095821114832616,0.0526929328737822,-0.0617113116284213
"unstable",0.0242051780578958,0.0091187004782589,-0.060479127328003,0.10379312025059,0.0540375462223806
"vague",0.240400687091825,-0.19418852551156,-0.0216936903797631,0.249427516428106,-0.0745436202872614
"vain",-0.0453325420566183,0.0691696370680098,0.203767079743977,0.0422303142816723,-0.0801951906185203
"versatile",0.00746172024845383,0.0550565195937723,0.0369890392825759,0.172313740830727,-0.173020102572192
"vindictive",-0.00683837809995554,0.0223201179862845,0.314581268735463,-0.0768125594659702,-0.02004712187464
"vivacious",-0.409146882571721,0.193365597450151,-0.083228133425927,0.325747670406897,-0.17061930232334
"volatile",0.0301163527464144,0.242414458460288,-0.100750999466398,0.1555283879535,0.0763870032238989
"wary",0.269842074527982,-0.240791248194701,0.183529830870395,-0.231999036122665,0.110076079790711
"wasteful",-0.0201552582457529,-0.00374012508813683,0.012503962036614,0.125690801823024,0.060079998025953
"weariless",-0.0555531657240518,0.0129233305129352,0.0696596987550625,-0.239280534005674,0.101481098563548
"wise",0.0388202591763245,-0.0405166966583538,0.00632315135866545,-0.0710914724845673,-0.0693274478631693
"wishy-washy",-0.0145420762275469,-0.0713229778878753,-0.0457605280258502,0.0546288683353675,-0.0232755926952769
"witty",-0.103144615153654,0.0470075992345162,0.104645972950784,0.17556932919263,-0.250520881216618
"wordy",-0.0938236405047295,-0.0477436098531139,0.128115265779219,-0.00894906635529407,-0.176098238151465
"worldly",-0.0365534827499298,0.208161383221998,0.076102370479143,0.14611395799382,-0.33159683744119
"zealous",-0.0099796462740726,0.215514291441501,-0.0306961940304608,0.0684840844298674,-0.0783992185289069
"abrasive",0.253312904506651,0.512884046630231,-0.0830446485347132,-0.123802186337514,0.0161894047448079
"abstinent",0.0800914525617291,-0.148241336793204,-0.0726880728641075,-0.182850570068608,0.080631893291804
"abstract",0.274683444262665,-0.17381633013732,-0.0479134376682128,0.406357455253222,-0.445388498642045
"acceptant",-0.303259049419825,-0.211560039103038,0.0650421868977708,0.142420927503599,-0.0834685427489021
"accessible",-0.630888734372318,0.04842185350784,0.0216170197045702,-0.0622758686574165,0.114171239707098
"accomplished",0.0746841245692086,0.0699285668637849,-0.0314759730496852,-0.0422568905622157,-0.145349784241463
"accurate",0.0467329913121572,0.00561671507098427,-0.0140046203626593,-0.192067937559729,-0.0117603177911575
"acid",0.146520442831673,0.279129121738943,0.0214272295860944,-0.0381226685051529,-0.085741120299974
"acquiescent",-0.189030731414033,-0.447795548162605,0.113062618535814,-0.0443734737155527,0.0913363360004893
"acquisitive",0.0411468302284452,0.0726786962195229,0.553687862474097,0.00272485938019578,0.021644044519896
"adaptive",0.0028586694476939,0.0480086873280592,0.0584509362296533,0.162432774523188,-0.262353975688828
"adjustable",-0.118558378860831,-0.0453993010837116,0.112838531344862,0.171732150032416,-0.200603925983839
"affable",-0.591435189436876,-0.0850824543269455,0.103069443020664,0.0897776564910395,0.14092095479126
"affected",-0.0720110715969972,-0.0358528115609641,0.277398292631156,-0.00344290760766648,-0.0702487082300277
"affirmative",-0.20460283372946,0.0919015558177274,-0.0137944805506344,-0.0623982126748793,-0.0266297260720627
"agitable",-0.0483011495821307,0.255177405245255,-0.207805415888521,0.190801909055401,0.0753031628139572
"agitative",-0.0463199025946277,0.446711021277864,-0.0517592433743115,0.101971858583008,-0.040389360152974
"aimful",0.0106192348462651,0.106177206506541,-0.0187162876103013,-0.148599402152105,-0.0449262089043458
"alarmable",-0.0963974938413072,-0.0592368493613118,-0.0871806732201559,0.0455130265877136,-0.0315215993893965
"amicable",-0.577409439827489,-0.107680851080093,-0.00793068154654707,0.0352743536577613,0.0670621799964109
"amorous",-0.0568321503689324,0.0270217927615315,-0.0684300652204281,0.126492353147027,-0.0324634394615654
"angelic",-0.354734055376457,-0.172024125714708,-0.111698171027102,-0.064959363549103,-0.00175812690138296
"anticipative",-0.0674980948530202,0.112455908149643,0.010913538188387,-0.0264686839516622,-0.22947039776114
"antisocial",0.630274737631895,-0.183260462495018,-0.0292010588679407,0.0910095369579187,-0.0644561965160846
"appreciative",-0.121824648096318,-0.123028614810191,-0.003929543384063,0.0462116367840443,-0.00906122242286632
"approachable",-0.620426335641017,-0.0795396437238712,0.0117088187043516,0.0561297407563041,0.121179436674794
"arbitrary",0.0675781089103282,-0.065944203036557,0.0649227279918013,0.18574139109917,0.0058436584163136
"arbitrative",-0.118534375063829,0.126338542562274,0.196370839616505,-0.332013782756918,-0.217880997666626
"aristocratic",0.00921700840246636,0.108487292130571,0.0451237505475003,-0.046746257160655,-0.155959562500223
"arrogant",0.176336505960061,0.343012472817508,0.0683160697083186,-0.0503350533082058,-0.0805945763082404
"ascendant",-0.0639872067810507,0.422892566536231,-0.0740620214439187,0.12699530783566,-0.376717620461532
"asocial",0.68897904247996,-0.230491364658646,-0.0576502844377328,0.0785446900339424,-0.0932436449462105
"astute",0.0653306615617343,0.011220945164849,0.0894963830306029,-0.140752719872219,-0.14566432745063
"audacious",-0.0863753610456637,0.437454767697625,0.151498005517095,0.420424817668209,-0.119114286955676
"austere",0.414570138494716,0.0215174563373034,-0.119260156941862,-0.240818510553562,-0.0307000526798054
"authoritative",-0.0653236775788078,0.357016941562302,-0.0280324441760793,-0.28450816195822,-0.143650492205905
"autocratic",0.0702851385864995,0.36613178164478,0.127884319544931,-0.292935377172828,-0.0520104699912695
"aweless",0.172603702026675,0.0241182620662061,0.0802300143863016,0.122907567481874,0.148234573269724
"awkward",0.392579650373118,-0.271402207790067,-0.119321899270159,0.121799614186893,-0.0181077641939833
"balky",0.253322072742431,0.00230414577485571,-0.163170731219549,0.0160211141248733,0.230131201366584
"bendable",-0.280234273432658,-0.0229209578954815,0.193511904538267,0.22906464793936,-0.212713873556004
"beneficent",-0.309683639386216,-0.0624101120492908,-0.235102803673951,-0.0814964619762677,-0.0282055119964287
"biased",-0.0186384575079472,0.0436116419003013,0.458185665319502,-0.0637649090604724,0.137179079179167
"big-headed",0.0116819069019365,0.288455838607927,0.422159147180365,-0.0305727073629507,-0.0207585065193706
"big-hearted",-0.401901320560737,-0.124307218002997,-0.21799454496147,0.0644859142961525,0.116790297411991
"big-mouthed",-0.184305007898794,0.18913622252518,0.155442051750034,0.165178906800394,0.181194819306812
"blase",0.0997249359031293,-0.085883121262136,0.0123349054638582,0.0825649574510266,0.0193635807760005
"blasphemous",0.0234925628073466,0.00451024875616904,-0.0703784575151724,0.01729127734574,-0.00379420818455311
"blunt",0.227335243437793,0.349933970158852,-0.100116410399853,-0.0253082841213189,0.219308467271315
"blunt-witted",-0.00182843900719229,-0.015482408604078,-0.0541751308136983,0.00562620366376667,0.0680659859691066
"blustery",-0.00626847272594417,0.245074197119221,-0.0276453107976346,0.0776697998779541,0.177230787580108
"boastless",0.168072677377874,-0.313367952041292,-0.330413425922994,-0.0212406250649885,0.0624550574204467
"bookish",0.0140511852756148,-0.244393795385505,0.168671387001809,-0.279482430581829,-0.38746125478374
"boorish",0.148998337203168,0.0819400572851184,-0.111341469434009,0.0254158532075113,0.0988151533787668
"bountiful",-0.418193826658152,-0.00991490274593512,0.0285695423563733,-0.0438495524048582,0.0114052543643232
"boyish",0.0259964601879458,-0.0263021648917261,-0.00599666968926237,0.25337111288342,0.055209698500117
"brainy",0.161423472344685,-0.00457811196341216,0.012267557244065,-0.093783781076859,-0.407111126329196
"brash",-0.0106361675100342,0.396688982878557,-0.114754002882597,0.24079899735321,0.10897357925132
"brawlsome",0.026872028282701,0.0935075423254412,-0.112081385580006,0.0430977975169365,0.0808490235851028
"brazen",-0.0448900305397825,0.355499534482916,0.396184149171486,0.314802540011294,0.0523698022423513
"breezy",-0.35784896730085,-0.039741835312851,0.106705544351593,0.389449857259812,0.0786630903686784
"brisk",-0.135525935906921,0.448095284315354,0.000971657362069998,-0.0907067016093384,-0.01153540339966
"bristly",0.277911313052606,0.22892659319253,-0.12773649163749,-0.00969130795382984,0.0942030674026247
"broad-minded",-0.180967743029011,-0.0303440126270428,0.05260839317644,0.262007179499841,-0.223351662083447
"broad-spoken",-0.264679144171617,0.30010269681679,0.159526757501865,0.1298015231279,0.399724123571256
"broody",0.342159852536246,-0.287149087056441,0.0300042393777458,0.122633687987476,-0.0820040373563767
"brusque",0.507746952015083,0.451866184773846,-0.243963361109961,-0.0628085277405911,0.0695096449022967
"brutal",0.076683714885353,0.248783500942261,-0.064508563300773,0.00307900660398032,-0.0115459935026898
"bubbly",-0.404164834110825,0.0141879465938004,0.0132398974676906,0.234081564630753,-0.00926205773015439
"bullish",-0.101220700596822,0.630756983886394,0.0539124215387287,0.0249083677382144,0.0678516892612118
"bullying",-0.00304436091567444,0.0908142547668548,0.121248219269743,-0.0825934581683822,-0.00656808419706631
"buoyant",-0.46043599365132,0.173977398536226,0.0374480342417316,0.305264902231679,0.0257914690415966
"businesslike",-0.0183912917937199,0.223328878181623,0.148942281065131,-0.408387691598076,-0.14635630424804
"busyish",-0.0156711917159583,0.061689503784796,-0.0221065327208097,0.0147253932445729,-0.062843369023566
"cagey",0.211279387635527,-0.265391257982803,0.739466855754912,-0.0665334963162548,-0.0432468617839059
"calculable",0.0997943406043344,0.0547749841416678,0.106052195347358,-0.4300173837896,-0.0395112268285792
"calculating",0.230879783484286,0.110786542621114,0.379606397245312,-0.220629299250401,-0.223180290407479
"calm",0.0146191677607033,-0.317954012058623,0.140280270983973,-0.125163756577582,0.0178622954716698
"canny",0.0403074252497898,-0.0448003282326254,0.095807694116681,-0.09959703652404,-0.0927774835024435
"cantankerous",0.271635056476519,0.230551231846438,-0.172852077121438,-0.135683439881618,0.274056813248822
"capable",0.0186989395486727,0.0265186019117776,-0.0238407496786329,-0.011036937102273,-0.022069923307551
"capricious",-0.0227779706215268,0.0192733573507048,0.146244986506853,0.361018249127992,-0.0280850249219708
"careworn",0.0429530443259926,-0.212574590506474,0.138011504922887,-0.302513539277011,0.22881438653118
"catty",-0.0828101796785736,-0.0376480247132384,0.16267650980702,-0.0718749440471832,-0.00994321744126237
"caustic",0.246720162891419,0.404853651180836,0.0517510458820376,-0.146549623264676,-0.04665716599581
"cavalier",-0.0104263220806024,0.168004019470613,0.189982232988835,0.273870807722686,0.0540221456338586
"censorial",0.107474771067247,0.21762555482384,-0.0530846118454922,-0.388836316664424,-0.0776692409032805
"cerebral",0.284211481150398,-0.0978714621697144,0.0527643322727089,-0.0970472160598581,-0.44825284608775
"ceremonious",-0.152548897846272,0.0316369210481266,0.0934923439421615,-0.233481489572902,-0.140118367128769
"certain",-0.041620288418728,0.136765532727086,0.0308731250986165,-0.212433159892714,0.0509789099735495
"changeable",-0.0217635669218419,0.104011754740062,0.108143485646895,0.52794873308681,-0.181169548618823
"changeless",0.105376214489941,-0.29850419049559,0.160706950104631,-0.397835435980592,0.443282145302139
"chaste",-0.0135878721919914,-0.157343280291316,0.024859833504167,-0.0310686669210166,0.126388408045489
"chatty",-0.556986935483012,0.102819690427882,0.165078364226427,0.205678493728754,0.047335436394555
"cherubic",-0.162544109847998,-0.106044196260978,-0.0374821156597991,0.00572232706046378,0.00705761146093531
"chic",-0.179330144647306,0.124738338623163,-0.0674490020321481,0.192698558891209,-0.397210965702125
"childish",-0.00854679969965773,-0.029163195676408,-0.0537190480649931,0.111359631438515,0.0104883184991169
"childlike",-0.0707094032077491,-0.137332954253518,-0.0656720940509463,0.165359539424473,0.00702458712687173
"chipper",-0.560152477378202,-0.0580698838849508,0.0513896631718012,0.154635833157171,0.197799440034686
"chitchatty",-0.564367384373002,-0.00345713340871765,0.249305003764937,0.218092604518468,0.107480630214251
"chivalrous",-0.189912600103299,-0.0409517894735356,-0.160676381929,-0.0825109945461867,0.142353262951093
"choosy",0.101481882889133,0.0215513317514362,0.0111702910297104,-0.027120177503182,-0.128457935944012
"circumspect",0.13586763917992,-0.292308083400362,0.107418543116657,-0.419091563392609,-0.0721785155243611
"civil",-0.149506610514411,-0.133864817965793,0.00561249557176009,-0.0499975208368718,-0.0178787192030301
"civilized",-0.107328178611083,-0.0611001877127879,-0.0216975187574046,-0.105147468122098,-0.0624529804368834
"clairvoyant",0.0021469901850392,0.00051048929126336,-0.0145475587362414,-0.0214809669454135,-0.0429237551118565
"clannish",0.190477607050521,-0.150884436251664,0.0525500138064137,0.0283898008489911,0.152657416210224
"clear-cut",-0.0992563595523079,0.206499953088711,-0.0577611710999787,-0.307825254099068,0.0147444788410014
"clear-sighted",0.0272244508663465,0.0408478745622913,-0.00793801895129033,-0.0774504112266964,-0.0537894399801431
"clear-thinking",0.0362889715431999,0.00900835936922465,-0.0122741673181122,-0.155695013861112,-0.0692153905319624
"clearheaded",-0.0276364756998523,0.000772985121683947,0.0175436502894694,-0.27316018095018,-0.0548327471532064
"clingy",-0.0844918346296586,-0.030537653218237,-0.0526974874393428,-0.0385664340667688,0.0216885393444417
"cliquish",0.228558808787004,-0.0702787020765726,0.1265431989239,0.0847820736687254,-0.0678240390650025
"close-fisted",0.203336288020663,-0.121361504648343,0.201136033339912,-0.0205653198979307,0.0982751723517853
"close-mouthed",0.600097539537071,-0.246828402427354,0.039910031004811,-0.159167630788005,0.0813402614545467
"closed-minded",0.0873212272667135,0.0168550622128419,-0.0885240470049731,-0.179475445960111,0.303029430937458
"clownish",-0.0416688386610761,-0.0166453098049886,-0.0291750753315635,0.0617672401428737,0.0715364719325433
"clumsy",0.0190276420295187,-0.0742191750976752,-0.106929241000072,0.154035840194377,0.00758139617930968
"cocky",0.0242014487736975,0.348618484912116,0.180784143075588,0.179524437676815,-0.00271310097728222
"coercive",-0.148587765918112,0.201440388152822,0.576782539413873,-0.188246620293872,-0.0748080012983951
"coherent",-0.0618418746293573,0.0126471146386742,0.0154174537167538,-0.153367715813286,-0.0429308654454235
"cold-hearted",0.0915289461967402,0.0688238961402014,0.241443131095848,-0.0375222679244781,-0.0367707022983119
"companionable",-0.617752826083312,0.00519430179387981,0.0254902824362766,0.0481815847668428,0.104072792423602
"compassionless",0.221119863920404,0.115580487193637,0.263985939926438,-0.00926142030111139,-0.0531635685384248
"competitory",0.0321023108497309,0.58623507857222,0.0846652336677017,0.0251026589072131,-0.19906655477258
"complacent",-0.0413555427418985,-0.179136252723006,0.146936854411835,0.0619112510542033,0.18322910900786
"complaining",0.0766804901353225,0.172667630746719,-0.140113391838013,-0.0512795860439936,0.0390215726471546
"complaisant",-0.41724861892624,-0.422938342182995,0.321518455746613,-0.0327053049725547,0.175367859648809
"complicated",0.23980441871039,0.00986409320686464,0.202583333997245,0.105262415786152,-0.271846976170326
"complimentary",-0.572270392960137,-0.0894252758149505,0.118755752084785,0.0720080675229874,0.0770632826839829
"comradely",-0.545700283520753,0.00394703875470541,-0.034827749212831,0.0462712304054814,0.170831926289557
"conceitless",-0.00347793011731763,-0.264490692136216,-0.464697626084526,0.0505748778759138,0.0481360529582973
"conciliatory",-0.414053450566278,-0.33789368248664,0.0642166456898582,0.00981147541620267,-0.135443901090591
"confusable",0.037435585467664,-0.171085539324157,-0.0271102690938791,0.282746825470944,-0.027100560432989
"confused",0.00990174535467886,-0.176454528680608,-0.0922377841984178,0.233926110752276,0.0305957178027519
"congenial",-0.631403888422855,-0.103770558543779,0.081611334531637,0.102979959004788,0.119772617399353
"conscienceless",-0.0495721868373725,-0.0288190242618389,0.454229242792606,0.00369379229918548,0.0260820219186699
"consolatory",-0.546389632737902,-0.254633351912842,0.0492237253921139,-0.0906296485258184,0.0426106384448926
"constant",-0.092494953185327,-0.0147683830140945,0.0312224702904357,-0.299889048032364,0.0901116283808158
"constrained",0.304144640931078,-0.281940833196913,-0.0425488631108548,-0.258406330892972,0.0918148823281513
"constructive",-0.10547437444864,-0.0282991626199187,-0.0517798057683904,-0.0621691679897102,-0.0738321243174982
"contented",-0.101303614239828,-0.162600197853175,0.0138652853437311,-0.00813955690137921,0.115890047390154
"contradictious",0.158131833427367,0.158935308545338,0.239043743322571,-0.0098685869342009,0.152971044066476
"contradictory",0.1031798603448,-0.0311131758119434,0.543674020962915,0.128981354744476,0.0685455562196093
"contrary",0.225239941234311,0.109137437296781,0.146197998410097,-0.0286750794503754,0.156292988898898
"contrary-minded",0.312598792694961,0.156890778899437,0.0991788619081026,-0.0349254185331241,0.139577159902626
"conversational",-0.581946962729237,0.146131469558798,0.130046282919311,0.088507306054868,0.0135388651544366
"cool",-0.0311611159505725,0.203167094988395,-0.0167415396917637,0.357739708039246,-0.108327879747749
"cool-headed",0.0505715667558386,-0.248333046373266,0.162592141107464,-0.191926616100553,-0.0229374417791351
"corrective",-0.0240050109509026,0.0212134390213085,-0.0198515546110055,-0.294433772559996,-0.138206368749497
"cosmopolitan",-0.161256135187923,0.249071405865344,-0.0351356021302831,0.200471378340502,-0.47780583178814
"counselable",-0.397876973730348,-0.124772137755369,-0.0519194501480402,0.0155289914657203,-0.0941111008981328
"courtly",-0.144181270203431,0.0688847167574649,0.149595523991673,-0.152119588296771,-0.193921713393531
"covetous",-0.135964729998067,0.0121392362543143,0.664307279152389,0.0106836097326447,-0.000267220699695406
"coy",0.0909739866727125,-0.375906291336718,0.415160738925473,0.0885143497560801,-0.0969171903119721
"credulous",-0.144195288470449,-0.106559863059201,0.10794080898213,0.122593445572413,0.122452129356415
"crotchety",0.245490024653161,0.0699765789057188,-0.15801578979479,-0.161520907933417,0.31993074463602
"crusading",-0.118907837328113,0.300213034705667,-0.182342728562491,-0.0916007719104323,-0.204342070931444
"cultivated",-0.02217717362013,-0.0303421344036591,0.00472607451684434,-0.123692431494566,-0.218177822652714
"curt",0.54453378587713,0.303195803631834,-0.142319145480824,-0.0890974824889873,0.0065257689223651
"dainty",-0.128442631604714,-0.0837154647616383,-0.0620076342897776,0.0123823924274036,-0.0743914131789269
"dapper",-0.106617248235118,0.129220856840017,0.136699595366135,0.0170908888212187,-0.215697916206845
"dauntless",-0.0230957160350268,0.372374754160223,-0.0904871427994917,0.0878418307713416,0.00790098537849776
"debonair",-0.194404570983641,0.16415012862557,0.156425757808249,0.0912549538839514,-0.20994760784415
"deceivable",-0.0589529200104891,-0.0990757178943973,0.0871151506033836,0.134701836422908,0.0933336366186204
"deceptive",-0.0581096533365646,-0.155649372041715,0.880939727765998,0.00678750348626947,-0.0174950478163978
"dedicated",0.000747509333294146,-0.00101881201453889,-0.0376456678573922,-0.0798546703875904,0.00518062186221513
"defiant",0.11828500072599,0.362484856120106,0.030348034059896,0.142199198983791,0.142755897724862
"definite",-0.0525287454460838,0.140684028816807,-0.0128686942921727,-0.29514726478087,0.0593607029177926
"deliberative",0.097950672121522,-0.0998468748185193,0.0809755486063321,-0.371372050152543,-0.084784262536054
"democratic",-0.186223606462419,-0.026846520822782,-0.0629889433815722,0.0283908354034182,-0.0298266039951474
"demure",-0.0037590176550921,-0.419351863501799,0.0184886034117845,-0.0630533933206117,-0.0553681216221846
"derisive",0.14480567583121,0.204282584614041,0.0153352094328026,-0.0372188238451887,0.00864112628289774
"derogatory",0.00834829478676301,0.0431212227284018,0.0380582838208161,-0.0252822497560529,0.0308965437390031
"designful",0.253312920108464,0.107500282195553,0.0590495724013172,0.0806062297281767,-0.365145437290749
"despondent",0.0795695412607341,-0.0931315812841392,-0.0481900786206479,0.0247216763352401,0.028568041821813
"destructive",0.0221752825838727,0.0303568370531069,-0.0452694851463052,0.0129020906569004,0.0276354076187186
"determined",0.0295237897882453,0.146356995159728,-0.0405278082795435,-0.050381338863686,-0.0155368901326311
"devil-may-care",0.0399152779819728,0.17525565202165,0.0131667815933112,0.554427834122132,0.107372406482896
"devilish",-0.0550651113824714,0.0549996399848709,0.638533545009717,0.0753490110340315,-0.0182967760240824
"devout",-0.192602983698797,-0.0324255641081805,-0.150018910268885,-0.199818248932133,0.0471052629280952
"dictatorial",0.0653986863951394,0.344306687044331,0.0300419271709219,-0.228384010439207,-0.0403447120698039
"digressive",0.110253269848452,-0.136190008429835,0.0687177937996642,0.378731984259787,-0.0239766802941851
"diligent",-0.0232203497414389,0.00356801902620227,0.0056468968613353,-0.251447159848573,0.0148611089485481
"discerning",0.0907023257512956,-0.00640090298223523,0.0247263973807555,-0.117320180231448,-0.147429801365032
"discourageable",-0.00801828837719012,-0.150201230848653,-0.10288404248948,0.120827772838952,-0.0333762606737438
"discourteous",0.191727496612607,0.156886424937051,-0.0288284370823106,0.013828634033701,0.0317714835373771
"discriminative",0.325955353467653,0.0966765510328749,0.187157039436566,-0.151003010636383,-0.122373531296197
"disdainful",0.244435736640917,0.182552305269276,0.0668717052739184,-0.0799712530101553,-0.0193170497454406
"disguiseless",-0.109598969909588,0.13720127023129,-0.551515434929677,0.0262736514669287,0.278676598557763
"disobliging",0.261187683252735,0.161714898806275,0.0924574089371193,-0.0177106551396945,0.0558397434555099
"dispassionate",0.392862944029726,-0.117932919910427,0.023932163714244,-0.200132852292321,-0.0634574333364764
"disregardful",0.261660208185975,0.127549796787266,0.253928403427227,0.347123483007905,0.0825464549035091
"disruptive",0.099271907906145,0.332709184750448,-0.0305104688579763,0.328431909529942,-0.105746571752101
"dissatisfied",0.192057999679159,0.103474528183913,-0.134711369248636,-0.0382434792194812,-0.000474382174369522
"dissensualized",0.0304572371684712,-0.00338068904542539,-0.0386952337164451,-0.00296048827596086,0.00865179905278934
"dissocial",0.678357450983755,-0.166925870681033,0.0413585028449452,0.095565976647349,-0.103355323396751
"distant",0.779515156855423,-0.154378781256814,0.0325438166999834,0.073053240709103,-0.15220098919341
"distractible",0.000181095071165792,-0.151207006142075,-0.0720107690214753,0.541083283714041,-0.0282351683139676
"divertible",-0.103275549347003,-0.0268471480300647,0.158462791984309,0.311530731324362,0.0438816063159694
"doctrinaire",0.0757963203622268,0.142968399616344,-0.069223139392046,-0.296319199584332,-0.0336034124459118
"dogged",0.0170095162962791,0.0894416009113716,0.0157306554593774,-0.151591193698737,0.0620288013840694
"doleful",0.073604668750549,-0.131473168917192,-0.0211705766967693,0.00654236000795857,0.0453000658436392
"double-faced",-0.147685630923549,-0.140668118712543,0.839720477314022,-0.0407588308255822,-0.0468093428862812
"double-tongued",-0.158226921209446,-0.119937973874703,0.83315433633938,-0.0461071705437678,-0.0481589091994502
"dreamy",-0.0636474725484528,-0.10112489346808,-0.0642276613940672,0.391409912219108,-0.183243051901359
"dull-witted",0.000248792784151122,-0.00862078803871722,-0.0626299963392588,-0.00549469610562955,0.00557146353274496
"durable",-0.0118216479577544,0.049135161671695,-0.0229030705389289,-0.0405338596671538,0.103600044382575
"dutiful",-0.124478117767412,-0.0322529944569047,-0.0488229396571928,-0.312832727425677,0.0792031877463281
"dynamic",-0.0957550083537253,0.387906393398392,-0.0609253349811546,0.305601266023665,-0.301011866046527
"eager",-0.113768842738393,0.205096353857339,-0.0353013908822258,0.0857178638684986,-0.081177707809892
"eagle-eyed",0.111529672669835,0.0871903324484528,0.0501205181089919,-0.18674025720026,0.00748477718877279
"earthly-minded",-0.194609304877097,-0.229192699478954,0.0747382881327566,-0.235376354746656,0.306069122912096
"earthly-wise",-0.055780098101169,-0.0197939956741132,0.0335580435833325,-0.0722078604435547,0.0489066034929431
"easeless",0.207858818310419,-0.105946852010535,-0.118165503084209,0.155192905711517,0.0156843077589008
"educable",-0.00964972573670537,-0.0408396872730366,-0.00639522993293429,0.10924995771228,-0.220674911596207
"educated",0.0584889834080037,0.0158164599132785,-0.0709957169181482,-0.0384058445699741,-0.226921305423782
"effeminate",-0.00467812766691363,-0.0549935322853916,-0.056923011104568,0.0238120063550867,-0.0270457384377774
"effervescent",-0.463819080427839,0.203976180607619,0.0456177248479369,0.329229322157737,-0.0896191356968179
"elegant",-0.186729282199241,0.0186765269712213,0.0369121519623891,-0.0532778294076805,-0.367139407215184
"elfish",0.0210395771834293,-0.0190116260326452,-0.0718616153922066,0.00471826801438252,-0.00986857234859902
"elusive",0.520827109542501,-0.289036150717774,0.384546513317067,0.254677380399007,-0.280346415321015
"embittered",0.102403195246797,0.0284236225301185,0.0373817015239563,-0.0111827369270203,0.0503801452742129
"emotionless",0.287812785846207,-0.0331726473097332,-0.011705084990309,-0.0542595939651087,-0.035173466195742
"emphatic",-0.260514237093637,0.201477829682421,0.0339424293145852,-0.0380050702532424,-0.00119445277257397
"encyclopedic",0.221304754143998,-0.0838872264658979,0.12470341957625,-0.241223367682683,-0.266677516732989
"enlightened",0.0233669030073735,-0.0710868803976845,0.00989603225826116,-0.0439137504837283,-0.280585488570053
"equalitarian",-0.156275085902256,-0.13777687420476,-0.256514406865512,0.0448671330791174,-0.0527831023420833
"evangelistic",-0.242605473543568,0.262308833950566,-0.0319090779120635,0.015544918989927,-0.153016435097766
"evasive",0.211334556546951,-0.291868454181233,0.770976561739781,0.169181505879184,-0.0789614006417787
"exact",0.048236824967835,0.0262756473152577,-0.0277519301479467,-0.371184041702233,-1.77713864509379e-05
"exaggerative",-0.233946849720342,0.177386701561948,0.349107967777054,0.121120657823349,-0.0400078374372703
"excessive",-0.108586597368925,0.3755734927828,-0.172410519350583,-0.0961784944356935,-0.0956445285071384
"exclusive",0.254889398437282,0.0988420555944544,0.122862485897145,0.14399971739226,-0.301433108609324
"exhaustible",-0.0585742624407405,-0.22810394321983,-0.030614334843336,0.0974503525082815,-0.0946655713657174
"exhaustive",0.0585112965751776,0.0102686319685316,0.0783105784716337,-0.295706515466117,-0.0796490346568918
"expansive",-0.201037059940987,0.291185923744666,0.0362677915672285,0.280787401167202,-0.235882117591466
"explicit",-0.12330137749683,0.393512317471472,-0.0921303254762919,-0.0456461277621203,-0.0843968368604425
"exploitative",-0.161179788662964,-0.044890933750906,0.756612105389479,-0.0589741284216566,-0.0347693317443879
"facetious",-0.0792251154409208,0.046403186276694,0.243454454040164,0.238984300704413,0.0259796029126185
"factious",-0.0419894699696772,0.0904599365764655,0.367004506020072,-0.0347450608806209,-0.0656612659528893
"faint-hearted",-0.028972883636332,-0.0775086315320355,-0.057685758506789,-0.0249383781472447,0.00116741613301807
"fair-minded",-0.0174201346649198,-0.136039742005987,-0.538574156343559,0.0532036548488069,-0.0751639538159996
"fair-natured",-0.22141654584911,-0.178612248315545,-0.425904131712062,0.0411872164516055,-0.00668035486386964
"faithful",-0.0476290491119537,0.0022008321807173,-0.330006045495801,-0.0952159151148093,0.0246247746729649
"false-hearted",-0.130823086036814,-0.0981916225099255,0.690765857478367,-0.0364480062361435,-0.0195200682217831
"fanatical",0.205169721759449,0.272788930325688,0.0414687580616832,0.11360091453964,-0.0441845925686493
"fanciful",-0.0514810250764708,-0.136590827014356,0.0475457259268985,0.405902849926771,-0.230457258748875
"fancy-free",-0.106310239668517,-0.0700892696758303,-0.0266823262342241,0.444107275836293,0.118499778992823
"farseeing",0.0269615138530436,0.0748010586313074,0.00713703873996494,-0.163859180763872,-0.276118929763915
"fastidious",0.0702435987563691,-0.0597871591396571,0.0686428497128963,-0.399240573511355,-0.172273452692447
"fatalistic",0.0921517179668357,-0.0756492640360407,0.0786843223032477,0.0026329410433695,0.109977482608013
"fatigueless",-0.034823389873939,0.0783671803871859,0.0589809513848396,-0.022941700392956,0.128799282400248
"fearless",0.0124578806770681,0.370214924414372,-0.0806341940145659,0.206880574226447,-0.0552287915166072
"feelingful",-0.4082398335632,-0.0820955599866688,-0.0172158169305949,0.144374379322791,0.0169077958699838
"feelingless",0.156905320683369,-0.00147679690371367,0.030469637197425,0.00405520886232704,-0.0219517683824352
"fervent",-0.0807097677255735,0.189435757862619,-0.0290890207301929,0.0729874544689951,-0.0642214884066492
"fickle",-0.0310414873306315,-0.015214253157662,0.0520605496040227,0.194389468066281,-0.0358185629140154
"fidgety",0.00581562809218348,0.0777900588968854,-0.124170949574777,0.355034642008483,-0.0472429906704245
"fierce",-0.0409114069995341,0.646449571312743,-0.139092185285037,0.163410896147717,-0.145068535913294
"fiery",-0.101648678993444,0.605774894310363,-0.165019928645212,0.305349915893685,-0.0412194806477209
"flatterable",-0.303843755192471,-0.0554818442476882,0.309136150830203,0.152912929472845,-0.00184479133691387
"flaunty",-0.086309028698644,0.0989599478160766,0.0126988582327753,0.107613769282836,-0.05799695550924
"flighty",0.0300766149205362,-0.0167826752792753,-0.0956228214847717,0.253705992752592,-0.0400733859819462
"flippant",0.028393254935504,0.0532858883037948,0.0261664204329795,0.237943965980223,0.0448558879576182
"fluttery",-0.129999031533152,-0.0802118013966979,-0.0954722978792495,0.134955924809788,-0.0811165279509752
"folksy",-0.269578738715718,-0.268771667249631,0.121522171930531,-0.0333954265902285,0.574916133137006
"foolish",-0.047126801313677,-0.00658238427610898,-0.0243040976297435,0.174402064543086,0.141907866723452
"footloose",-0.0224753462630169,0.103479055101385,-0.126620388814785,0.554046175209901,-0.0606581485252604
"forbearing",-0.163472436738135,-0.622266679744493,0.109291074499608,-0.0787957322331528,0.0223811120307809
"forceless",0.0212307801263845,-0.200878496921861,-0.0293146934422892,0.0099764625777704,0.0213145806953607
"forcible",-0.0535011088036288,0.606695452544602,-0.00826204222633106,-0.0742364934480322,0.021981230570053
"foresightless",0.00168272001491321,-0.073101838371864,-0.0213767401627961,0.362132465361154,0.162209015970696
"forethoughtful",-0.0236085760883913,-0.0453367213994081,0.0144247573076041,-0.338238311883826,-0.0946289507679015
"forgiving",-0.216075660576046,-0.401855955297295,-0.120121126012402,0.199261854393266,-0.0114726254667801
"forthright",-0.0937381210674974,0.293510912491161,-0.585550099355765,-0.067217966205049,0.0721427229162929
"forward",-0.316701375537277,0.57861122704521,0.0420100101473479,0.0520729549618398,-0.0852684261335366
"forward-looking",-0.0761572471175749,0.215283781704123,-0.0766551893608281,0.121719750479512,-0.418702835181763
"foul-mouthed",0.0385863906379132,0.0831680966486303,-0.108274393830449,0.0471416755195026,0.083525979696328
"foxy",-0.177419984825592,0.222996117253049,0.170430667550971,0.309172003660852,-0.167707455768118
"fraternal",-0.419994891769696,0.0562858810008379,-0.110279037996007,-0.0761399110824593,0.273679267955465
"fraudulent",-0.0570973157057094,-0.0622992922559026,0.475111744580495,0.0212564980424221,0.0445860973928437
"free-living",0.0516321611635575,0.0912732985041025,-0.0857554869284192,0.594397367767268,-0.0296040659015618
"free-minded",-0.0308368146921668,-0.012072680146185,0.00275401345557157,0.484904969883857,-0.21803786856746
"free-thinking",0.0706499780913235,-0.00937616945232334,0.024961683723807,0.273473098119356,-0.261908253412394
"fretless",0.0387752062879415,-0.0158026771699178,-0.03140401301598,0.0320372330656697,-0.00425092969796984
"frightenable",-0.0646220893339164,-0.131541150062987,-0.0901600571129902,0.0695692008368948,-0.0103636412424157
"frisky",-0.149911810861232,0.0800530655488569,-0.0453358772699517,0.291767736869689,0.0361699019371661
"frolicsome",-0.2872529913605,-0.00140940954490854,-0.0780246620368078,0.3178990816616,0.0111383403893377
"frugal",0.0995001351284425,-0.33271525379679,0.000911059763853663,-0.221235644256286,0.106344954062758
"fussy",0.027102453960688,-0.0674961250129551,0.0394624776125165,-0.332173684629002,-0.0299559200950352
"gabby",-0.537241487042353,0.149940550851891,0.211271652257208,0.229993006490044,0.0806594895588712
"gallant",-0.287672938800784,0.185419461160023,-0.0670469765770568,-0.0466664683810376,0.0300900208776827
"genteel",-0.306753680944042,-0.223254678905189,0.123096112926921,-0.265132467483334,-0.210368982657053
"gentle",-0.191945299783591,-0.525322293541844,-0.0087776907660509,0.0235060824024421,0.0922227468507264
"gentle-minded",-0.216560520969041,-0.574050757256799,-0.0553247743074596,0.00939467960153408,0.0739986343149341
"gentlemanlike",0.295727802337104,-0.00273477748913212,0.0481238406656773,-0.0119472937911312,0.241754726217193
"girlish",-0.122016690611953,-0.0258460117322245,-0.0945143978347814,0.0475996399538758,-0.0564340026670247
"giving",-0.370221923372797,-0.0746815854631118,-0.176126439658931,-0.0418961573565479,0.0357618566168023
"glib",-0.192041100400905,0.00537527550049402,0.704776628319144,0.0647340438445373,-0.0450234388199062
"gloomy",0.170009122331046,-0.0832834547313981,-0.0792946976040317,0.0183851945036716,0.00306325793681719
"gluttonous",-0.00760356935450648,0.0227340875625378,-0.0408869472286247,0.01826494379459,0.025072331901211
"god-fearing",-0.210731889301039,-0.0651875956728935,-0.111282249888203,-0.215285520480898,0.206090511530994
"godless",0.272756319616428,-0.060587702083233,0.0897497447485822,0.154142058535889,-0.109424759765577
"good-hearted",-0.175155967113815,-0.114869192268714,-0.310474174491159,0.0403024620882823,0.0854296679394449
"good-humored",-0.424758932015922,-0.164148581899928,0.129415211697855,0.160988606403959,0.141262812137135
"good-natured",-0.366979436736054,-0.263935147321502,-0.0211474985750674,0.130745794850775,0.12579972798815
"good-tempered",-0.336076964249921,-0.412025784001082,0.0992855370316618,0.129087760539983,0.111817150707659
"graceful",-0.259199407223688,-0.0673427567457088,-0.0323013740127238,0.0757162223583828,-0.214676119278905
"graceless",0.257950959026209,0.0083813175772152,-0.0922557816567278,0.0892276936138319,0.0879247568609927
"gracious",-0.452712618980772,-0.161071049764207,-0.00797670978979601,-0.0257702353174012,-0.0377281555502419
"great-hearted",-0.241152963032923,-0.0196064444967408,-0.207549437904657,0.00441551302475736,0.0412824317628796
"gruff",0.378998502663404,0.217580760154931,-0.0997985028671454,-0.0663384869847047,0.327411595481163
"grumbly",0.312129633140828,0.10746950188738,-0.196328415964547,-0.144543647020915,0.372942326340622
"guileless",-0.149399280105101,-0.199819495472705,-0.53054063330625,0.0392749112014916,0.193872463755224
"gushy",-0.281228822611508,-0.0404119740967188,0.00321092113216927,0.117497518421892,-0.000508998407330426
"gutless",0.00347172493605474,-0.0237752675712658,-0.0389601463868897,-0.00897252390496833,0.00523899083735738
"gutsy",-0.0838669371435923,0.455416987294385,-0.00722220091887382,0.218355749568403,0.0522633913660972
"hard-hearted",0.135965587791594,0.133787521271106,0.105920754998206,-0.0507464142987733,-0.0086405507460434
"hard-nosed",0.133076125408582,0.583656565138248,0.0980173528581958,-0.311055168721966,0.147763521291252
"hard-shelled",0.428165958109667,0.166326417442009,0.0853344827734838,-0.175703975614672,0.164025212469204
"hardened",0.233404782796924,0.342463031650865,0.123777697301987,-0.151512974547886,0.237419562624259
"hardheaded",0.177945969746804,0.414750645019559,0.055016886897862,-0.1581780258866,0.201973840163809
"hardworking",-0.0177866005241988,0.0330641195374182,-0.0227725496372565,-0.1314060912297,0.0163356996025336
"hasty",-0.0610261595440484,0.226195814724471,-0.123545026792775,0.463105603936177,0.0730746120264014
"haughty",0.126446843672518,0.204240182950224,0.0554563716991073,-0.0907684249631961,-0.0890703904378245
"headlong",-0.0167113542265629,0.336859974603591,-0.0535600525273352,0.475389662079427,-0.0382064345282757
"headstrong",0.0634375054708302,0.534509872632606,-0.0150451857806904,0.10963080335121,0.0306256821342612
"heartless",0.0463610469843836,0.041010097261904,0.196157927025683,-0.0119373365437915,-0.0254772648689792
"hectic",-0.257614068147475,0.561405598749176,-0.119028363931841,0.240467058461886,-0.237781166322275
"heedful",-0.0595409850832911,-0.0692797298482214,0.0451027505810365,-0.355657125257071,-0.0241574798822295
"heedless",0.109670219874151,-0.00945131516159112,-0.0105130879270885,0.483023744731462,0.0981469388949878
"heretical",0.0642700671412279,0.00950824484090164,-0.075923366273957,0.0507394002226613,-0.012167487903527
"hermitish",0.64534181601571,-0.429014767220285,-0.0286072536951914,0.0412633913820251,0.00297059951881329
"heroic",-0.170724653071855,0.189269982398527,-0.18383615689844,-0.0950697429187014,0.0186100435366914
"high-handed",0.0141011475158366,0.409765124602116,0.357992097130016,-0.290092976204015,-0.0639462374291214
"high-minded",0.00754611035656806,0.00678162407749814,-0.197576239674289,-0.118034339454227,-0.350481548421751
"high-principled",0.0741536258011372,0.0453690414734665,-0.650329579224397,-0.0884543898606431,-0.0255457660564922
"high-spirited",-0.438801478874673,0.256141156111853,-0.00110887730121424,0.327381285803471,0.0895712445343614
"highfalutin",0.0162145914396108,0.0718012386521371,0.0938864674162095,0.020321007279771,-0.0887286275361455
"hit-or-miss",0.0706348706151151,-0.0768664481261041,0.0395161619554389,0.568688485266375,0.0524877578714871
"hoggish",-0.00428418770667756,0.00966886402698381,-0.0331352280489859,-0.00154633132704451,0.00689149988820156
"homespun",-0.142238723522385,-0.386711928872672,0.0805411188312144,-0.129599469251195,0.592199338233784
"hospitable",-0.477480413509929,-0.00353628638953512,0.0418095660501668,-0.0384710525744417,0.151829157065136
"hostile",0.132649711687141,0.204937651294843,-0.0908512605161341,-0.00550579336706054,0.0553282460662227
"hot-blooded",-0.061041104809194,0.529480865938689,-0.196749671881255,0.351014723139191,0.101962942504541
"hot-tempered",0.0598299456212456,0.412777708707452,-0.193512977090721,0.0582921832138707,0.127819639998788
"humane",-0.163957934305886,-0.101831188852513,-0.179751060738145,0.00108367972469833,-0.0146966305273883
"humanitarian",-0.377016303093959,-0.0934236944278935,-0.252876045021421,-0.0592574847643447,-0.0774083052515339
"hypercritical",0.204259505134175,0.323286303499491,-0.113198951566188,-0.30758326954446,-0.170558067651086
"hypersensitive",-0.0751874211744042,-0.0251409946586995,-0.176075574691075,-0.067041354340591,-0.0972957976691473
"hypersensual",-0.00106204299872713,0.0227592105053817,-0.0650315634117786,0.281113977819018,-0.132961447629819
"icy",0.541222542750461,0.0747511751914662,0.0599086931383692,-0.0535482672345584,-0.15497724617524
"ill-humored",0.249509120390597,0.167767987381159,-0.121651329977049,-0.0661911185019471,0.0750335995779542
"ill-mannered",0.121340360441067,0.0658503165372969,-0.0396438356080356,0.0296877691136153,0.0108812091475072
"ill-natured",0.0375413722879269,0.0492718299306989,0.11172213774715,-0.0397887780447443,0.022206874561284
"ill-tempered",0.193200185369053,0.254762939774909,-0.163791608352704,-0.0604276063885816,0.0908446773514284
"ill-willed",-0.0680032804924677,-0.00777141886465906,0.550305135117481,-0.086049022531341,0.00597794950421316
"imitative",-0.0956911287758893,-0.103622161903768,0.134975215463932,0.0128695940044222,0.0429993888651964
"immoderate",-0.0654104719410543,0.467540896610361,-0.00168491415739899,0.141672036619585,0.0486182440038196
"immodest",0.00281150348334396,0.151911494365781,0.352465060100254,0.198856540411913,0.0100499502763732
"immovable",0.223074696615496,-0.00602881197340974,0.0414828256530344,-0.341264288962084,0.259835119228156
"impassive",0.456973289360547,-0.156195506623481,0.0542970464115747,-0.1006941650057,0.0143874662377177
"impertinent",0.103685621044221,0.155695480658059,0.125131240791551,0.0546999967084768,0.0506389916018237
"impious",0.0342037794655131,0.0315079150264574,0.0520730962856679,0.0481637526231193,0.00465959425761855
"impish",-0.123303877164478,-0.0603474769462501,0.1854154631073,0.226712017894497,0.100231531095614
"imprecise",0.0253671350572604,-0.121908557600722,0.00785778799886631,0.378928933408706,0.0439545004792948
"impressible",-0.343473808948811,-0.0124986832975347,0.0820496726696095,0.29479167079492,-0.163485888272798
"impressionable",-0.135020792048672,-0.0671372986512112,-0.120910715807659,0.274962198550856,-0.0675443669039934
"imprudent",-0.0870655131379976,0.0896431492626169,0.143556451530959,0.34369775723299,0.239071477777052
"impudent",0.0431207629325803,0.175599809325633,0.27855984822877,0.232858847978808,0.0620149168271992
"inaccurate",-0.0108792510620869,-0.0818520191979985,0.0389742706269606,0.208596673951926,0.0227933982863295
"inaggressive",0.0148401174127833,-0.501768649618786,-0.0463012495724023,0.0256809222492795,0.0130575013037979
"incautious",-0.0414623027860986,0.0446021454210127,0.00474580905883433,0.29116716073958,0.163750205056324
"incoercible",0.156946169984756,-0.0870046530750983,-0.214431609642136,0.107445243156072,0.0728932976276799
"incompliant",0.266408956160451,0.175662988033973,-0.00794589664312759,0.120832292356976,0.192560558203473
"inconfident",0.147478312835994,-0.147076957987706,-0.0885416613680789,0.0799231080744066,-0.0604271477540145
"inconfinable",0.133351395471887,0.137813096432783,0.0854851009327886,0.522666080655372,-0.28151237004364
"incongenial",0.651653360411374,0.0280548511052775,-0.123508564235685,-0.027059595089559,-0.0114407012632162
"inconstant",0.00835205062016296,-0.0368319193671364,0.121427774713595,0.277026934550366,0.014047995838846
"incontrollable",0.0240076317448234,0.185917082309386,-0.0785206397901783,0.266387700994278,0.112982520760181
"inconvincible",0.213969510095844,0.0782268639828847,0.153266055338173,-0.0236672402166892,0.299297235215657
"incorrupt",0.152624165315552,0.0511378579394745,-0.808543052523971,0.0336786224325643,-0.0204277594551667
"incorruptible",0.143372499254799,0.0377697983289287,-0.738588460353862,-0.0133323843969719,-0.0303772846748383
"incurious",-0.000142406212110909,-0.0178114789509413,-0.0578478088192701,-0.00491753203658191,0.0664507562691763
"indefatigable",-0.0386229603149767,0.0792394910655759,0.0230084717182591,-0.172189782015044,0.0619999371768732
"indefinite",0.10355317042539,-0.149387699853363,0.0222025633642748,0.159127004669297,-0.0201110381607471
"indeliberate",0.0170756873687297,-0.0838424526860474,-0.0487552074079325,0.337887965658444,0.0520482079190126
"indelicate",0.0639597223563975,0.0981301342204173,0.15999110630221,0.087791304608125,0.141883473916131
"indestructible",-0.0473663084681942,0.240258157268334,-0.135336296206899,-0.0372943724786161,0.0541979830928331
"indifferent",0.246102577051733,-0.100963351950639,-0.0116646462235061,0.070081860819946,0.0161748988296881
"indivertible",0.0226597959499091,0.00181060958522875,-0.00448525915264028,-0.0420112461947318,-0.00300203909459758
"indocile",0.356526130321877,0.0969663866802339,-0.190330924889616,0.172378733917926,0.308387364443398
"indomitable",-0.00656489951348429,0.267935259418188,-0.042704224645747,0.00190440270286189,-0.0341874248658195
"inelegant",0.151711162713762,-0.119249443162144,-0.00476205648050522,0.0406718331263878,0.286847080152384
"ineloquent",0.252296167539136,-0.0913551607002634,-0.148196044933682,0.0604189187398607,0.268351078489726
"inexact",0.034359403440099,-0.0914862643749016,0.0630719397725476,0.381446857977599,-0.0179131602551325
"inexcitable",0.244962046091959,-0.447939185064611,0.000481581567281332,-0.337837298019801,0.13915583597134
"inexhaustible",-0.0816497928698013,0.09298641428775,-0.00017866176047828,-0.0780218085824676,-0.00612083091550351
"inexperienced",-0.0137589864087327,-0.013854630265347,-0.102407079703197,0.171527190649203,-0.0326862288172746
"inexplicit",0.26986110180752,-0.225174605134442,0.0762005811558391,0.148826231006042,-0.024571188995246
"inexpressive",0.40873751866016,-0.182171832499095,-0.091129129472137,-0.0322565703929595,-0.0177898996219401
"inflexible",0.263662005864064,0.155547221975996,-0.189261197622944,-0.347107169822585,0.188335139799365
"informative",-0.0646003310070753,0.0374367193484692,-0.00799838125590332,-0.109598731411705,-0.101559369824596
"informed",0.0438712357268037,0.0116169680103629,0.00540869015343144,-0.0414741193462007,-0.132934267702383
"ingenuous",-0.217086076360092,-0.0795854467547641,-0.371495928138944,0.160353370936239,0.0586383159692767
"ingratiating",-0.356066278546477,-0.0736063042121939,0.736233823405026,-0.00952115031696681,-0.0342343863312516
"ingratiatory",-0.388564060496603,-0.0742520368022275,0.738495330288077,0.00063938349136374,-0.070979494783467
"inharmonious",0.14152702606967,0.0766990127278999,-0.0872071512003818,-0.022866167207619,-0.0100951760808711
"inhospitable",0.459588010156845,0.0159934354805016,-0.0524054353192463,0.0664849732444531,-0.0172552254879067
"inhuman",0.0116213044627841,-0.00941587467374851,-0.0643707125002734,-0.00623609200645822,-0.0106987908489394
"inhumane",0.00265248980505094,-0.00901403534032867,-0.054535418279091,-0.00837624294314341,-0.0105903871963531
"inirritable",0.01931429267818,-0.29119353554209,0.128874376869694,0.0179277024599824,-0.0192958586928064
"injudicious",-0.10912786253931,0.00561876726857558,0.210259689721257,0.23092919642163,0.281589577506823
"inquiring",0.0791539353645009,-0.0266474037800383,0.0260904162144474,0.00939715852690997,-0.278695720733612
"inquisitorial",0.0494562663477451,0.131668755624577,0.17622644701471,-0.125861498769352,-0.313543706582939
"insensuous",0.176616534591258,-0.0477336326858985,-0.0307075689833804,-0.0692785621258373,0.0271824563165446
"insolent",0.107342521750347,0.108376559377773,0.0275167889281606,0.0769323619367244,0.0139600330059925
"instructible",-0.0901437570088528,-0.122715973763479,0.0737314173273386,-0.113000617803793,-0.141233301893952
"insubordinate",0.0988884305411021,0.0173053915898313,0.0091457961930992,0.0842790589445529,0.0295338044001761
"insuppressible",-0.232745160757785,0.302472863754108,0.0711224077242723,0.223783046635031,-0.0771672349827598
"intemperate",0.0140025726317369,0.344330087900443,-0.0941860818292267,0.140006731753867,0.149774323918018
"intimate",-0.420530288010879,-0.0389725130909789,-0.0542391389620538,0.0914275129584685,-0.121336181579359
"intricate",0.258253756755088,-0.0815548519287749,0.0550557085107238,-0.0451679418744055,-0.289321107519738
"intuitive",0.018869130122985,0.00794932554555703,0.0478768179951266,0.132316164992479,-0.194244653122745
"invariable",0.122695687234253,-0.182135946190345,-0.0369764413477365,-0.253848321900725,0.347416503558537
"invincible",-0.0602000316325544,0.332341438573861,-0.0716318527182286,0.052453733048099,-0.0692404180091852
"inward",0.541587464403141,-0.535359721968963,0.0809131023450192,0.0205560230925801,-0.12583829012197
"iron-hearted",0.167053676791083,0.217925032507271,0.0911706872642517,-0.0697138872945206,0.00681758317788833
"ironical",0.101151604949689,-0.0454999017369329,0.333266236780001,0.115508180430559,-0.0640845550182062
"irrational",-0.0380660881883939,0.0419883908341549,-0.0316595443132939,0.162611126776618,0.14106544237259
"irreformable",0.226052302926168,0.014442244882834,0.206277655489907,-0.223554514114038,0.293218410602263
"irreligious",0.127156059703469,0.0101891845249501,0.019860534306756,0.110952493824459,-0.00869308605753289
"irrepressible",-0.404821922714725,0.323386544162082,0.0444098065068459,0.331327618551692,0.0552072071162818
"irresolute",0.0571892883074236,-0.156564822596329,-0.0727814906499838,0.234782195285238,-0.0448339577150768
"irresponsible",0.0263028893613228,-0.0457333885954326,0.0315434576870561,0.267336393459347,0.114244850625214
"irrestrainable",-0.0897079860243354,0.412657188844024,-0.0242078344045305,0.45021780160521,-0.0690645464279842
"jaunty",-0.306286315792424,0.144432416418308,0.117698139418805,0.366238300862516,0.0486972322362929
"jocular",-0.328424218468078,0.0899390459742001,0.136258701082409,0.30295331140323,0.208346271325061
"jolly",-0.519365546216782,-0.097988242312599,0.0912674179841867,0.0942615993224465,0.285059274846354
"joyless",0.196302354316226,-0.0372049658202033,-0.0208154419786609,-0.050057068201886,-0.0093956310250636
"judicious",0.0142656529009488,-0.0932849141723692,-0.0273187556339165,-0.312434919443222,-0.150643442496302
"just",-0.0474601066004691,0.0353598392927384,-0.459824808789578,-0.105465537808575,-0.016498139026895
"juvenile",0.00247260816228883,-0.0203377843936779,-0.0561806292868006,0.0802749163080999,0.0016880773354925
"kindhearted",-0.206704054624277,-0.157389120509823,-0.170855869428289,0.0144897170668735,0.0458889140963028
"kindly",-0.250900887248414,-0.144874892349153,-0.0832165465282672,0.00261610392988529,0.0599767415673969
"knavish",-0.150677639544671,-0.0901303268041643,0.756349208779737,-0.0503344719573899,-0.0182185990149156
"know-it-all",0.187504170081657,0.17700519306633,0.175408762845198,-0.179507057481419,-0.0767075626096219
"lackadaisical",0.0553353543291638,-0.0989632949545324,-0.0539721286821943,0.249092281231725,0.0128754044048223
"ladylike",-0.407109761897408,-0.151574850554901,-0.110508400363667,-0.13541630778186,-0.205348924682288
"lamblike",-0.274838853572501,-0.400765423473555,-0.0290449682240132,-0.0974960413087911,0.077786577407099
"languid",0.0624038507986417,-0.292514166792981,0.0250504408283366,0.114738916365017,0.0197105931321042
"larcenous",0.009846598532046,-0.0343282852313639,0.270766488018354,0.0311471824692512,0.0344501972259124
"laughterless",0.590143172097023,-0.0444917368234801,-0.0237609438205378,-0.195964143452168,-0.0427704285228477
"lavish",-0.123583131473007,0.199123183240938,0.076212486879806,0.118593107822002,-0.251382910468882
"law-abiding",-0.0279600705971126,-0.0415893311822286,-0.368681041175731,-0.125185338587504,-0.0388459947910212
"lawless",0.0472395915842447,0.00781001403662222,0.196071742825777,0.10621671807395,0.0589349070284175
"leadable",-0.176103385584624,-0.208581650179866,-0.156457932024594,0.160007058067228,0.0255163710267198
"learned",0.140555160105663,-0.00742089819160782,-0.0482216849102931,-0.0537935110146704,-0.244847662857846
"lecherous",-0.00431017153076924,-0.0147086767479662,-0.059847919169844,-0.008295825993067,-0.00857450043981944
"legalistic",0.0128471950796593,0.110137266257573,0.118703532422269,-0.345129665863378,-0.124141281422704
"leisureless",0.0869214794997559,0.253362778689235,-0.153466488306993,-0.105250344817673,-0.0970184834631406
"leisurely",0.0239200937036525,-0.572064315136219,0.145315956728304,0.110447836391325,0.115208049813384
"levelheaded",-0.0280002121059161,-0.17107365533286,0.109872506541579,-0.359662738621298,0.00802392967946585
"life-weary",0.141775158100354,-0.134887705077423,0.168681315703468,-0.0442058375790473,0.145535592726224
"lifeless",0.0360641416802744,-0.0236688405047469,-0.0668757558342503,-0.00453469048330896,-0.0185197521072489
"lighthearted",-0.40669555608091,-0.18137280636906,0.0686744567995231,0.317242780552358,0.136619422389049
"lion-hearted",-0.154543803222824,0.428979373937984,-0.104635271980309,0.0434380927540973,0.0414983240497385
"literal",0.107266999596229,-0.0429825102559155,-0.052077747869001,-0.264186760074672,0.0411830398326372
"literary",-0.0623963476903563,-0.170868958412902,0.131358286054329,-0.0986902947116799,-0.382478702477408
"literate",0.0148036328689447,-0.055980145756029,0.0161535879641842,0.0114794395554869,-0.131354864332539
"live",-0.130797823382804,0.137490201588584,-0.129096333033097,0.310617035998393,-0.00804882345334271
"lively",-0.470375672903539,0.221296092016153,-0.00917707619950663,0.331437174989837,0.00260089570731983
"long-suffering",-0.102132673842362,-0.326421683780128,0.0138713189089929,-0.287080685032498,0.282261161734736
"long-winded",0.0675337827829292,-0.0209579279799977,0.0564997585862398,0.00442744996081165,-0.0287434340434009
"loose-tongued",-0.200687107554749,0.208678017189568,0.211650752309282,0.236888027467555,0.216897906958908
"loud",-0.115957594514688,0.331399833326675,-0.0913061956364956,0.254585609643576,0.125418369782783
"loudmouthed",-0.121542864730029,0.165608341398264,0.0135712009745634,0.136729023317722,0.159650480570537
"loving",-0.224131521736451,-0.0658907638872618,-0.0721738204469487,0.00122980607670073,0.0580018035806904
"lucid",-0.0267915887153804,0.0228308760446393,0.0132315120990369,-0.113392254345244,-0.0696787341332447
"lukewarm",0.194243680890474,-0.293454412336551,0.0523013139843631,0.0323661975878447,0.0871422861899612
"lustless",0.172712000555787,-0.372876919382421,0.0962802472151133,-0.197172346345364,0.24594725633449
"lusty",0.0332442142848225,0.0767162493414063,0.0115851692780566,0.113302006002154,0.0597070134764116
"magisterial",0.0719943320261986,0.227558622413153,0.00737885000051173,-0.23714022922566,-0.226153147116117
"magnanimous",-0.35815414733909,-0.0624361078025248,-0.258799159241343,-0.00386875026970615,-0.0513301910374771
"malevolent",-0.0478841969090241,-0.00352480052416324,0.368043796293873,-0.0618705821450958,-0.0198476087852415
"malicious",-0.0598685002728047,-0.0585001617081093,0.330738940251076,-0.0573726963502124,0.00352432159814694
"malleable",-0.176320516583221,-0.208949042490249,0.289435823401167,0.287951887255755,-0.137045755765931
"manipulable",-0.00436748241980276,-0.0373058107898035,0.0123017537450363,0.0425314182166399,0.0274745470856788
"manly",0.354421293804596,0.187950423097788,0.00271828567337787,0.0749990587964982,0.326014737516134
"mannerless",0.0926832279109176,0.0346699849495027,-0.0521712210229613,0.0572637650290749,0.0194172558506667
"many-sided",0.0224368672949918,0.0182067899862108,0.0424936145356479,0.109046993489927,-0.205823593633907
"materialistic",-0.0707356485792387,0.0660460372887731,0.28320569696771,0.0759637217373992,-0.0154900875518373
"maternal",-0.435411736069462,-0.239271517351226,-0.130828756713181,-0.220830316472958,-0.0545292076980914
"matter-of-fact",0.0527274657544059,-0.0121788617021403,0.0436790431813065,-0.222378403508432,0.0674188079269069
"mechanistic",0.408097149468355,0.125055896306097,0.0642512611875183,-0.290749722755918,0.0632241870437779
"meditative",0.122345895601472,-0.402360357072812,0.0277581278958063,-0.116417662394914,-0.134688809414936
"melodramatic",-0.121650703618457,0.034614186553554,0.0337362362401009,0.0977820715427441,-0.0506811991883543
"mercenary",-0.0308213434086306,0.049057494647146,0.499059365373102,0.00632622180544549,-0.0386820743528545
"merciful",-0.170243194813543,-0.202357236210414,-0.195538887233114,0.02987037569776,0.0425151117756378
"merciless",0.116873672087446,0.32879450942534,0.23201177202209,-0.0997336057458149,-0.0970231944083787
"messy",0.16278168904152,-0.0962644836316752,-0.0963309826478426,0.530183037402528,-0.0144873767634353
"methodical",0.0314219458647145,-0.0863221013194447,0.088435765828424,-0.399346847701405,-0.00731952235323058
"mild",-0.0353908280549623,-0.746644292493452,0.114592221365549,-0.154396294858394,0.2640486423188
"mild-hearted",-0.184711316345439,-0.523172826336894,-0.106764117648775,-0.00885025985194375,0.121922233113088
"militant",0.0262831507554084,0.186676056942241,-0.1459032076834,-0.0880902383501156,-0.0172481775600782
"ministrative",-0.378471333940509,-0.209899505283167,0.223130382317291,-0.509714134097893,-0.0508314968882783
"mirthful",-0.478318744871959,-0.0591951233977689,0.0612259576451058,0.225747295657161,0.127878097545373
"mirthless",0.481434231156134,0.00273749779557036,0.039034860068617,-0.135279039570906,-0.0586768989083834
"miserly",0.0285761982841409,-0.0592207625706679,0.101846265453226,0.0163086533015016,0.0703319141257545
"misleadable",-0.0356394394947525,-0.0995393576999355,-0.0741532780523004,0.126203398202293,0.0660034797401079
"mistrustful",0.256480250515029,-0.116601338986569,0.565071943084236,-0.0462945582067952,0.0854145562639444
"moderate",-0.0206541628932009,-0.45601857600206,0.0721300026950329,-0.0322785103346211,0.207352822520221
"moldable",-0.16514173022538,-0.143334778126226,0.143921556853915,0.337845827534717,-0.114863484945814
"monosyllabic",0.265406023504604,-0.0956510097148255,-0.0812598359906947,0.0423009676181256,0.04105162037868
"moralizing",-0.114380345107138,0.0704339748389,-0.114167334156914,-0.238605342209325,0.038083198197329
"morbid",0.0132990611142768,-0.0225443336907318,-0.0251920324637925,-0.00410640639663347,-0.0081278097490513
"morose",0.208757796618871,-0.0684322393258118,-0.0629618700802828,0.0188793339517302,0.0148062074281086
"mousy",0.0887961418986567,-0.234389664973574,0.00973663844542457,-0.040966645251801,-0.00947125249918227
"muddle-headed",0.0605895684628549,-0.0638513361535868,-0.0879759090357582,0.232559197616445,-0.0251240179681845
"mulish",0.24553649432205,0.281232222562295,0.00181395021437925,-0.0970211755774217,0.255711375973445
"mundane",-0.0137224470387354,-0.255112127748737,0.0316564659013283,-0.253375333024484,0.285275729119472
"mushy",-0.0823384280339035,-0.097448326066663,-0.0515312219067108,-0.00431367503825269,-0.0049537993097263
"musical",-0.0354650946816666,0.0278920738504216,-0.134135409050362,0.223920254730061,0.000897552931551402
"mussy",0.0601881030998899,-0.103372751494424,-0.0390193168416292,0.197578283367801,0.0118254330765661
"mutinous",0.0668005968449854,0.0151248228920869,-0.0135488182622419,0.0637073017573574,0.00640798195654498
"mystical",0.12584729391818,-0.125452810162388,-0.0406861148734076,0.17644852134493,-0.134536047675094
"nagging",-0.117563126189359,0.285914841373932,-0.262525402841642,-0.343566679712021,0.0393365734012714
"narrow",0.187669905457657,-0.0650812864993169,0.00691214226632514,-0.159871219977895,0.123271400833499
"narrow-minded",0.062159901633927,0.0412804531603901,-0.0711119060899019,-0.195022174211534,0.282107952829685
"negative",0.214012184626341,0.0113024307240313,0.147796255467027,0.0262538222220589,0.0580007823760253
"neglectful",0.158414858408345,-0.0606825294478292,-0.0686835918419959,0.211267234564803,-0.0619074521726139
"neighborly",-0.554400022535473,-0.0644240376690998,-0.0490183320000883,-0.0975005805112857,0.233959309546305
"nervy",0.0117399960801657,0.0607289041304026,-0.0278894386567756,0.0781188200639194,-0.0293059130601359
"nimble-witted",0.0676425081570419,0.0258891029857762,0.0349314400845747,0.074077787932081,-0.144668499496415
"noisy",-0.082849219288069,0.221354129126911,-0.0807006550390485,0.261207626218306,0.0943222368684834
"nonbelligerent",-0.0432065066240855,-0.388941487170606,0.00825926729251628,0.0525801654766943,0.0269747012299129
"noncoercive",0.178822276307117,-0.340208161741557,-0.489184685658762,0.241607049431384,-0.000820307790727496
"noncompliant",0.21404621547551,0.00815101967419716,0.0634200119994989,0.202693780719493,0.145523999671402
"nonegotistical",0.075786230064268,-0.233518267156177,-0.503371794480797,0.109895166861843,0.0769584598988516
"nonexplosive",0.0235962564763115,-0.195488054747729,0.0805723981762543,0.00305102588953938,-0.00768301063565982
"nonhostile",-0.0763031148617143,-0.190338951619592,-0.0879686724151384,0.0991067983629282,-0.00406476385404861
"nonimitative",0.196522381586726,0.0263114300446183,-0.0382025245671552,0.110047295064645,-0.0778239021467636
"noninterfering",0.312847289111535,-0.43314554508351,-0.160901653937133,0.338938370790418,0.0971743831351232
"nonirritable",-0.11649035621318,-0.457408751038327,0.189986213950766,0.0646154002440124,-0.00191620220995021
"nonrational",0.0149700175982753,-0.041259266758959,0.0229018737506985,0.195552207462742,0.0948603074196312
"nonrigid",-0.0820569528886456,-0.143632735363689,0.0858546132735206,0.536014316348988,-0.136792926910339
"nonspiritual",0.285652533627803,0.000907730640731499,0.163676557210481,-0.000576717642434308,0.110596719041095
"nonunderstanding",0.290260702003291,0.114067294937643,-0.0480467018032379,0.0604344508133186,0.149285638911144
"nonvariant",0.121739015437806,-0.203180317539674,0.023062417355273,-0.431864024551811,0.375817791236898
"nonvocal",0.540595644805115,-0.286278377678652,-0.0952299354719602,0.0340600477829392,0.00279724493078733
"nonvolatile",0.0390260560535695,-0.196739372875288,0.046189291653994,-0.101018262105624,-0.00703589720453287
"observant",0.0349352563251454,-0.037124292252006,0.0263763667306474,-0.0827380403175863,-0.0308157607309084
"obtrusive",-0.0914539164140119,0.319027698047008,0.10657040480466,-0.10632557447681,0.0168277021963704
"old-fashioned",0.0321957459796575,-0.278023353511391,0.229889802279194,-0.362346664988802,0.500314354751447
"one-sided",0.180830010853096,0.122275424041561,0.186598611664866,-0.0726819265382434,0.104693553554746
"open-hearted",-0.556196286052354,-0.0103706102833437,-0.280532007790216,0.0948287167342911,0.0754084511418111
"open-minded",-0.146530760162154,-0.0858375591354444,0.0141606181626202,0.339188970436303,-0.274973842126506
"original",0.129609846044035,0.0165261334414941,-0.0331166666524265,0.2192953797156,-0.172625101958858
"ornery",0.214800461831954,0.240689546242929,-0.0639083244423752,-0.0724610233558176,0.384584181084425
"ostentatious",-0.0365018432725252,0.105997877582125,0.0352307333115624,0.0510626664433726,-0.0921161965157575
"other-worldly",0.246289384427623,-0.0312964782554012,-0.112945838284975,0.224295491025657,-0.18086521069239
"outgoing",-0.576717870130978,0.34730163971723,0.0350188424829073,0.24862617195867,0.0109898297508433
"overactive",-0.155981436912763,0.320545097681029,-0.133622857568657,0.149070052336524,-0.149255112861258
"overambitious",-0.101130129752535,0.460435806440723,-0.0753185737429197,0.0234422653226305,-0.325573749700944
"overbearing",-0.00562337607107852,0.517962243221797,-0.00683158516437649,-0.306608441466893,-0.0341115623814409
"overbitter",0.176754643492637,0.197913807918493,-0.112408300194412,-0.106836775339782,0.0247711222923989
"overbold",-0.0870300277906714,0.45101286481003,0.158652049114964,0.219720593844149,0.00944304743650839
"overbookish",0.224018306519901,-0.25376740366104,0.0420385705033545,-0.245458926520201,-0.389834426304532
"overbrave",-0.0344587259499341,0.273983297673445,-0.0394407958250307,0.165475386539457,0.089238399805571
"overbusy",-0.0884572257913825,0.190377322722702,-0.0136776724604395,-0.132488863341798,-0.183838145746994
"overcareful",0.0651307547962831,-0.264075629503297,-0.0564257445277015,-0.530189636130549,-0.0611836558844103
"overcaring",-0.495304179290225,-0.253438521516948,-0.139222207182276,-0.17903168915725,0.042857535997402
"overcasual",-0.0092772129512845,-0.0311534971188204,0.0464434002538146,0.362574300326848,0.126026300643878
"overcautious",0.125271914244088,-0.324069581319898,-0.141152377739426,-0.500362906186767,0.0214324461824441
"overcharitable",-0.349892028749972,-0.144359131546776,-0.129797695232918,-0.0734791069815369,-0.0187183127246719
"overconfident",-0.062613819372216,0.348956017519875,0.142300741139309,0.139921430515195,-0.0404148603692266
"overconscientious",-0.0419902950989927,-0.110448748743315,-0.164716644450427,-0.566156342468107,-0.0625200828351526
"overcredulous",-0.138421911887187,-0.0895397318808239,0.0560037494279815,0.1311041374689,0.076624985876819
"overcritical",0.17127252474968,0.31393590468273,-0.165256871916622,-0.288702170545102,-0.172243722038271
"overcunning",-0.00670692302636044,0.0417719034642961,0.681256526908048,-0.0560979313691734,-0.183348414748478
"overcurious",-0.111755351216321,-0.0736404441088588,0.0961366346345286,-0.0121332741587657,-0.132288146688888
"overdaring",-0.0315013164637048,0.44149562219653,0.00722894864311881,0.337824262733055,-0.029105694926322
"overdiligent",-0.0518435833529448,0.00333591070377683,0.014771386884533,-0.458436700484766,-0.0461789630186113
"overearnest",-0.0264521470847856,0.0151993419005605,-0.321064527218033,-0.390032157087112,-0.0240319363147639
"overelegant",-0.0977536657674093,0.0505883532271854,0.0638268025687155,-0.0420367509523353,-0.269972943907246
"overemotional",-0.200480586506445,-0.0226998463980548,-0.112578225524516,0.064234727386984,-0.0360263792899072
"overemphatic",-0.170979679376776,0.419764691455433,-0.103568582553698,-0.120044399126771,-0.109128757212857
"overexcitable",-0.145571202411642,0.217074536161217,-0.138587918564304,0.343291269420344,-0.0358071524016624
"overfastidious",0.192966400263142,-0.121743684961824,-0.0969956240872121,-0.46719875603513,-0.227608021076453
"overfearful",0.000127915362807191,-0.117200708816547,-0.127217523128526,-0.101060254821259,-0.0334139040945149
"overfierce",0.033516088704173,0.595281339818245,-0.174158128214098,-0.0146204603936747,-0.0199378402730621
"overforward",-0.287147463844608,0.305872745863635,0.354026969689839,0.181442619190862,0.0557502365444185
"overgreedy",-0.0898469290880075,0.0755718081972716,0.384641479961767,0.0641077626380259,0.0378735429682628
"overharsh",0.143451319145466,0.514701044302767,-0.22518329131486,-0.288310986542861,0.0184482373558675
"overhasty",-0.0537031910220728,0.275542489065438,-0.159654786322297,0.323302098400896,0.0883498782581444
"overimaginative",0.0576233855596015,-0.132264584596315,0.0077559283556961,0.377083778985668,-0.254539574015741
"overindulgent",-0.0658051348517005,0.0222294552125399,0.181565115085486,0.280391732743382,0.0242251493844013
"overintense",-0.0010347378543049,0.430882205106238,-0.293457758730205,-0.0929717652202979,-0.223638943347656
"overjealous",-0.120527975319062,0.239549312326327,-0.103939343036147,-0.169165475286134,0.0321312865480613
"overkind",-0.458697410401182,-0.288421915658011,-0.0390824950327813,-0.0175558709127453,0.0311106961023667
"overlogical",0.341856320335756,0.0636578799494144,0.00824928740109666,-0.357684268154393,-0.250688440332309
"overloud",-0.0532969322271705,0.248896277909318,-0.0855674255797218,0.206930579318625,0.081402701858436
"overlusty",0.00336501960575902,0.0126471518734641,-0.0566206957001575,0.0106279319982322,-0.00809504517236722
"overmerry",-0.262430939406702,0.0794144284830863,0.0310561301540148,0.167467280208454,0.100414973666743
"overmodest",0.122859561568232,-0.338193293172451,-0.089419937903973,-0.0405573502906305,0.00632316049616954
"overneat",-0.105948456581962,-0.0532556159258774,0.0696516505794317,-0.565172052039236,-0.077525663329049
"overnervous",-0.00308345769703365,-0.0901630061545155,-0.255094129400484,-0.107519702098883,-0.159188184905115
"overpartial",-0.190366808721887,0.00802755777560265,0.416909847947613,-0.126132090187509,0.0677613886830759
"overparticular",0.1259735097977,-0.0588169880220381,-0.000151633960030066,-0.390456463048681,-0.0973310367991102
"overpassionate",-0.188008526288662,0.360526149196984,-0.154613911035825,0.194508517574009,-0.120997762045757
"overpatient",-0.112586701439784,-0.649107855027916,0.203333003642585,-0.237159709238401,0.0543467306666315
"overprompt",-0.198606848148006,0.109759883954941,0.0422880265300162,-0.371271726688591,0.0618716953119017
"overproud",0.0623837474986857,0.318043194029165,0.116260017139553,-0.0546709248340711,-0.00950902905528024
"overquiet",0.471241268190206,-0.478954813235049,-0.0156828333643639,-0.0240948919716963,-0.0553143466320349
"overrash",-0.0710025265919882,0.307230406857285,-0.0794868691083057,0.343612639355293,0.163051956587049
"overrefined",0.0817942806359019,0.00463593959300231,-0.0059788681241075,-0.181190006437136,-0.339856494086471
"overrelaxed",-0.045245172601234,-0.199230126607264,0.052120312513354,0.186836681278738,0.047347538148773
"overrighteous",-0.04454934502191,0.155037904879825,-0.0467471675563059,-0.313846492860558,0.0370637829849956
"overrigid",0.0785150901356299,0.0703857700963713,-0.22025357338702,-0.623912915662078,0.0962733568221101
"overrigorous",0.183322097195124,0.219416584913309,-0.243556306796738,-0.478912809926556,-0.211872567588882
"overscrupulous",0.0121421144374131,-0.135276443355522,-0.14817685915962,-0.608806976926376,-0.14604485981444
"oversensitive",-0.136388075379877,-0.127191578591441,-0.149529259788315,-0.0390531489236307,-0.0908763062910385
"overserious",0.298972458899515,0.0107401341045834,-0.271810740095427,-0.419000354761513,-0.178925531325863
"oversevere",0.0983267445196923,0.334413008551748,-0.274665236337644,-0.4323482643139,-0.060149005395975
"overslow",0.0963985003799264,-0.342380665321413,-0.043649616773431,0.13574168773249,0.100088299381472
"oversolicitous",-0.546026345917972,-0.114226873599004,0.161476752234063,-0.310521968106884,-0.0404105462285864
"overspeedy",-0.0927426499114531,0.355570642461946,-0.155811797387156,0.284077538208866,-0.0794382283103158
"overstrict",0.0780025638433634,0.246113466659301,-0.274477937465324,-0.527724030381015,-0.0533678381112479
"overstudious",0.388492054501901,-0.123932184869321,-0.140479206577595,-0.253914744706973,-0.490663952710668
"oversubtle",0.185906717346587,-0.109096271827103,0.45247749223017,-0.158192088523607,-0.385204561539933
"oversuspicious",0.208813259115361,-0.0849959404642764,0.191096574201659,-0.215646505349599,0.026550189975389
"overtalkative",-0.362948507554376,0.18720342024311,0.141767316059751,0.105185776102478,0.0103429811512868
"overthoughtful",0.202415379483499,-0.225667758944136,-0.0358905418881219,-0.222966532706334,-0.356541336463079
"overtrained",0.0604630948157459,0.183547879449924,-0.187779961321839,-0.0411791935259669,-0.0627287167859363
"overtrusting",-0.267460474661946,-0.10550305001695,-0.202033984122982,0.0848533888212323,0.0433158065680081
"overvaliant",-0.0372454755053319,0.300090689605299,-0.102849069250761,0.0490911350696737,0.03733227698302
"overviolent",0.00906877043609786,0.0160233837292632,-0.073105069376364,0.000396877727274519,0.0176192582755783
"overwary",0.239303253106433,-0.261843221776405,-0.106959611005248,-0.343882237449587,-0.0201288138683157
"overwomanly",-0.104166854662071,-0.0518352919816813,-0.0544200394075778,-0.0621448640980777,-0.0382831164103218
"overzealous",-0.140345686456337,0.455237172920418,-0.159913719519035,-0.0736628080416764,-0.0847658939220005
"pacifistic",-0.0809116263469657,-0.538410920631249,-0.0483225981904924,-0.0126117517634158,-0.0388631302123783
"painstaking",0.0719857441133748,-0.091233018121663,0.0578846501963127,-0.330488105729995,-0.0250182328002686
"participative",-0.591241593408556,0.144873442712868,-0.00375589657129804,-0.0351998066191007,0.00819192313682058
"particular",0.0536255223374239,-0.0327086505140609,0.0539598926929423,-0.244598025725983,-0.0420845641212978
"peacemaking",-0.291692444224638,-0.374005937515437,-0.0914592617881564,-0.00790322491810213,-0.00509987477537308
"peevish",0.223665865183018,0.216533033601144,-0.172907463901809,-0.11672771471011,0.100861171935762
"penetrative",0.148990739920236,0.231308712286926,0.0890679799888942,-0.0326508918939163,-0.277119305608462
"pensive",0.226479537508914,-0.280531421945053,0.061909133584943,-0.106862667797487,-0.234758443549335
"peppery",-0.0566135429452433,0.442380663611499,0.0608956060956557,0.0568263259986611,0.0883396350659636
"peppy",-0.373940600818292,0.196712077845085,-0.1009888359633,0.260364600435623,-0.0741685386990101
"perky",-0.403799660367845,0.00181186305131911,-0.0556873615510411,0.242673175823825,-0.0354754721101649
"persecutive",-0.00536710530286681,0.137972998825499,0.114790178077519,-0.131489648626348,-0.194845457903828
"persevering",0.0270910013826951,0.0506915110429196,-0.0212655643220591,-0.0764542283698697,0.0203436940391298
"perspectiveless",0.00746801750692588,-0.0342984435532114,-0.0439854738674665,-0.00333621688200391,0.0713519450030935
"persuadable",-0.246569945463661,-0.180316194329042,0.0598412739970588,0.238754651533966,0.0171816021933251
"persuasive",-0.35418754974175,0.241316512682001,0.24896665449925,0.00971912980461162,-0.261452360029858
"pert",-0.192902058770635,0.0829464436279865,0.0782017071392049,0.157409963932796,-0.08792599177991
"perturbable",0.019306663661917,0.0504172851251482,-0.244717390326003,0.294025493873989,-0.0390400981697173
"petty",-0.0312485245002904,-0.0295241982904467,0.358941191063917,-0.122509978564637,0.126128214375199
"philanthropic",-0.339805400355766,-0.000113889437018972,-0.244269867265875,-0.146701197747434,-0.150612326484856
"philosophizing",0.124155086940881,-0.145821077768182,0.0166641997045938,0.0368463749794902,-0.332321897115017
"picky",0.230864309238007,0.0590431336707504,0.00781788839669125,-0.178898818545893,-0.14302596661175
"pigheaded",0.144314293878441,0.394640794097976,-0.034843950099165,-0.105939941685703,0.309337439812299
"pious",-0.186474869113981,-0.0700572240511923,-0.101452692297241,-0.146351731335084,0.0124254458336166
"pitiless",0.0617943562832451,0.101091221781579,0.166001451524034,-0.0439965370349155,-0.0267382325898175
"plain-dealing",0.0525974618003107,0.0850212507315943,-0.749450556882088,-0.0199518612429586,0.0424078106638246
"plain-spoken",-0.0865563108514462,0.0607440187917076,-0.205259423922572,-0.0147665246152086,0.186834865386667
"planful",-0.0337179426445785,0.0200267384122569,0.0576369777222208,-0.444198456422037,-0.0762310027034687
"planless",0.0960563542236847,-0.0657535373546978,-0.106702985437559,0.486297568010977,0.0440926437421017
"pleasure-seeking",-0.132767840624416,0.216056403169399,0.038140032462781,0.4108183369135,-0.0972686816431369
"pliable",-0.262291245385624,-0.219067880774291,0.1986661976483,0.189833755588031,-0.0596966027470585
"pliant",-0.182318592361087,-0.285846850849808,0.283376697760016,0.201346313141387,-0.0180917139760214
"plucky",-0.285750757091256,0.172482134333508,-0.00698163469076173,0.180238725226853,0.0726590746299057
"poetic",0.00512566696269149,-0.254943945063507,-0.00788260927124886,0.270079802033093,-0.24928214929566
"polished",-0.128413097556973,0.152009965497968,0.0487150970350116,-0.247680416531849,-0.30663052415818
"political",-0.146692617455331,0.161149323276164,0.0349602439940987,-0.10421298832248,-0.280881591566517
"posed",-0.11633055745977,0.0825954123165552,0.207607035149926,0.032841385336578,-0.194865525821634
"pouty",-0.00243544039108445,-0.00109568201731318,-0.0641682139399424,0.0145416894169593,-0.0189152164967969
"prankish",-0.0817339619142117,-0.0108518835388343,0.121832609711891,0.289453891184308,0.135729662904857
"prayerful",-0.235166098302077,-0.107023346418825,-0.0678267213194561,-0.158603071578017,0.0547089639871293
"preachy",-0.162248785429614,0.182847001860773,-0.0446624544958925,-0.204780466843569,-0.00854974324176299
"precondemning",0.100329053226058,0.116786722277596,-0.0928204397536383,-0.133361380907139,0.0144644950353989
"predatory",-0.0470954950641169,0.0378521314666288,0.405720636171669,-0.033251825764988,-0.0575222886823855
"prejudiceless",-0.100136166136978,-0.0734479535604865,-0.214407045029856,0.131065067252069,-0.0985727424785442
"premeditative",0.150064057953316,0.0718738960052888,0.240744533879804,-0.321598768823056,-0.289337497657464
"presumptuous",-0.079635050471509,0.233341536887615,0.303401276950114,-0.0147525877984627,0.0275232212666287
"pretenseful",-0.11413896335115,-0.0991774928348932,0.811194021474778,-0.0199407842347747,-0.0718674487972617
"pretenseless",0.0404239851233971,0.0130591377230137,-0.677011243318682,0.0975595178488583,0.133512962339184
"prideless",0.0235930057623302,-0.171993098097728,0.061468610268219,0.0205685532036366,-0.00615514741996685
"prim",-0.100724565089288,-0.281525828599089,0.0211657643317302,-0.460088142728227,-0.0610781807220469
"productive",-0.00233459534092982,0.0480851695061264,0.0152432942807556,-0.143309020820371,-0.0214287691472501
"profane",0.0246784533466083,0.0235488481805113,-0.0762183210490008,0.0270909560386339,0.0192600825786445
"profound",0.100860387873595,-0.0405977907764116,0.00880627190919732,-0.0494868869728389,-0.232247495859702
"proper",-0.140470090612071,-0.0793616193387792,0.0143303594563038,-0.442615293297236,-0.00467763080842265
"prophetic",0.0029598576297972,0.0761821508203937,0.0189165848014534,0.00236164454051238,-0.186546723450723
"protective",-0.147893045075553,-0.0116054712191974,-0.102715087360928,-0.0796159050400968,0.0983920044087265
"provincial",0.0253877281877271,-0.19337055049457,0.0100209406359162,-0.0924849954480877,0.408740785160761
"provocable",-0.0317327702604923,0.301465367999612,-0.136663276942473,0.163690550425592,0.0822245543559256
"prudent",-0.0285730999939108,-0.108163058387961,-0.0619218896749173,-0.443908837666464,-0.115408164824866
"puritanical",0.0366342789292198,-0.0272976338481066,-0.0662019297189177,-0.193084497618236,0.0602484257004661
"purposeless",0.0176822613699141,-0.0152161257534983,-0.0573946961993425,0.0236994407935524,-0.00218384391386211
"purposive",0.0314009965365821,0.079484549901379,0.00802592022612329,-0.136630209582605,-0.0738921614524202
"questioning",0.0845431296784488,-0.0287391806125539,0.0216324292390879,0.0483707632339259,-0.239959292416187
"quick",-0.0758280481511408,0.2942607403323,0.00358114202443905,0.0413624405831978,-0.0900567344475908
"quick-tempered",0.082486726597593,0.47752027503849,-0.206093863748793,0.087774946771631,0.118095151187783
"quick-witted",0.0786938204551514,0.0914331492516995,0.0963299865073755,0.113058940280591,-0.2033070173935
"quiet-spoken",0.272514013302482,-0.542338927585023,0.0324549517576089,-0.219525965338337,0.0329323292794551
"rascally",-0.125366037389263,0.000705234741617604,0.627054918992813,0.141217166086429,0.160346509139623
"realistic",0.0324221231110784,0.000884397170748531,-0.0430510942068205,-0.155965862636163,0.0270601951293344
"reclusive",0.631281213645444,-0.386466581065016,-0.0285346994816755,0.058776898167263,-0.0701465207132195
"reflective",0.0713804701483391,-0.197655641099152,0.0104157464565102,-0.001729182706,-0.225516495708809
"reformative",-0.135863840849721,0.098107123734046,-0.155894464580724,-0.0808441419991648,-0.379180444007084
"relentless",0.119314241258237,0.307735580489482,0.00797016239637276,-0.0288308999370565,-0.0495159468220484
"reliant",-0.0579500200283622,0.0141829315074671,-0.0155444476355121,-0.140336747638921,0.0545851067746128
"remorseless",0.0117922353054864,0.04713669544682,0.612482641525062,-0.00411978996398975,0.00488004730636247
"reproachful",0.0938761962451225,0.179339518537814,0.0565941577174114,-0.197576449167328,0.0352367535689735
"resentful",0.0680895143502852,0.109647238455708,0.0640904620976693,-0.0906975553804644,0.071800609297886
"resilient",-0.0250975940084958,0.0611647616754279,-0.00524256773560785,0.0132911106341299,0.0314595851405516
"resourceful",0.0370727339556709,0.0408557043755575,0.0284074937494448,0.0178340445791088,-0.0700901406084929
"responsive",-0.198616175250949,0.039551261539793,0.0227951858986123,-0.0662540871846702,-0.0550804964823975
"restrainable",0.101801101948463,-0.410836021313431,0.0357191925114371,-0.171602208658506,-0.0426858486272824
"retaliative",0.0925978880862197,0.161100874398559,0.197870218313557,-0.0308704180751402,0.00866917943043272
"retiring",0.462810334995781,-0.58903804458161,-0.0443601692058819,-0.0562486506168512,0.0314326993195291
"retortive",0.0797679727931082,0.278067720340591,0.329262940607485,-0.04996486115251,-0.0643602820052957
"revengeful",0.00747247860800304,0.0482654523915254,0.11817363109795,-0.0313330227074024,-0.0124813207339833
"rigorous",0.0488574649347,0.100794123696439,-0.0444386684589054,-0.354071824544193,-0.0788872495566995
"risque",0.0115804428352508,0.113528604591785,0.00726640607321517,0.27100944223666,-0.0354857010440611
"ritualistic",0.00823461673598314,-0.0608285132708163,0.0995961651816927,-0.337909563529041,0.0119721239276635
"rivalrous",-0.0130710156740117,0.47831323575217,0.258685347655391,0.000672015162492335,-0.168370156281224
"roguish",0.000375969722331576,0.0384934713774137,0.74723666608912,0.255694578188023,0.0844766532561971
"rollicking",-0.229381867341352,0.244376335228331,0.00635476680921476,0.482486037960007,0.128827399893655
"rootless",0.084573225121052,0.00652314515794325,-0.0306291587165005,0.134924030719709,-0.0424062364333144
"rowdy",-0.019625335909659,0.181540014198009,-0.118913565249233,0.248672041667705,0.12499954455284
"rugged",0.172983497084799,0.227985078687516,-0.128317273212808,0.130568862247853,0.492251748335823
"saccharine",-0.177783114776362,-0.0956135701789312,0.0475769996282289,-0.0110811123757603,0.0251599383538514
"saintly",-0.272656386606112,-0.191747694941215,-0.195652128098487,-0.148254651810655,0.0146401130311889
"sassy",-0.219223446136988,0.111651872174917,0.0273690692504404,0.24302739362121,-0.122828083468928
"satirical",0.0160808361906256,0.0393240863835994,0.0758044808389448,0.20208729329393,-0.118406499965187
"saucy",-0.124484188429275,0.134496626298086,0.0568366784373998,0.280456362871535,-0.053044598713138
"scampish",-0.116985216247817,-0.0115493733369957,0.325894967846992,0.256869303246954,0.129269267392877
"scandalmongering",-0.127997724678997,-0.0244092083093703,0.202114683717283,-0.0410081568289816,0.0439627882900524
"scheming",-0.115578174228435,-0.0652111393456792,0.818655857547961,-0.0439841596690405,-0.0617411817514427
"scholarly",0.194024195479749,-0.0887956676815825,0.0132333532915352,-0.172288083354287,-0.402698867772859
"scrappy",-0.0263108799721253,0.323593336317292,-0.00130954368719469,0.410802808282363,0.143704045698091
"seclusive",0.688547906112167,-0.423406859518204,-0.000613754416748286,0.0528935555408479,-0.0650771625513275
"self-assertive",-0.131348086867468,0.62099573853907,0.0373025253145397,-0.0353065563021146,-0.00195262891722177
"self-assured",-0.119325196901828,0.201548620847859,0.0720390395706079,-0.0274662067083043,0.0219453808148925
"self-centered",0.130185858335983,0.116699029923422,0.471612235777366,0.0353487432725507,-0.076082576411369
"self-confident",-0.128470237637253,0.237811863170412,0.0347557807907106,0.0346129521503102,-0.0156848000755392
"self-conscious",0.110853440899817,-0.274953708523966,-0.111221612633225,0.080346318605881,-0.180025102236204
"self-consistent",0.0449643233571311,0.0146635313715402,-0.108715957155863,-0.19973683567479,-0.0239900909339731
"self-controlled",0.0455050193157668,-0.165599941340784,-0.00500209324933392,-0.372027670877956,-0.107969313159918
"self-deceiving",-0.0641390276274662,-0.114955079453883,0.487277824013144,0.142179101400719,0.0668173503783299
"self-defeating",0.008754489090068,-0.094019436721303,-0.0823847661623322,0.121887252781856,0.0319433798984262
"self-defensive",0.15677183879999,-0.0228805860926942,0.204571565448404,-0.0182591743360943,0.0867938936991161
"self-deluding",-0.0848911329077942,-0.0481192794716882,0.323265830584665,0.133745286683682,0.0645435721947987
"self-denying",-0.0419980442105849,-0.209771293983731,-0.249887620183852,-0.1828209400798,0.0226463036170362
"self-deprecating",0.0233157584317088,-0.199161772619964,-0.0996242782164951,0.0893087741392554,0.0307319177159868
"self-destructive",0.00146442128640277,-0.011565673901607,-0.0388473649931697,0.076220384823358,0.0658940840552881
"self-disparaging",0.0833670748768297,-0.100293102868141,-0.149156484173777,0.0574559034274002,-0.0604443461429284
"self-doubting",0.117248104335157,-0.280614303498669,-0.182737468174312,0.161071137390484,-0.13760691160881
"self-effacing",0.157445126111639,-0.462457463156426,-0.160668127044629,0.0380487666407598,-0.0499337454542903
"self-examining",0.0605679659151166,-0.143202287443863,-0.0719031971376607,-0.112259842402189,-0.329948735298257
"self-excusing",-0.0298740343084824,-0.0886420882517738,0.589743368087225,0.18359343975116,0.0268414638946692
"self-expressive",-0.214695193404846,0.089407009813165,-0.00693142285483038,0.255205731661089,-0.158335257717917
"self-important",0.0127696817485698,0.270393436665999,0.219754862614608,-0.0779686156664282,-0.0862274580390626
"self-possessed",-0.067532506600324,0.0537154937137755,0.065152235654512,-0.0871362846612186,-0.0344045538250002
"self-punishing",0.0814992629580491,0.0410881532718645,-0.264507898056391,-0.0471138325848442,-0.140307966635149
"self-reliant",0.074356400850638,0.100512932046991,-0.0171803525919944,-0.0441374753563117,0.017411287192248
"self-reproachful",0.0291906203691562,-0.100313361489314,-0.131640239352728,0.00317225064451833,-0.118540851853358
"self-respecting",0.037213481715499,0.0637838022224853,-0.195440662942714,-0.0544873880725727,-0.0536800457803809
"self-restrained",0.179427327384804,-0.376378282710021,-0.046781560983835,-0.436337176679088,-0.0398748860137148
"self-revealing",-0.448842350353122,0.199847579095996,-0.123479915769347,0.137861598348895,-0.0789064447672295
"self-righteous",0.0375229265350255,0.237021626002899,0.169983626497345,-0.142845833528156,0.0748794898847668
"self-sacrificing",-0.283003698302646,-0.0822333340252883,-0.396532450582292,-0.0825272019110095,0.150930864268721
"self-satisfied",-0.0147996538811636,0.0943012631082044,0.397645693723615,-0.00347754164324933,-8.07862731701401e-05
"self-sufficient",0.115510399990662,0.0526937374960964,-0.0338060719573227,-0.0385000007853843,0.0113769980778251
"self-willed",0.14055370931253,0.187968456590641,0.0296124170913151,0.0763741284353546,-0.0121854372871859
"sensuous",-0.051341258143292,0.00869146059750806,-0.0212063692105194,0.267117795441613,-0.161667708332257
"serene",-0.150328862934583,-0.543832752584291,0.0543091895486419,-0.128067397509481,0.0295480096906395
"serious-minded",0.137014286040959,-0.03184203388552,-0.0223636272542747,-0.274193358701294,-0.101807463573141
"servile",-0.0433071392301933,-0.0658189937072011,-0.00365585736405651,-0.0142704920217527,0.00847835819388862
"severe",0.231503899365778,0.424203240621111,-0.0896755942512881,-0.328671990930179,-0.0315610278696533
"sharp-tongued",0.122859694174473,0.622589395610667,0.0328289621489745,-0.122327933705873,-0.0414415579275245
"sharp-witted",0.0947638043898045,0.0988187334457325,0.0575674870887629,0.0529012300560046,-0.166060824806641
"shiftless",0.038471976941494,-0.0648203034888456,-0.0433290173309704,0.171803091393602,-0.00428933684018768
"short-spoken",0.629666607471047,0.16840464475373,-0.247698277286195,-0.041102498234185,0.146707021365416
"short-tempered",0.132052694710606,0.422323836825276,-0.214584135872787,0.0232885955024143,0.131064478025587
"shortsighted",-0.0351777812707992,-0.0866050187025009,0.0640628458312131,0.170409538093387,0.219068326167641
"showy",-0.110238900354789,0.172029447059565,0.00929718602576507,0.23602188383497,-0.099707328567161
"shrewish",0.0561748614559658,0.23647663377869,-0.0432446476983954,-0.165475313842796,-0.00481937537047209
"shrinking",0.153583573220182,-0.141838599800152,-0.0685532139206114,0.0542188833710616,-0.0334025332604935
"single-minded",0.125764716727866,0.150680376127835,0.0428504015768529,-0.174906911089972,0.0285298036940426
"slanderous",-0.09899144264321,-0.0325331959258004,0.235512425206681,-0.0398689066178651,0.0523554112297815
"slick",-0.0458485113653161,0.259044159757387,0.465990158114809,0.29402189015119,-0.212566969885071
"slothful",0.0400767824654814,-0.054612735000596,-0.0685373932453032,0.133410478698858,-0.0035774822414503
"slovenly",0.0247216596138345,-0.0257943884040538,-0.0668238097945779,0.0963396768268969,-0.000837228532993325
"slow",0.0241304900829244,-0.301214863859972,-0.0640286022328112,0.0778905634024912,0.133582707962062
"slow-witted",-0.000640488837464647,-0.00788859934272487,-0.0636360100473142,-0.00696957366448215,0.00452701954547971
"smooth-spoken",-0.375247588884398,-0.0438619654125477,0.266943467953654,0.0285687943685678,-0.224343716120465
"sneaky",0.00686878791385018,-0.192822250323021,0.860266824708448,0.0502948224730942,-0.0209712439285334
"snoopy",-0.0869528879377033,-0.0642979516501726,0.349125914040987,-0.0860501949769787,0.0085821531811324
"snooty",0.127726661393988,0.0802201473646093,-0.0175547980775374,-0.0525564239722986,-0.0653417124365482
"sober-minded",0.0486104994095388,-0.144851265017939,0.013601456411362,-0.439203532372261,-0.0766468618019826
"soft-hearted",-0.401562057829268,-0.308834962113956,-0.208082152392955,0.0882077832070381,0.0776360644361644
"soft-shelled",-0.0785772087576316,-0.258762363154769,-0.0229448678550483,0.0178770314195921,-0.00351452531476164
"soft-spoken",0.0980971885231582,-0.742839535609434,0.164143623230164,-0.16616534971126,-0.0471164190198686
"solemn",0.36764910774868,-0.171224776555944,0.0255229768735094,-0.334349191900254,-0.0638081023377882
"solicitous",-0.568450924006281,-0.0801870896110393,0.0655351419306175,-0.219760829258731,-0.0323489911686581
"sour",0.159369234499877,0.109021686648863,-0.075382362582172,-0.0341822502660518,0.0476082541368423
"sparkling",-0.350094523592016,0.0797407495035027,0.050984275029636,0.278565433015745,-0.219488927315692
"speedy",-0.161553729112761,0.320203717214504,0.0343316238166168,0.0606110174013529,0.00480116412030085
"spineless",-0.0110539262161855,-0.0348569967025632,-0.0251398400523941,-0.00277734208036435,0.00903885364421821
"spiritless",0.0156995250604993,-0.0237891325191894,-0.0631250587864603,-0.0192045928454937,0.00475511069253974
"spiritual",-0.127237394401677,-0.223218193155185,-0.156422405955317,0.0529270932196586,-0.0815115677982174
"spiteful",-0.00907178999904732,0.0459513605773151,0.322468752708575,-0.0705053658904469,0.0301076056303232
"sportsmanlike",-0.130540162822885,0.282140647581787,-0.198014859061244,0.080880897678237,0.145905997377277
"sprightly",-0.365991303402056,0.0834884904843635,-0.0944848919069902,0.288848452248132,-0.030368668371139
"spry",-0.214605837861875,0.0903334736062942,-0.162411202049068,0.204040444753372,0.0453818140483924
"spunky",-0.240636321881518,0.228654343419096,-0.0951170011551229,0.400074114423441,0.0107922478803797
"squeamish",-0.0437460310305564,-0.0874074550313474,-0.0197781371548792,-0.00184377954792406,-0.00241030902585025
"stable",-0.0586307424582507,-0.0723262963712323,-0.00604794102250633,-0.230812982562587,0.0186245176758493
"stalwart",-0.0470314613543454,0.0848461156317633,-0.0417353009078554,-0.218747054180452,0.10579569210213
"standoffish",0.756062648080194,-0.0654283420322169,-0.107866337265585,0.024190329969598,-0.0822992933966704
"statesmanlike",-0.129521447617874,0.185117359314768,0.0255710849132095,-0.246939593811894,-0.197974412423077
"steadfast",-0.00670380625762576,0.0111770359630024,-0.0382268390474126,-0.255764801045081,0.0818905468526874
"stormy",0.113354482793609,0.353322485346151,-0.0748015009838763,0.207986569869707,0.00130379353094286
"stout-hearted",-0.0017721081823668,0.0938589231158533,-0.0346060032420076,0.0236834312115678,0.044354125350742
"strait-laced",0.0468605397065383,-0.188072007654879,-0.160286401530863,-0.684691713542655,0.161475940405415
"stringent",0.176389399450048,0.178739806795816,-0.021466616154838,-0.533957478859118,-0.0504640040636249
"strong-minded",0.0425837043364514,0.108561935372349,-0.025502672944089,-0.0116344180816023,-0.030276808393757
"stuck-up",0.160451172711705,0.126733776816989,0.0132864707756933,-0.0885578310662144,-0.0556633347416197
"studious",0.190431334306319,-0.157956463426825,0.0356409016799824,-0.266382709961869,-0.364321519292222
"stuffy",0.118776863349157,-0.0615886013707339,0.0195050397817942,-0.192787041238924,0.0119246982775635
"suave",-0.163311021769897,0.17040954933946,0.228926191311936,0.110814512120552,-0.242429460637472
"sugary",-0.170767910189497,-0.070803243889197,0.0105763329577669,0.00308517617712777,0.0214896041767024
"sulky",0.189799025218268,-0.0133807002239652,-0.0781956847005894,0.0629426856218219,0.0269954453622991
"sullen",0.39329016889234,-0.0841539904717787,-0.0767173479925183,0.0900794707761128,0.0543100580018049
"sultry",-0.0451846605031666,0.0723177805326699,-0.0743087618172573,0.160139920121412,-0.105252035306375
"sunny",-0.560014431208927,-0.0274664127212132,0.00347069627317332,0.203979189118033,0.130494728373993
"superficial",-0.081290505472461,-0.0337786219890399,0.235916224597217,0.0634296759890467,0.0293059361580911
"supersensitive",-0.0784428507030481,-0.176588390188521,-0.14720093760822,-0.0540806866300031,-0.112517291240563
"swellheaded",-0.0577214656959573,0.327405857923097,0.415883926145839,-0.0325267865639482,-0.0186260001649333
"taciturn",0.70482617849408,-0.19935698920089,-0.124765732650355,-0.012122256542251,0.0490617662112837
"tame",-0.0700161474220313,-0.49619020535228,-0.0143816597016805,-0.243037440208047,0.198551066504585
"tasteful",-0.0841677681371646,-0.00866251864751209,0.0352174769979536,0.0362866251060469,-0.0792431663682955
"tasteless",0.0288113710628959,-0.0257014156530068,-0.0157732094529729,-0.00180209418570598,0.00741138161307235
"teachable",-0.0660337256474443,-0.093761257648779,-0.0478765365368164,0.111280129095279,-0.176096340929157
"temperate",-0.104122560985545,-0.373500627033524,0.10443520323445,-0.303337459044897,0.0166055324463983
"tempestuous",0.0689402151970705,0.304488800049061,-0.145604319944888,0.235757609295817,0.0198903946650949
"temptable",-0.103425576146342,-0.0184600256191204,0.293110475566354,0.342997041993799,0.103703388622162
"tender",-0.402320122591469,-0.380337656814757,-0.0866009513766233,0.0357201391699597,0.01454837282364
"tender-hearted",-0.3829447011978,-0.354301080553543,-0.159918944225785,0.0611387422092554,0.0667509553071716
"tenderminded",-0.414279819793487,-0.432468535069375,-0.0759221214097786,-0.0213577365903979,-0.0540260862992321
"tense",0.100411721654406,0.256950770024548,-0.217776741468527,-0.0806626737973922,-0.133008135668447
"tentative",0.117082236209438,-0.387240399151622,-0.035724520836673,0.133656429091497,-0.108918538972443
"terse",0.662454223555877,0.18752562514787,-0.193817897688719,-0.067345486648101,-0.0101608866290902
"testy",0.214295042532707,0.415856127233311,-0.219103355446715,-0.0803750582418519,0.170760712349653
"thick-skinned",0.089412285543922,0.184153380104573,0.217153526170854,0.0455729422536064,0.198937815603897
"thick-witted",0.00148391935430033,-0.00968435448252764,-0.0625603919690128,-0.00662743399735529,0.000571068872910442
"thickheaded",-0.019586771780254,0.0339204531168597,-0.0947693976266117,-0.000294946696177664,0.334690993742773
"thin-skinned",0.0496262737978884,-0.00457845381809423,-0.175743048469693,0.0269202700826035,0.00400778633134915
"thoroughgoing",0.0269132263692111,-0.0204283985924025,0.029434846332471,-0.333915197370542,-0.0205454574874586
"thriftless",-0.00629556203077983,-0.0202116841187545,0.0641449266455069,0.289478481895056,0.0914709830420338
"tidy",-0.13326528775619,-0.0331410812611598,0.0281006964602157,-0.429810033859435,-0.0111682519132276
"tight",0.0927596931254266,0.194772309332196,0.0895854938140925,-0.239530139664503,0.203987581565124
"tight-lipped",0.575073566087139,-0.151314137100604,0.131707636999257,-0.232500240057547,0.0386556027004781
"timorous",0.0278921728584426,-0.172502070770637,-0.0803256263259635,-0.0303880975217153,-0.032087341119839
"tireless",-0.0396814928856832,0.0821699977338655,0.0204815911320062,-0.12315375963373,0.0466071928674952
"tough-minded",0.15502162094727,0.395389689654798,0.039993769958544,-0.16547570936104,0.117405497310043
"treacherous",-0.093897192427501,-0.0473650666180665,0.588269012505981,-0.0389187416267669,-0.0176121783739676
"tricky",0.109133082658966,-0.0062088058311431,0.662776003123182,0.1690655607916,-0.102843816383061
"trustworthy",-0.0512247819719365,0.0693954552553249,-0.436055311070781,-0.0654483925388059,0.00822277693634084
"truthless",-0.0522517999287727,-0.0642599859045283,0.440922738519123,0.0377441590500097,0.00179949878846892
"twitchy",0.0397046915270805,0.0465877941189863,-0.0844639237854822,0.100357455378572,0.0153484794288182
"tyrannical",0.0342708796070562,0.119432622539131,-0.000778437077137806,-0.100614685196192,-0.0394994127536021
"ultraconservative",0.059609634021739,-0.0222891129555061,-0.0229731457570356,-0.292194831461004,0.199875493990517
"ultracritical",0.229425792278959,0.406092251671585,-0.15152519327684,-0.324031845546466,-0.209559069446972
"ultrademocratic",-0.282259714529084,0.0627504056476539,-0.186612788528564,0.0427542207806929,-0.1857474366696
"ultrafastidious",0.142219066611758,-0.00703798118973045,0.114899071757337,-0.456039165265686,-0.207600506038889
"ultraintellectual",0.238419521777525,0.0617991288417903,-0.0162294574884067,-0.0926141638276385,-0.50420239631547
"ultrarefined",-0.0060530044732322,0.0498715418067169,0.0720764558610446,-0.11112213378118,-0.445132485642109
"ultrareligious",-0.0113574992546748,-0.0203595658187302,-0.0654079301004312,-0.0224540082516568,0.0226867491536554
"ultrasensual",-0.0698189311987092,0.101546723816025,-0.0569926275044828,0.214269571536568,-0.133967931453386
"ultrasentimental",-0.308239204708143,-0.250635455575759,0.0265449599830553,0.0198146546895928,-0.00690687783996033
"ultraspiritual",-0.166493918855936,-0.058912300152446,-0.167264420595793,0.0303438835770901,-0.125683587779901
"unaccessible",0.71444217456625,-0.13176283632811,-0.0267599602756151,0.104260619555078,-0.11387021642696
"unaccommodating",0.369728261473879,0.369567451714002,-0.0936465234707594,-0.149114965695615,0.0860607881429291
"unaccomplished",0.0079097808918658,-0.0515837717470725,-0.0398927682030331,0.0566237549917845,0.0177299250683406
"unadaptable",0.0999711574743743,-0.0861615082815949,-0.104298686312341,-0.197205897751398,0.283964426313249
"unadulterous",0.0210562742300701,-0.023057140641969,-0.0267580584938026,0.0614998317845507,0.0162258868056395
"unaffable",0.583225676388012,-0.133617477445904,-0.0671391684661658,0.0248491735604114,-0.0804741754202214
"unaffected",0.165262946968749,-0.295856531992105,-0.163918531674413,0.119748381963828,0.209691253890112
"unagreeable",0.382925353661387,0.218588419428394,-0.0275939026966197,-0.102762584044632,0.170674062574133
"unaiding",0.305259456026514,-0.0323601616788748,0.0973288857521902,0.0858075326519933,-0.0217646219342778
"unalert",0.0310465051895892,-0.0499067537594131,-0.0711252199545325,0.0885597341641462,-0.00342545109043305
"unalterable",0.153166213368742,-0.0399793514073693,0.0529592473948758,-0.34879530302536,0.223907356118711
"unamiable",0.628169007025213,0.0874376564325982,0.0434928046003567,-0.0433072307122025,-0.0655457208891218
"unamusable",0.0858696398522047,-0.0778811085962381,-0.0304733139759287,-0.0223058425897287,0.00983341345633285
"unanalytic",-0.117472726917562,-0.0204042417444363,-0.0661858516106955,0.233801229035471,0.287680997531556
"unanchored",0.238213352067272,-0.0845605468767609,-0.042075244086914,0.514931087081622,-0.08928478970324
"unanimated",0.146533554152507,-0.10888092524274,-0.0506418347601549,-0.0390080613061909,-0.0101941405777379
"unapproachable",0.71209189354501,0.0650841402915291,-0.130116644507747,-0.0353763517389914,-0.0941251886316691
"unargumentative",0.0608258195377806,-0.556509170455602,-0.0075568912863153,0.108971002067315,0.0146666724613123
"unartistic",0.0402383178444383,0.0749071018058616,-0.0653907064599989,-0.184987487808788,0.122977900402427
"unaspiring",0.00703529266189244,-0.115116584406575,0.00524110218551562,-0.00175705033803957,0.0896727343444307
"unassertive",0.155511186065837,-0.391270557756061,-0.0971648204502707,0.0439613386242148,0.00328468998618337
"unassisting",0.346866933050573,-0.00142063536355507,0.0218165143477501,0.0950101169453952,-0.0466001542320538
"unassured",0.12508236992827,-0.171027859739765,-0.123156809158953,0.209991363166859,-0.0837739923746894
"unauthoritative",0.0970584561868165,-0.389628987793098,0.0215590422824723,0.365130421048571,0.284652133812227
"unbashful",-0.337795187235319,0.387331557489801,0.0967881186855446,0.12844551280059,0.0690915294791603
"unbelligerent",-0.0224111048127119,-0.370257654726419,0.0341163406798951,0.0535098418629219,-0.0252757092173194
"unbendable",0.198455087136522,0.12401152408747,-0.0126692447308234,-0.306839569410931,0.169041214195313
"unbending",0.20495923197911,0.229680147397151,-0.113791194482675,-0.353939991950808,0.151217273361346
"unbenevolent",0.0512545475759615,0.083047205220358,0.564642188453117,-0.0765485057044471,0.00995612260878631
"unbewailing",0.143213042139385,-0.108219159788434,0.097369030213062,0.000651219930245997,0.0669369795061312
"unbiased",0.0770455178554319,-0.0609349228263728,-0.61488051513536,0.0656393068782347,-0.0870403647675605
"unbigoted",-0.0427706117664008,-0.060196835467395,-0.10466745106472,0.0908183318612182,-0.0516155039598095
"unblushing",-0.167381687673729,0.176583954805726,0.309324334441054,0.121425802167266,-0.0161521501692489
"unboastful",0.110938973934962,-0.295042696154639,-0.177139405508581,-0.0570359711949133,0.0927678081888603
"unbold",0.132577067693721,-0.765323656235543,-0.0177980107017867,-0.196551834211532,0.142885521650657
"unbookish",-0.0222226451066718,0.20870618261128,-0.229415200519482,0.300136422225396,0.521784140813246
"unbridled",-0.0741772565313144,0.284787913263453,-0.0331748353298159,0.475549895298027,0.00599750426825138
"unbusinesslike",0.0470112807650438,-0.300395547751983,-0.230944865395325,0.514148117710683,0.180304993024329
"uncalculating",-0.0171845551957158,-0.257865743647948,-0.161472904443036,0.313207181430163,0.274928477270912
"uncandid",0.123012475926834,-0.152371894049444,0.80184326081838,-0.0650811032918366,0.0890186774645254
"uncareful",0.0268663895726178,-0.0261739136607014,0.0192455244307834,0.401427829400473,0.087787570722117
"uncautious",-0.050201988513717,0.0679789187419038,0.0242400234122642,0.37187094785693,0.136744824514302
"unceremonious",0.34888982258505,0.0706855284696228,0.104697243013638,0.455493282356298,0.189076593517756
"unchangeable",0.129627514462784,-0.154696964254468,0.0769826187034511,-0.360513115830816,0.358740096517275
"unchanging",0.0351704611752513,-0.264276849723882,0.107836631717097,-0.403290844079666,0.433080792237567
"unchaste",0.00161159881949797,-0.0110739783190634,-0.0611309429373809,-0.00985022692444883,-0.0090482631226656
"uncheerful",0.6019575321651,-0.0487007588390412,-0.0922710042127369,-0.0891220398228796,-0.113507131162231
"uncheery",0.575921635647644,-0.0716699721638154,-0.0997799898968722,-0.090476097715087,-0.0604568298045794
"unchivalrous",0.127986049123084,-0.00858576152623542,0.323824011173762,0.0633261153869288,0.0257247234934734
"uncivil",0.112968068615841,0.118531693358965,-0.078216351868173,0.0331793189966577,0.0389277339264681
"uncivilized",0.0343003819630029,-0.00232155329043052,-0.0637553993991389,0.0198158401684915,0.0125175080835949
"uncompanionable",0.773689818444753,-0.120677295606753,-0.0745034115996142,0.0564829067179866,-0.101197828219293
"uncompassionate",0.220200118524128,0.17691144936881,0.335267760974385,-0.0679551250569052,0.00860364090661549
"uncomplaining",-0.0545319741434486,-0.384886919358938,0.131474428067519,-0.0278884621746795,0.101987617405355
"uncomplaisant",0.29867459706436,0.383833406886458,-0.060275010825182,-0.0629967074777648,-0.00460644212540271
"uncompromising",0.13439385476135,0.248989660536859,-0.028544182926418,-0.210947063290477,0.029564194519279
"unconcealing",-0.198255346018228,0.10152792846387,0.0742711988767893,-0.0199123411497833,0.0442777973404714
"unconciliatory",0.446404817811396,0.268739467394912,-0.0181131808130996,-0.160080714167039,0.137597562698362
"unconfident",0.125653062027796,-0.157832064835513,-0.12482348258402,0.0800902719575421,-0.0684577263984261
"unconfiding",0.629405984308294,-0.139428265184021,0.343203996903517,0.0162195381109538,0.00821481283169828
"unconformable",0.456840481289414,-0.123841963403577,0.000149077335456873,0.428232962465971,-0.0583767917170347
"unconscientious",0.0277730028833858,-0.0922149291482781,0.197158471352378,0.307417644571679,0.04340121603125
"unconstrainable",0.0389297857740444,0.322124138312003,0.0484431457654742,0.541461086813458,-0.115831629572883
"unconstrained",-0.0318609236113318,0.167730701366049,0.00630904803464563,0.580427050218101,-0.108639962912142
"unconstructive",0.118789262141463,0.0941060425529393,-0.0836700254084494,0.0111744602943942,0.0884287687927007
"uncontradictable",0.0617759837222464,0.0244697198120271,-0.151826852892337,-0.261088426536486,-0.06504008992394
"uncontriving",0.189196606904525,-0.234185895982679,-0.354845987420226,0.112002593579821,0.204637261804938
"uncontrolled",0.018954047922066,0.0920643265540725,-0.101245653539698,0.245843223671432,0.134367425185523
"uncordial",0.543158702368558,0.0806313999013979,0.00773486805420266,0.0309475823146787,-0.0306800688133875
"uncourteous",0.235670335715789,0.164882058083057,-0.00647033323621831,-0.00660919940929896,0.0490828445690959
"uncourtly",0.529143860852454,-0.188560083216978,0.0777684761075254,0.0669529050231089,0.313524666716411
"uncrafty",-0.169171962109498,-0.0110711013166873,-0.106822906154343,-0.0380162150619042,0.0929903899615939
"uncritical",-0.187553718377643,-0.181739471899847,0.117321284033729,0.106677789163081,0.23900288926169
"uncultivated",0.00848117962102338,-0.00499097480665644,-0.0524699863732873,0.0217484227564231,0.0815396738521832
"uncultured",0.00643527021580477,0.00207553513186301,-0.0569358024052394,0.0250551860715027,0.0753312835384141
"uncunning",-0.0315855975579011,-0.130449013745397,-0.517076415037528,0.051755574356431,0.293349330244069
"uncurbable",0.0342165657490806,0.196372648741126,0.0679060249344875,0.142673316804573,0.0171874006221082
"uncurious",-0.0116996387468694,-0.00965846287276047,-0.0740945963482357,-0.016977274202086,0.0917735121311154
"undeceivable",0.184288251783596,0.0494809779326034,-0.485443546008822,-0.0177876615670186,-0.0280150888134829
"undeceptive",0.0886104614828403,0.13873425603534,-0.823752423935809,0.0181247112988846,0.00910819801442426
"undefeatable",-0.0152968865568666,0.364289633765811,-0.0390058385786381,0.00345085776782422,-0.0847056497044969
"undelaying",-0.0753677494902713,0.154918824888931,0.0466842737882199,-0.281776276926361,0.0655142195148636
"undeliberate",-0.0203821990348495,-0.102954734561861,0.0242015256437455,0.324985518624525,0.0653532867674443
"undeliberative",0.0426828543898215,-0.037850072800314,-0.0746037788462853,0.440842244761374,0.131514089047949
"undemocratic",0.0490119347471148,0.0947143943382632,0.145747523194842,-0.108131993733366,-0.0336143654346763
"undemonstrative",0.687116534103788,-0.290095577632035,-0.0770518408867546,-0.0588731462726832,-0.021987155639132
"underogatory",0.0226350070395859,-0.0391105234567968,0.0435130745835087,0.0552974940639124,0.0580261659245162
"underwitted",0.00584610192561718,-0.0178069720314059,-0.0548038886262298,-0.00418110864275032,-0.00323674302782683
"undespairing",-0.0221363432164217,0.0294512708226282,-0.00916328149286183,0.0213324049465981,-0.00181073149320363
"undespondent",-0.06497990409551,0.0221032833410928,0.0188854113239994,0.0480205184903208,-0.0199694810467327
"undeviating",0.00949896202366255,0.0067332865995629,-0.0234233859857853,-0.483681287266336,0.0924110202174712
"undevious",0.0250508133587875,0.0753678078396141,-0.814448139126249,-0.0180891175125867,0.015038509079256
"undevout",0.325469530834383,-0.00556941392156718,0.184052097774349,0.162478694078925,0.0374743127109551
"undignified",-0.00776408354727907,-0.0429115807924054,0.0966053508269331,0.0941757862709196,0.0723530194338596
"undiligent",0.0558583365144492,-0.0774768189968321,-0.0611524054957919,0.305585324402091,-0.0115478947003515
"undiplomatic",0.264372088822944,0.342787820698079,0.00999378165868511,0.0570029428672984,0.19138332922592
"undisappointable",-0.0280495462215724,-0.00100734826334628,0.0454576685379075,-0.0945850836230539,0.113563489276222
"undiscerning",-0.0373693823921074,-0.0135881210863433,0.0106592038502091,0.10072261674723,0.147701591990828
"undisciplined",0.0644123036736821,-0.0511902619352635,-0.0475588550390845,0.448136385497105,0.0754613001484016
"undiscourageable",0.00325449113561717,0.0870667097271041,-0.0201185125187488,0.0301216375680048,0.00116521623247036
"undiscriminating",-0.100875718488229,-0.0621523022878901,0.0605792542741758,0.125145921904817,0.228576053557611
"undisguised",-0.181963549055892,0.239146507779879,-0.361975843975969,0.0513906447796422,0.157027773778416
"undisturbable",0.0719324345704955,-0.239635436085009,0.250545277480681,-0.281533356660433,0.091173855642271
"undivertible",0.209920280784182,-0.0478720127193406,0.0777761599698621,-0.323845409533872,0.0901540154578618
"undogmatic",0.0510057421674855,-0.174983596440043,0.0387648879569165,0.244969756332826,-0.206094357947363
"undramatic",0.178093482726026,-0.374252037216715,-0.0651975289313313,-0.219030642571334,0.153551857721625
"undutiful",0.119189944965688,-0.05689032665425,0.185084457181584,0.197424740932463,0.0340220702926534
"uneager",0.164738687337839,-0.252129503733721,-0.0287622010800908,0.0203321999707773,0.122520316994675
"unearnest",-0.0678665918326267,-0.0453801053845912,0.332297273239905,0.058429925940906,0.00933281177311355
"uneconomical",-0.0261112610941062,-0.0560236066646493,-0.0145075098806967,0.329089296843228,0.089154714418258
"uneducated",-0.0161909675372024,-0.0436912276287469,-0.031822724592084,0.0112024653882374,0.122316256053378
"unelusive",-0.102537092623702,0.0713593198687827,0.00194660866083091,-0.0234745287934543,0.0233085368151147
"unembittered",-0.0604391537644446,-0.112656754524152,-0.0985201211620698,0.0754095290689923,-0.0240039104653519
"unemphatic",0.319483946980185,-0.274975549593473,-0.0280558499349342,0.0497522213689736,0.109868564876029
"unenlightened",-0.0172972416150693,-0.0186604286508477,-0.0387567328474352,0.0244228331821756,0.134640440811516
"unenterprising",-0.00770164624063754,-0.140385301104569,-0.0187367348937545,-0.00928992592006657,0.0926433388410397
"unenthusiastic",0.066448861033887,-0.110001336697415,-0.0293919008013252,0.0028465045669901,0.0378009475302099
"unerring",0.0498371658193911,0.0428420235309713,-0.0135617068861763,-0.332619304074039,-0.0128706284408439
"unethical",-0.145344098811749,-0.0952638121874283,0.736013283272071,-0.0397801888669679,0.0217772864009943
"unexacting",-0.0470589434719657,-0.162724575473793,-0.0592677146974882,0.353795329477481,0.158730534289862
"unexpansive",0.582718537898389,-0.346360975484604,-0.0278047804394551,-0.237007200415286,0.209431072327754
"unexplosive",0.0824697644476314,-0.38459128309127,0.144202471049809,-0.173816530531887,0.0145396131016403
"unextravagant",0.106841912880895,-0.283677101285179,-0.0974744728658152,-0.204715000479301,0.154047072598333
"unfailing",-0.0732103143177341,-0.00710418782200081,-0.0639615722061622,-0.339967781433582,0.101075011086127
"unfair",-0.0585100223987354,0.0956190904479255,0.633631216101952,-0.107583017413734,0.0238229031558998
"unfaithful",-0.0161173970329866,-0.0277853385730922,0.047381797137647,0.00695798011645114,0.0102420772061232
"unfaltering",-0.0438726045166542,0.0799676831106463,0.0140480372938698,-0.30988245707107,0.0873240819546672
"unfearing",-0.0184542866607704,0.200926720707136,0.00712075302272728,0.0971590151555859,0.027054209046995
"unfeeling",0.156117680740519,0.0190671852364665,0.0549498859837185,-0.00575894442078227,-0.0234909975687277
"unfeigning",0.0231913954069385,0.0702334926760629,-0.680458643075949,0.0013029010351166,0.0758983099727663
"unfeminine",0.212190950912715,0.0434217006136582,0.126208272199493,-0.0577691373922558,0.258189866778218
"unflinching",0.0535186208920723,0.205011472094504,0.0197338084152091,-0.101249100493152,0.0703338151273002
"unfluctuating",0.0675756065072527,-0.106654213597947,0.122855534408305,-0.491109080815971,0.181134617104339
"unfluent",0.0551627525567352,-0.133356531548909,-0.117704863065865,-0.0308507634074021,0.344211762592608
"unforbearing",0.19523637325024,0.421256815278626,-0.101300220310785,-0.107253458928636,0.125596489982327
"unforcible",0.208267916014956,-0.436425425591645,0.192443482859474,-0.0209605552497571,0.228991676361448
"unforgetful",-0.0471804004881271,0.0429666748395019,0.0590528904051059,-0.261980892038618,0.0114572666504336
"unforseeing",-0.0420487032891183,-0.0948531190610725,-0.0272058378702971,0.300189853493634,0.212851214328083
"unfraternal",0.41837332632032,0.00849198205733511,0.103535628689547,0.0142626271353235,-0.0341575310412036
"unfrugal",0.106730887292144,0.0943266883739729,0.0956749222450645,0.379440191195327,0.0924947765446969
"ungallant",0.163039633638133,-0.0257653934256433,0.192841552804959,0.0478804174324822,0.0697593020130268
"ungenerous",0.164747646760848,-0.0281148366895608,0.375879730279887,0.00280443736387933,0.0342520590043166
"ungenteel",0.230914664184694,0.0487688264569074,-0.0073953252578043,0.135837261157525,0.215771218191187
"ungentle",0.186627681915669,0.409540446177862,0.00676676784800036,-0.048988247406131,0.0890798397278587
"ungentlemanly",0.061960675315927,0.0216281966219761,0.147551772575547,0.0805647692644098,0.081932220320034
"ungiving",0.379943315148629,0.0209602028801772,0.220669451597268,-0.00577703845247256,0.0172331775177273
"ungovernable",0.111545801392232,0.0601272806288036,-0.0245284623371173,0.191889327798999,0.0492301218161009
"ungraceful",0.160294484916001,-0.116846738462258,-0.0700197686858766,0.0482889243139016,0.0386985359744521
"ungregarious",0.792737804690367,-0.290035762428123,-0.135364730235009,-0.107476320778178,-0.0433980385267542
"ungrudging",-0.168376892751136,-0.158876017243982,-0.200676788915621,-0.0634285508163361,0.0487325183532167
"unguarded",-0.27568011278073,-0.0594655064556702,-0.202140208597242,0.380993391942204,0.132252203032433
"unhardened",-0.0631464709885838,-0.419284961006317,0.0412474932969981,0.0988896237635154,-0.0949946608739303
"unhardy",-0.00604177372058056,-0.333223032678104,0.146656236670632,0.116303996971749,-0.160689309102462
"unharming",0.0221796282866069,-0.134430603802287,-0.407617395975227,0.0598051643915564,0.0150551253467499
"unhasty",0.05927929692996,-0.254776778951693,0.120109367666769,-0.174266020536367,0.0491709751951073
"unheedful",0.247195116373512,0.00569682995301054,-0.00377770606484148,0.460159661275198,0.0787482933413101
"unhelpful",0.224961940382503,0.00679325845686804,-0.022788780913671,0.0892868189022426,0.00545337205633672
"unheroic",0.205548264917193,-0.342325980256093,0.352817229901269,0.0221465554779118,0.032130230581067
"unhurried",0.179499238419773,-0.520944285103323,0.157072214877219,-0.101721919251505,0.0875358485179188
"unimpassionate",0.123783174382231,-0.0357672934187681,-0.0223145562796392,-0.0730872216452355,0.00431184895597006
"unimpatient",0.115132621215831,0.218584390535959,-0.00879360140950251,0.0939039263326502,0.0106095279941369
"unimpressible",0.197933756634084,-0.0550858129279032,-0.0586312453306955,-0.141601924210822,0.177243761637658
"unimpressionable",0.0626639228715066,-0.0883158703712136,-0.0232455572331505,-0.123090142488734,0.229589439114779
"unindulgent",0.305398181238495,0.161114355425639,-0.107247070494902,-0.212900376703065,0.00689650626715294
"unindustrious",0.0392972439458021,-0.0596506097243918,-0.0706558590732497,0.221134927835881,0.00328887238129524
"uninformed",-0.0251193383145116,-0.0449014422248937,-0.0511576425349534,0.0689169367655251,0.137390017474656
"uningenious",-0.0672328914232787,-0.0437144132750799,0.0158284445348839,-0.0117173452266982,0.103384067102398
"uninquiring",-0.00649801696924205,-0.0716105310878826,-0.05198448822041,-0.00368380492462905,0.272317930532692
"unintrospective",-0.00302721357780051,0.0894024869373548,0.0848674771516572,0.109653733905099,0.292024309569227
"uninventive",-0.131132846655849,-0.124206242296745,-0.0514376112551455,-0.170110574129736,0.245503108412946
"uninvestigative",-0.16266673513102,-0.0609398085569236,-0.0896253486951879,0.130689488733871,0.275650817467737
"unjealous",0.0960995617614293,-0.0962750700404167,-0.0952400219140556,0.0818421323252555,-0.00713279599218974
"unjoyful",0.349647674852284,-0.0683302880656865,-0.0132622725347267,-0.142529126896647,-0.0205161104543473
"unkindly",0.169145480459525,0.187451929074646,0.232845694981998,-0.097452197908857,-0.00888999737544695
"unladylike",-0.0360771492047274,-0.0257611396021753,-0.0752221108000972,0.0211443337903228,-0.0510446044882638
"unlearned",-0.0416622390172512,-0.0600027368271622,-0.0347470884424588,0.0679916381735765,0.191744612719273
"unliterary",0.052921709699527,0.103769006954694,-0.115192631590914,-0.0523418532162088,0.574452611773045
"unlively",0.27258903073485,-0.192136557653901,-0.0749767586524189,-0.0717738463059344,-0.0204772248609418
"unloving",0.176775272618178,-0.0123331884462512,0.0323840320807259,0.00635888210720267,-0.0359043191925934
"unmaidenly",0.00203946060622275,-0.00300434025525008,-0.0620848340999716,0.00641681480997816,-0.0105921870615741
"unmalicious",0.0823330504609541,-0.0498646244421006,-0.578377398945938,0.128983640931195,-0.019893815397209
"unmalleable",0.314823199917797,0.0597012590341983,-0.153867299547374,-0.279007253199054,0.245937759274172
"unmanly",0.0651514379338755,-0.0800942893702807,-0.0267496746001194,0.026289375023589,-0.0070676851760722
"unmannered",0.274306535234712,0.0172975829404567,-0.0221794378457888,0.127612642154512,0.0455946644060481
"unmasculine",-0.17202015452709,-0.244014105950021,-0.0142551996215994,-0.00836730163164891,-0.190076888056056
"unmeddling",0.25245014856855,-0.33381547166572,-0.307172298350562,0.245931180907232,0.0375436265293588
"unmeek",0.108508232435718,0.372344326000005,-0.0385995034759036,0.109367986002851,0.013192682938938
"unmelancholy",-0.11539951337452,0.115590943987609,-0.0388248067969817,0.0690657380733675,0.0264325027037181
"unmercenary",0.0492074574774994,-0.135258496918434,-0.492322908035208,0.00127227949080225,0.0379181309843792
"unmerciful",0.0679140437799729,0.2721195512757,0.11992048644802,-0.121302263714037,-0.060413206044685
"unmerry",0.494361889828172,-0.074171647829168,-0.0428798057400926,-0.0660033270908799,-0.00541018266502581
"unmethodical",0.0497807743450363,-0.0439952668487566,-0.123486578974026,0.476267989783107,0.0294209110724747
"unmild",0.135670017684061,0.380285552723212,0.115919755249864,0.0813022534301541,0.0940500704805329
"unmindful",0.141644495761531,-0.0697093169104031,-0.069739838412619,0.360659203172538,-0.00500671278958895
"unmirthful",0.503942911143127,-0.0432377422274014,-0.0408847905746291,-0.249105826560384,-0.0829134441361086
"unmodifiable",0.218380384472895,-0.127107351849157,-0.00139865384775421,-0.237588790762597,0.38852379739285
"unmoralizing",-0.0539141393029741,-0.0140523297861343,0.604225387808057,0.0117145359800141,0.0187693481554129
"unmovable",0.180004061416467,0.0164075595951857,0.0189522284067611,-0.337675210585078,0.233586116035407
"unneighborly",0.512527385314457,-0.0879659533665559,0.0670315875863925,0.110756632726011,-0.095429781247497
"unniggardly",-0.100803097271209,0.0301476098893488,-0.0479938699017879,0.00144421338514538,0.01093079625723
"unobliging",0.372061017187015,0.1251288320666,0.11312169043414,0.116902421361396,-0.0618498463457205
"unobtrusive",0.306451956085178,-0.698647656530653,0.00581210300095286,-0.0971652131258251,0.0368605733713285
"unoriginal",-0.0362216487686192,-0.0357258721086969,-0.02299704874161,-0.0312634289563371,0.0663744608627162
"unostentatious",0.131386289029392,-0.300749468404529,-0.115891597216645,-0.130118000756375,0.136496395608928
"unpardoning",0.219778928201017,0.238626976917702,0.237984425396862,-0.105281306241289,0.070519276708026
"unpartisan",0.0837021520798715,-0.133018886702708,-0.271735639423226,0.0575935751059433,0.0331441163417944
"unpeaceable",0.0932252878794906,0.249455890734616,-0.0342292298281064,0.0220664090513384,0.0408848849611343
"unperceptive",-0.0263541418485455,-0.0191555412817093,-0.0249897163675285,0.0282936663266524,0.125076102722683
"unpersonable",0.734581812982374,-0.0364164880016961,-0.0808993845592122,-0.0356171806520109,-0.0628311347529751
"unpersuadable",0.404480801053907,-0.0704200988550097,-0.171817761050094,-0.0944308919303919,0.330398012116307
"unpersuasive",0.264546991568635,-0.171373744659959,-0.125747049406183,0.0357309866350691,0.148832810912112
"unphilanthropic",0.291206222128773,-0.0106160398763994,0.249205652702415,0.0523658492349795,0.0540674023310198
"unphilosophical",-0.0270289293394723,0.0659668301672827,0.0388727792033557,0.0619907932377913,0.410818107741622
"unpitying",0.226839049367294,0.247660397495383,0.266633333093819,-0.0461948727861141,0.00229464251279304
"unpleasable",0.229483048572926,0.287509037354427,-0.168643701047295,-0.206631634088783,-0.0945355790638383
"unpliable",0.241751929044692,0.0625173918494978,-0.02603224142133,-0.14937372851911,0.195060407593257
"unpoised",0.10405063346925,-0.0453240796749437,-0.104794576435294,0.133475338769629,-0.0255796873209602
"unpolished",0.126507361994953,-0.0585776065529163,-0.0828988301107184,0.337786074187619,0.235900508635051
"unpolite",0.336735445753005,0.250029300124042,-0.0857351168940574,0.0456526825585918,0.0678556538086844
"unpolitical",0.0661667243991318,-0.174843313022255,-0.00889546860815344,0.0837140893619095,0.217044274351823
"unpreaching",0.239147331136168,-0.234006541351672,0.065524259310854,0.187368414382403,0.112141068542192
"unpresuming",0.0857600175841088,-0.527715128894247,-0.211476896414004,0.0850535908033116,0.140176191653416
"unpretending",0.0789260785468839,-0.211731870445141,-0.392466581722011,0.0245482030179328,0.194778666614608
"unpretentious",0.0337502423541069,-0.17584087018247,-0.29101632741464,0.0555163254136852,0.211079995868184
"unprincipled",-0.137410098219466,-0.0689293799570519,0.70645134219284,-0.0220360306150334,0.00978713959725587
"unproductive",0.0298425980573619,-0.0649229036425856,-0.0758342889445685,0.223702599269734,-0.00436094960162309
"unprogressive",0.0367992469966303,-0.251696563121686,0.00442007409979724,-0.219044406864764,0.479249719268929
"unprovincial",0.0322740563585508,0.111466542765048,0.0228361311308494,0.181401707127855,-0.466628375578327
"unpunctual",0.132197802103644,-0.082133668183044,-0.0893292021868349,0.416958066332484,-0.0451379261289706
"unpurposed",0.0106337646866327,-0.0198056662587823,-0.0613718217737563,0.0197862496600023,-0.00314430364856246
"unquestioning",-0.0616838550402376,-0.182641290256266,-0.0390117661039328,-0.0737198395247637,0.372298367651679
"unrealistic",-0.056942934350454,-0.020007886723228,-0.0145321985922607,0.108256483284302,0.0105623642037794
"unreasonable",0.0625348692716663,0.368184932090314,-0.0219290928468867,-0.0708142318541966,0.10071081478353
"unreasoning",-0.00188086404303735,0.042911590205024,-0.0803020231027771,0.0405296342709957,0.123616721379388
"unreceptive",0.433517255816489,-0.0516094373429081,-0.0948938629791519,-0.0729469302717023,0.175150358090197
"unrefined",0.080078812580248,-0.0064717236908008,-0.0541755734102589,0.184317067580433,0.244584692854449
"unreined",0.154809536674778,0.0876762163139389,0.095771560023777,0.564660639773799,0.118290993546282
"unrelaxing",0.205178219057824,0.44535080316155,-0.192423714995107,-0.121050448619851,-0.234582287931777
"unrelenting",0.0930709300435543,0.275967544789539,0.0320824872643804,-0.154988604333336,-0.00389973146888744
"unreligious",0.0937443607190728,0.0215932772299289,-0.0498795892997989,0.0848261374624,-0.00832250066813879
"unrepressible",-0.37394930750776,0.323705601248107,0.0481955064739951,0.383983744513206,0.00468493768626047
"unreproachful",0.0126706945424344,-0.21410420915663,-0.452779488973511,0.103112177976657,-0.0315659016383988
"unreserved",-0.546406426158164,0.310776366104875,0.042696837454105,0.335393411176099,0.180496797016861
"unrespectful",0.106049067003703,0.118601222954097,0.282247436176044,0.0238553690829615,0.0865780106954524
"unresponsive",0.369178806645932,-0.109344009219053,-0.0679994784172833,0.131931305072223,-0.0313289634836917
"unresting",0.11822753114432,0.240314582101081,0.0069096522207967,0.0196367743775213,-0.105339611785995
"unrestrainable",-0.0799320341262466,0.361861198930251,-0.0277164363466813,0.494380315467588,-0.0628228479837211
"unrevealing",0.443546036847421,-0.295413569106667,0.31675807185679,-0.0451848493534256,0.0345095044523541
"unrevengeful",0.0272252366991234,-0.11765884055224,-0.155839436470529,0.0587917179834092,-0.0282827576088744
"unromantic",0.410773548898802,-0.03613425156119,0.0217888196278414,-0.0832351418559599,0.101283563315908
"unrude",-0.141014085837681,-0.203419762815677,-0.0319612254079412,0.00902199982573415,0.0052513625276275
"unsaintly",0.0100055280132472,0.102781543837336,0.65404223441765,0.0848897933568787,0.122805274885417
"unsatisfiable",0.178114271929603,0.279936490844611,-0.0036268606469542,0.0606776827133768,-0.20016820379588
"unscholarly",-0.182325583269216,0.0342633867898791,-0.0964043719259783,0.166392364284356,0.567791347266401
"unschooled",-0.0114654761445164,-0.0760118432312111,0.0014205728626751,0.0761293383718765,0.269631890163158
"unscornful",-0.169640137916348,-0.186101184085045,0.0316899437316131,0.0901465992357613,-0.00260720948266728
"unsearching",0.0247749092323005,-0.175668399647545,0.049005241996358,0.15148532675453,0.264622447285311
"unselfconscious",-0.201009480139283,-0.10579185059246,-0.0462149252498231,0.319695485213954,0.232455896594995
"unsentimental",0.379032041023853,0.366349609732844,0.0325956231612437,0.0845151291447475,-0.0862880818100398
"unsevere",-0.0128014023750787,-0.163879474715174,0.0878430693834972,0.101771417116244,0.0193517516560714
"unshakable",0.0176632893312051,0.0706371776762159,-0.00742725595048305,-0.182588721001163,0.0393703597487719
"unshrinking",-0.0172530391846654,0.199769374976592,0.0213271673920488,-0.0557599008747859,0.0405962924578217
"unshy",-0.470552057853872,0.322037464487618,0.0440462442677373,0.0173601492518383,0.0892655510283418
"unskeptical",-0.251913773314612,-0.107159697434499,0.155254174276403,0.102918127454839,0.444543671864021
"unsly",0.0845570687186972,0.0568475967305623,-0.665889655294031,0.077115094924278,0.0983702537179836
"unsmiling",0.496240223993121,0.0332371212779318,-0.0745302949761535,-0.146966380469765,-0.0319192283818105
"unsocial",0.68575924682815,-0.221724893398137,-0.0654955767612644,0.0336455891688007,-0.0500319455828823
"unsolemn",0.0379148348223772,0.0499247146442666,0.0671785703633237,0.362440935026303,0.09727851612626
"unsolicitous",0.706538101877092,-0.0757797334309133,-0.0133224507068112,0.135457469285821,-0.000664148808101136
"unsparkling",0.320754716598991,-0.287484387997659,0.0306218960717224,-0.297766939728047,0.235499376608852
"unspeaking",0.55950509136973,-0.266998311591292,-0.0807050506665168,0.0542435914613271,-0.032885746126824
"unspiritual",0.123363593631863,-0.0500000629343056,0.117117577441389,-0.0750963100219505,0.0470076489661352
"unspontaneous",0.247366317291295,-0.26146043736555,0.024718884164493,-0.562261507218358,0.058193127076392
"unsportsmanlike",0.00792590049468551,0.0380030942990962,0.0537875730008252,-0.0140488761392191,-0.0304500609112953
"unsteadfast",0.0249250242085824,-0.118513562474375,0.133804694045782,0.416757647285515,0.0429182456969982
"unstirrable",0.352793107449062,-0.280374430309492,0.189874293140214,-0.308873697629291,0.19620093162772
"unstormy",-0.0126581297774953,-0.246360437745946,0.0474692654747798,-0.00899518504633613,0.0264471572943456
"unstudious",-0.102922268798566,0.0271585010239158,-0.0495156608555005,0.335706169930591,0.561048445423192
"unsubduable",-0.00319805157897599,0.143766773763817,-0.01648456678498,0.00912797322410745,0.00287004244174919
"unsubmissive",0.224124129641323,0.158615271947736,0.131872580947365,0.0483989137782309,0.137877238396598
"unsunny",0.470240531356542,-0.138393730469798,0.135301572033999,-0.145141878162141,0.0175178008671255
"unsure",0.0362388358508572,-0.238445477309063,-0.0885991867663464,0.184869377767239,-0.0285506826709548
"unsuspicious",-0.0234496627422209,-0.0866924367460194,-0.402703827293445,0.139517640507184,0.0248750118594654
"unswayable",0.114612456109731,0.03560435966722,-0.144409375916725,-0.219295647296514,0.112505653216254
"unswerving",0.0123775231520436,0.090653829782486,-0.0978754770373923,-0.28167829500109,0.0717587517933699
"untamable",0.201740573453418,0.28444687189587,-0.0363391777899333,0.49967945373507,-0.00190327700924437
"untasteful",0.0146967719546155,-0.0213192574881842,0.119272295106054,0.0148771378672001,0.120773347792655
"untaught",-0.00692740417827729,-0.0467265936546053,-0.0329965700510832,0.101163468879979,0.134685209633558
"unteachable",0.0406950265175675,-0.0144572552892856,-0.0901112265558884,-0.0470798063966671,0.203199986377304
"untemptable",0.104628575795102,-0.124315862850386,-0.299170754199232,-0.201233764063145,0.00452582898391193
"untender",0.517443507259519,0.258792985654815,0.0371086660935775,-0.027124572340349,-0.0158322790450309
"untheatrical",0.219421399466698,-0.274586343598245,-0.183334425756621,-0.226626999180394,0.253547662929219
"unthinking",-0.00760161502879708,-0.00101876723194932,-0.0428377287139333,0.0739970288130755,0.0683824267049535
"unthorough",0.0363296959766627,-0.0518231275780553,-0.0376995101870394,0.352213296380935,0.0124132598127576
"unthrifty",0.0353914894353262,-0.0649576286006752,0.0426971735690065,0.292087620588881,0.134398030162595
"untidy",0.116780356498841,-0.0986880876112628,-0.0881522054880871,0.456844951791518,0.068674901780188
"untiring",-0.0300444597131656,0.0187636539556837,0.0153110646077923,-0.133388718261021,0.0718587972375746
"untrained",-0.0070105121597249,-0.0456225031288747,-0.05807583693484,0.105088962319198,0.019235964800838
"untransparent",0.303375434517383,-0.240880754097723,0.745792849228818,0.108228869854201,-0.0352304281807928
"untrustful",0.0733474875747018,-0.209546467707189,0.791133954585743,-0.00318836317722956,0.0303299242780262
"untrustworthy",-0.120168123206534,-0.160179550642923,0.78243473614192,-0.0169964386423572,0.0388437096530961
"untruthful",-0.108035977058944,-0.0943008183301086,0.689404984508594,0.0153984285196296,0.0213755107554413
"untutored",-0.0182098215962754,-0.0487684919833188,-0.0457296910399966,0.041277726637899,0.120055343007516
"unvacillating",0.0229501581780118,0.117515663117101,0.00438324078352515,-0.341968769040715,0.0552481873673723
"unvain",0.0683607390749933,-0.143247251724565,-0.140053120723953,-0.0227006077254261,0.115476448111907
"unvaliant",0.014097701834013,-0.0891871056751215,0.067810039805805,0.0124852631759567,0.0122951085647536
"unvarying",0.0584120260789201,-0.150055203892123,0.00910059898524325,-0.475927570984756,0.399222828947434
"unventurous",-0.103756932092678,-0.327927792609551,-0.0400866829371538,-0.324225875472156,0.262284399180398
"unversed",-0.0417500840486245,-0.0991122177917295,-0.0494121694757867,0.0818437224661595,0.185498997071719
"unvigilant",0.0727681774889748,-0.079330994062938,-0.0482001277348923,0.332097098073114,-0.00780628801206657
"unvigorous",0.0765951110749112,-0.245092418372914,-0.00740888193316018,-0.0208219681920731,-0.00131771181643064
"unvindictive",0.0838429075551689,-0.136135293614974,-0.504007101120813,0.165667726506676,-0.00685009307256731
"unvisioned",-0.0581507686853294,-0.140013044471217,0.00743617792229679,-0.0241990489935108,0.15459862340364
"unvocal",0.618894649939876,-0.331310267979568,-0.0346326070185778,-0.073820262152787,0.147551606337623
"unvoluptuous",0.0953774514591694,-0.187054509208091,0.0834944128871884,-0.0807050284351961,0.182155031932193
"unwarlike",-0.0217722026365687,-0.152641927272059,0.00433096990704893,0.0393650489854428,0.00695392273272151
"unwary",-0.057990096564015,-0.0854542014438174,0.0823720189530617,0.169042995164627,0.157873259023199
"unwasteful",0.00197320262785484,0.00058073406108191,-0.0383139369777845,-0.203612110812851,0.000297100529352771
"unwatchful",0.0655820575515683,-0.0541805369935747,-0.0622442716037692,0.217367979511268,-0.0137629948131131
"unwavering",0.0119166665330714,0.0597164757905148,-0.00547732749127158,-0.208308151126879,0.0689521081566385
"unwild",-0.101093083935842,-0.129617961132075,0.123584356022541,-0.242612860141617,0.00376606528485648
"unwillful",-0.000106069743852982,-0.18053683245374,0.0931961852201605,0.0550031089875101,0.173003544540778
"unwily",-0.153417200397525,-0.342744431375357,0.0706605121754958,0.0948629118618884,0.279688162308655
"unwise",-0.069998403612239,-0.020562327117813,0.0460599720387435,0.204261479125051,0.205103586006006
"unwitty",0.0166808926246566,-0.0513668953467289,-0.112837477077155,-0.120228896460926,0.141217316242516
"unworldly",0.107528318531303,-0.291229887781462,-0.0117355062008615,0.0420653423677432,0.112832098365077
"unyielding",0.1661811805588,0.299628572563207,-0.0364595611582278,-0.216698384799699,0.0754486079034893
"unzealous",0.0114504030351264,-0.203007666760351,-0.0145657231730614,0.0544279444013599,0.0552622321524824
"urbane",-0.22763587653674,0.202725521435201,0.13581165568644,0.00778446875586096,-0.408679253467498
"valiant",-0.186396915094764,0.274206119334372,-0.121426798476745,-0.068322045929758,0.0852986981669791
"valorous",-0.113612478652865,0.297694216713597,-0.19249859568545,-0.0397667736401177,0.00208556868083561
"variable",0.135331417022709,0.00291852944103947,0.150622395594464,0.502798812478369,-0.264764417071193
"vengeful",0.0120440652963329,0.0419434650856292,0.0478307716992876,-0.025709790168383,-0.0071109739260532
"venturesome",0.0178396830997085,0.363408566537802,-0.0464349918329293,0.481717584225612,-0.172167841014185
"venturous",-0.0173041627829665,0.375544520037117,-0.0527201804020793,0.49296501236537,-0.159466033096934
"verbose",-0.108737669332278,0.0548459506620605,0.0430612466742898,0.0405209668951575,-0.0818882177173217
"vibrant",-0.374248142412785,0.209239271593468,-0.0566637893269054,0.401095394362952,-0.152545638562162
"vigorless",0.0513560578897924,-0.180765306375685,-0.0310891174981277,-0.0281539579902643,0.0323163456990633
"violent",0.00148867995441999,0.0140572683096898,-0.0759171956696323,-0.00115739548999897,0.0345401556856475
"virile",0.226449516113299,0.278352489490567,0.0185963328603557,0.0905072204290263,0.287384346362831
"visionary",0.145505581927128,0.215209137752086,-0.114870594797262,0.232341367325275,-0.495545000019257
"vivid",-0.203030927223862,0.108371718105605,0.0229948729307163,0.324338489284018,-0.116843879478867
"vocal",-0.453073175117221,0.431138010397651,-0.00637709591767904,0.121043563172787,-0.0763660821816391
"volcanic",0.0422757211645104,0.261731157875463,-0.120351355566865,0.135896507827621,0.0100403172620078
"voluptuous",-0.120388818941093,0.000935911346596465,-0.110101093639769,0.103172322144979,-0.113231708738782
"warlike",0.0134143860987613,0.0146964053342365,-0.0673311105200044,-0.0131476498848506,-0.00941536769651702
"warm-hearted",-0.456213194240847,-0.116478419287381,-0.129319943633356,0.0271811907798088,0.0802373739599028
"warmthless",0.703489562930481,-0.00334307366116154,0.107745918304356,-0.0315648201931272,-0.142703563654655
"weak-hearted",-0.0022495902913705,-0.0381225573739704,-0.0601320871086826,-0.00581237500752006,-0.000213554410100288
"weak-kneed",-0.0163765973598558,-0.0584807503615162,-0.0503337674961845,0.022891875391934,-0.0162715097517771
"weak-spirited",-0.000815911410310304,-0.045036531785052,-0.0268760655533785,0.00135930162532058,0.00227295020845523
"weepy",-0.0858150953487689,-0.086420567960557,-0.095200586951809,-0.00237023257312396,-0.0232449052850525
"well-mannered",-0.164089963412165,-0.13215274605739,-0.00352730769280716,-0.110866198014607,-0.0284167157667194
"well-read",0.0497184092991896,-0.135795544920558,0.0922397056255237,-0.152829213619243,-0.391622896425999
"well-spoken",-0.15090322652929,0.039196788287932,0.0538771394947316,-0.0632027657021667,-0.232202947370056
"whimsical",-0.105043465083323,-0.196343522478789,-0.0251412715901525,0.401370423874905,-0.137414806861475
"whiny",0.000103610063978617,-0.0026731599612373,-0.0772607198834617,-0.00355859996323603,-0.0114593832476276
"wide-awake",-0.0254593234474852,0.100457708722474,-0.0222126326014865,0.000234700253105484,0.00589873776784911
"wild",0.0885778589532511,0.214309601399452,-0.162306598765185,0.539744591550108,0.0114744367722073
"willful",0.116293281388956,0.299028522608547,0.0759141903435561,0.110870501215883,-0.0375405946715963
"wily",0.0102602293212793,0.0596069046865654,0.633495396438456,0.0568941026209633,-0.0790445415762654
"wishful",-0.160273332785567,-0.189832047988884,0.116192528874266,0.312363130790112,-0.0579314561949284
"withdrawing",0.6134153842538,-0.393334273244293,-0.0469275960335519,0.12953256203753,-0.148929166207232
"witless",0.00219795158563167,-0.0165170118219335,-0.0558123919766149,-0.00583074073462093,0.00236364650858518
"womanly",-0.454858455650517,-0.136957809306361,-0.158839608113537,-0.0657276258502724,-0.301322943332282
"world-weary",0.282135651445931,-0.196569387004236,0.204493840789744,-0.0853760438796553,0.128163846623854
"worldly-minded",-0.141658684825129,0.256167865702597,0.119847353024116,0.0928691025610824,-0.329192899072923
"worldly-wise",-0.067723021565541,0.163796224183988,0.072275471659062,-0.0645932051297448,-0.141046994629121
"worriless",-0.054328194001161,-0.0119776091354847,0.0590235153961929,0.16229484062971,0.0929730907672387
"worrying",-0.126106356310214,-0.235263125755267,-0.10225010790709,-0.0684318754734986,-0.0567838340420056
"worshipful",-0.122409001915399,-0.0716033448813765,-0.0667232889120707,0.0407021893756612,-0.0318926591530778
"zany",-0.0914965266053934,0.0397909565549291,-0.0736615685100615,0.393921875586662,-0.017309394164309
"zealless",0.0230891220365193,-0.0979831701186277,-0.0480531395821753,0.0333935297055982,0.0415583640522576
"zestful",-0.354578866872997,0.21245272482861,-0.0540305038527089,0.209290340612479,0.0367547008386308
