"","RC1","RC3","RC2","RC5","RC6","RC8","RC4","RC7"
"active",-0.00163332071440245,-0.0909469683272089,0.0294370009027774,-0.186496648753037,-0.0352117956046453,-0.0670581963492443,0.0981410130697959,0.105452462600194
"agreeable",0.075887194606607,-0.174662560145847,-0.173559581624758,0.0498946632566914,0.0170238969336839,0.0103749332490963,-0.0250692038202447,0.0386945226209476
"anxious",-0.115841940765702,0.0619325898049961,-0.319638137061285,-0.143096945372672,-0.101372847378052,0.292764152931197,-0.0587465199276613,-0.0917635987914908
"artistic",0.0811962200309898,-0.140036471401486,0.0348948723715485,-0.128465196562936,-0.082423314706149,0.24880457926901,-0.523536393063125,0.173983169930764
"assertive",-0.0660473159272116,-0.220979100499185,0.248855786375403,-0.122992936858189,0.122571796506566,-0.22197955989634,0.121437090502607,0.0203801427706975
"bashful",-0.0701884475547639,0.422355282005842,-0.262805370266,0.014944085729494,-0.0218688938563242,0.194723986004152,0.030503132128104,0.00929573556070563
"bold",0.0740381275915804,-0.212536878100805,0.188334115971309,-0.244707149624918,0.0662887453287718,-0.124805271906874,0.0309781307678462,0.0656711586533901
"bright",0.0530899910669601,0.0107935940458375,-0.0614847985237619,-0.0654432601724922,0.0592541072817402,-0.0826695608838331,-0.0408094976974624,-0.043458518524553
"careful",-0.440146817426678,0.0374687258713911,-0.0434510605760421,0.0833871099518963,-0.215375560392917,0.0581477711414118,-0.121137083938807,0.0781214278093577
"careless",0.652133918596445,0.0054854519859164,-0.00489242218210299,-0.0310011108339233,0.0228072493524757,-0.144647273956159,0.0510496795284246,-0.0167507594909468
"cold",-0.05687143242592,0.311747209431722,0.0798910097432104,0.0236484673114995,0.026956502592202,-0.085365147834837,0.0252653946773443,-0.00634081385059321
"complex",0.032486428866435,0.0793310452662153,-0.0072321073820798,-0.0771275262790932,0.000902488609259459,-0.0202248504446232,-0.0955131023934466,-0.110630121782609
"conscientious",-0.543995303210188,0.00377667356650944,-0.0665315531998296,0.0462062850966535,-0.0543865555941444,0.103378707071739,-0.0285324101011271,0.02944234055852
"considerate",-0.0281780813780112,-0.0638531217692301,-0.162621348038199,0.050774412772049,-0.0818826676693519,0.0718843609181576,0.0169959924230058,0.00570737026582021
"cooperative",0.00367362792973445,-0.0672546485512,-0.173411253255836,-0.0141454019966764,-0.061027340004279,-0.0182308387287691,0.0851945548807376,0.0185351222226469
"creative",0.0782631385732508,0.0454846954548492,-0.007970883528437,-0.138779687780158,0.0265860103900959,0.0195683977887271,-0.215796915618989,0.0664196499088639
"daring",0.136924048676586,-0.0867244900777475,0.227199478724579,-0.400691895441953,0.0891430213308236,-0.0280277587845272,0.0676448622099202,0.121715424801494
"deep",0.0422939494968276,0.0146288943296284,-0.00879449801226801,-0.0317455705955751,-0.0997348378330511,0.0471247703507318,-0.0395326933544256,-0.134734498235503
"demanding",-0.261061941285435,-0.133425216090435,0.323250707149492,-0.150106381035607,0.130268140903893,-0.205736495284795,-0.0260178486821162,-0.0127531660998521
"disorganized",0.642122926322318,-0.049403576260591,-0.0269700035937178,-0.0465724353009396,-0.175386060094225,-0.0365712163344946,0.0348648951588838,-0.0279596205331925
"distrustful",-0.00754635235088163,0.0749656121512912,0.125043382894792,-0.00637660909928172,-0.0310449388184738,0.0255417827743761,0.0275208526822577,-0.121592402506736
"efficient",-0.419393045924699,0.125640266886864,-0.0585789882457855,-0.00157378399139866,0.134189279120532,-0.0975933940607023,0.0391959465832616,0.0814931281319533
"emotional",0.0115529786958954,-0.286476246005229,-0.148144919423958,-0.130108893489927,-0.126067568597041,0.437843187373928,-0.041483983043286,0.0166391371320341
"energetic",0.0338260268217444,-0.166497441740906,-0.00349989770576031,-0.197170586634005,0.038385341890916,-0.0344330801135319,0.0959072465698015,0.122652007879006
"envious",0.00629811278279361,0.0299639169658449,-0.0483042059034554,-0.0473974924911528,0.108769423907984,0.00867029781548507,-0.0447459099519099,0.0318124052656267
"fearful",-0.0366811847429971,0.0309409563918795,-0.131312958022837,0.0284410166085954,-0.0840814600745811,0.192835672840452,-0.0138549023474582,-0.0210808048159114
"fretful",-0.236743569375789,-0.0665955842833731,-0.120416792050265,-0.118512617567765,-0.11811533913118,0.444770042670332,-0.185198715615203,0.0467558710403765
"generous",-0.000298668346304587,-0.0441918135196565,-0.0653060932052161,0.0280014648732442,-0.0180359351834385,0.038676722185528,0.0164172760719756,0.0381076108723641
"haphazard",0.730106836920162,-0.0304031495895872,0.0146133755789614,0.00401194917244498,-0.0850041501271893,-0.14702664747648,0.0254592491333059,-0.0374915385760064
"harsh",-0.106723262172336,-0.0470558851900712,0.494331519793805,-0.0625320388702002,-0.090347069022425,-0.0797998181736106,-0.0577042515145971,0.0920868073393121
"helpful",-0.0296822831193189,-0.0534421442338086,-0.0934132217986092,0.0360417899208283,-0.0334946485504247,-0.00201437821585071,0.0427557956530112,0.0119706840119117
"high-strung",-0.250941844927102,-0.0813855799029784,0.0855791568458351,-0.222830514533955,0.112710743717473,0.257286636174353,-0.0903155681238421,0.043219634689748
"imaginative",0.0943806399021477,0.00981475076699262,-0.0430193388831026,-0.190754794829093,0.0202736159968311,0.0507588925014224,-0.243320194726533,0.00501409929369478
"impractical",0.286513261414598,-0.000877748624322685,-0.00937536562371113,0.0220265247697162,-0.0544106936385995,0.18093486468441,0.0208273957695322,-0.0708947297373839
"inconsistent",0.598442011499668,-0.0693043162361869,-0.0782653615046947,-0.0527599917256977,-0.101899448733015,-0.138443575524058,-0.0729412103894333,0.00356739913112462
"inefficient",0.520262083998624,-0.0605821060299388,0.0180422181399267,0.0357067533003315,-0.148349899158784,-0.0207447242063069,-0.0355914952500381,0.0177153814166662
"inhibited",-0.121334448741452,0.424238771398617,-0.23135410773023,0.248389799799973,0.00627347337452222,0.124823418695809,-0.0140982618847811,-0.0131256362171835
"innovative",0.0232292050875351,0.0698992153383357,-0.0443864984655047,-0.36627733722045,0.0517526525877806,-0.0730003871225863,-0.201965274039118,0.0481145398171338
"insecure",-0.106321803022918,0.191191801618365,-0.254412093119503,-0.145247451013482,-0.122921391797662,0.330486749536845,-0.076875479633286,0.075013552514917
"intellectual",3.38422889349937e-05,0.0942698432688831,-0.0510440790393661,-0.00154088741397712,-0.00610655581501806,-0.0850439217445566,-0.0067879657470405,-0.176938255550371
"introspective",0.0449250784541008,0.152248602305022,-0.0742769855733016,-0.0605023517957346,-0.301986635801571,0.101165526266896,-0.0680532249156699,-0.231122657621026
"introverted",-0.000757672457484445,0.474050842652277,-0.106857025909508,0.0798263582310589,-0.249296995009202,0.0536419705717202,-0.0719498559592033,-0.0886241983603597
"irritable",-0.0625385021043084,0.0103594119897343,0.271268596997402,-0.0343647303844774,0.0845482755104874,0.106024434344183,-0.0452821032034786,0.0550382516862861
"jealous",0.00628251250052167,0.0118345309864831,-0.047422169554824,-0.0359748483596788,0.078053859497133,0.0519233524371752,-0.0510707915292283,0.0579911523581677
"kind",0.018268175644827,-0.0518761753793906,-0.129024594754814,0.0382023197351749,-0.0507617091473297,0.080496277000812,0.0226590548220767,0.0204008535021631
"moody",0.0213774806989869,0.0811191180699112,0.0871196212223384,-0.112756829804937,-0.101167568112216,0.323855997604841,-0.0451430038308464,0.031105578625788
"negligent",0.508782273207571,0.030595581662759,0.0130020848404753,-0.00657465379566883,-0.0364181663751031,-0.152334403782645,0.0206957430325657,-0.07160626212214
"nervous",-0.0498595850323182,0.133823703850412,-0.226427327971497,-0.0772060005423512,-0.0916117487511112,0.290057953925301,-0.058041174102904,0.00621133347126274
"organized",-0.569239500516803,0.0428648465211438,-0.050510976137226,0.0765830368461593,0.107920266101659,-0.0143129106276757,-0.0496309666799694,0.0332124016401978
"philosophical",0.0652683796667216,-0.07593258360972,-0.0512334312880856,0.0510193318957987,-0.125663941795751,0.162381689793213,0.138264807495995,-0.394137863601284
"pleasant",0.04997899548613,-0.0991447167018506,-0.122326544380279,0.0267997858953018,0.00838177400439907,0.0100186991210693,-0.0309165557849408,0.0456291963112636
"practical",-0.315958653012172,0.0675275645314003,-0.0396637865352993,0.0674693501672253,-0.0899880780736935,-0.159333765157519,0.0331203590808752,0.127948764497969
"prompt",-0.438003586638608,0.0563959278306595,-0.0263301238315675,-0.038184020527433,0.0969174022499515,0.0221713649107757,0.0996186700975484,0.00766031288867211
"quiet",-0.0780507333897585,0.372039178879249,-0.155389861349905,0.207439815958338,-0.342575457709778,0.0567913412535762,-0.020788881092359,-0.0553833914499244
"relaxed",0.3084398973112,-0.00336161897029811,-0.125718763091215,0.131560175961624,-0.134115796021744,0.0951520990059494,-0.0969030234219358,0.0937017592187134
"reserved",-0.0565689343365403,0.514905937813352,-0.100311859221406,0.286811298403696,-0.183339877007992,-0.0578296915581072,-0.0273522262468424,-0.0346058863859042
"rude",-0.0348028941100108,0.0387231833087645,0.209165919582653,-0.0310997667954909,-0.00831794726423217,0.0348628543834693,-0.0313779823195589,0.0512100531787158
"self-pitying",-0.0291799871652859,0.034601628172683,-0.0421856311192647,-0.0170440804658988,-0.0452423006902152,0.117262457934881,0.00278305672231975,0.0158667315778479
"selfish",0.0307365572382499,0.0602804672009117,-0.00351083607856171,-0.014576746339376,0.191052968280542,-0.0737424836627466,0.0185950006616812,-0.043824678077198
"shallow",-0.00466802073762292,0.0281742716653493,-0.0446819692832393,0.0433701362223252,0.100338394462876,-0.0306944072445345,0.0124682126468611,0.0201434377146041
"shy",-0.0434787326064028,0.441506350651906,-0.243544509476246,0.0124605245006388,-0.0846768477485892,0.117057116688259,-0.0240757927454977,0.00488802707873951
"simple",0.029551944811748,0.0406592505582775,-0.0714708516163469,0.17059781949253,-0.13405206627714,0.0278677085680677,0.172407280214325,0.111366000818339
"sloppy",0.301665326945445,0.00623089287328276,0.0127422572503169,0.0215189825147656,-0.0718304629551045,-0.0558807762236646,0.0167298687714625,0.00876156099571994
"steady",-0.444193753730857,0.065556927935089,-0.0296123970659184,0.162503441408083,-0.129526838318931,-0.0215902896341294,0.0128697401644462,0.0846802297396808
"sympathetic",0.0333674281394825,-0.106571609421024,-0.190371704836267,0.0564777531141146,-0.0851430269165931,0.0863868289560785,0.0554717748577708,-0.0479288939250851
"systematic",-0.48927322754554,0.13626499947235,-0.0329926073626307,0.0549843926794671,0.0386691838442069,-0.103551186753017,-0.0255972490174329,0.0123999679275577
"talkative",0.103149570760865,-0.37107739781624,-0.0622525013616707,-0.071144045672611,0.345216606736468,0.0437930028761686,0.1242550725609,-0.149366429780078
"temperamental",0.00344299926769653,-0.0432656683781708,0.352553948409619,-0.123960877298048,0.104104157574816,0.34423193661358,-0.159557582644482,0.110547329607266
"thorough",-0.465001949662121,0.0661577707749644,0.0188338740090355,0.0316923257612429,-0.0662374695855917,0.0711921020368326,-0.0794787031037665,-0.0137412892324942
"timid",-0.0921166115986985,0.32521697293487,-0.262056246875307,0.143088729732112,0.00191094873128639,0.189963835051915,0.00546278206196288,0.0170007888744657
"touchy",-0.181981955915453,-0.0641500411477222,0.181081154269261,-0.0883023393890017,0.0250026285819356,0.380074250422304,-0.185000167194232,0.0911673767434013
"trustful",-0.0107420505968451,-0.0432005296205662,-0.0722914790332302,0.0842559117316466,-0.0206889948298547,-0.0279862490413176,0.00562063458757925,0.0903715628206578
"unadventurous",-0.0519738368893669,0.122609843308744,-0.178101332223577,0.515774990741652,0.0281330847587633,0.0132111718925278,0.029251709920628,-0.0972887829770968
"uncharitable",-0.0518746007139197,0.01083797725571,0.133278492701607,-0.045509459003059,-0.0361352733789052,-0.0227596501335479,-0.0985158882823366,0.0389691203332237
"uncooperative",0.0460859692607474,0.0730315712508259,0.23254758824572,0.0958483796156058,0.0194266199851836,-0.0160577000892548,-0.112933746573692,0.00519064418485717
"undemanding",0.16409292778867,0.168375251768806,-0.188855179344071,0.162237008793665,-0.062640264011571,0.0715728425234407,0.0149587415119241,0.00707839597990921
"undependable",0.474827530448045,-0.0273110305648763,0.0094977623056454,0.00924079003984293,-0.0685318913696449,-0.105964024431055,-0.0375649312567484,-0.0179217448221101
"unemotional",0.003311199578541,0.277975280045562,0.0712073445301192,0.117637867465095,0.0165750548965185,-0.183952941782993,0.0494511182943343,0.0539195428195551
"unexcitable",-0.0858101010428413,0.277314746619265,-0.0303984162886659,0.481005602019152,-0.0842243531950488,-0.0286910427382632,-0.036285485522742,-0.0212593487862744
"unimaginative",-0.0108664011176458,0.0418098871910749,0.00418004615304207,0.125298765336135,0.0185188284186645,-0.0205744165508224,0.0415815805113072,0.04164358438755
"uninquisitive",0.000304948864245927,0.0439298492805434,0.0297362969779221,0.0975314909443087,-0.00860613765595594,-0.0231409487573178,0.071901243964217,0.117074771076235
"unintellectual",-0.000820081761207979,0.0258733037544991,-0.00412829498414529,0.0259401200685515,-0.0035176373474802,0.0118746860345074,0.035823343451216,0.0679680911422082
"unintelligent",-0.0111515914842489,0.0174469350830974,-0.0199331667752434,0.0326410697257285,0.0107016445600378,-0.0121156113478501,0.0163771990918121,0.0180886838644949
"unkind",-0.0425360802780229,0.00574116941368742,0.11783043429831,-0.00775733719808216,0.0195533950553849,-0.0375533282339574,-0.0369705845091078,0.0131476684416829
"unrestrained",0.292785050754885,-0.0816982913981476,0.074245459127569,-0.255781376974189,0.198359589803105,0.142118705209747,0.0315030811213116,0.0435700558151326
"unsophisticated",0.021975430451329,0.0440261483081759,-0.00767641261650175,0.0932137175811223,-0.0877944418604418,0.0741717955855844,0.142732043464819,0.110842758748967
"unsympathetic",-0.000782169475803823,0.143042522580289,0.242703851294315,-0.0381949132692743,0.0706536629077941,-0.126634090659731,-0.0713927202302963,0.0611162629022492
"verbal",0.0352196675249996,-0.358747403205028,-0.0508523387514595,0.0654681122657493,0.211577341047197,0.0194490218459022,-0.00465499482607134,-0.256172695789943
"vigorous",0.00196538803454,-0.20221195832942,0.149651448907863,-0.189590951824637,-0.0534115614005433,-0.11616428960421,0.119085355335583,0.106868061726724
"warm",0.0372465744136115,-0.382288657131131,-0.16425167549614,0.0697909990737252,0.0167003442328746,0.153447537622976,-0.0368767480530472,0.0300338345855406
"withdrawn",-0.0330713402849745,0.531549527912681,-0.101221243796201,0.0706690187059111,-0.0112723095697885,0.0904902219010149,0.0178792320653848,-0.0544305485030139
"imperceptive",0.0545545764423659,0.0208088338566961,-0.0131463708523019,0.0521293179933884,0.0486746282774194,-0.0416146424895483,0.0437506973863541,0.0441710326773838
"imperturbable",0.0658055125741246,0.185872875225612,-0.0600499466260613,0.345168378613493,-0.0598251478939851,-0.267823658197584,0.0913112730148482,-0.056988977143926
"uncreative",-0.0215468083140194,0.0141679166342026,-0.0141381544022891,0.0876771932430343,-0.0138321478159453,-0.00577181435495312,0.0763632269876466,0.0501995707205356
"unenvious",0.095559733009259,0.0665500646494964,-0.0341626032836722,0.0290465102572517,-0.0990341505833954,0.0114336821551348,0.0101775938624689,0.0026362993733401
"unreflective",0.170980599572067,0.027100291142232,0.0272501832298649,0.0440023207930826,0.0408738773551086,-0.0312724336800073,0.0957979977788165,0.1001511219759
"unsystematic",0.731562665651278,-0.0250246655672518,-0.011646325018726,-0.00542030518146707,-0.107585949129216,-0.0451940793678076,0.0371694585246994,0.0104785413165228
"untalkative",-0.0779612292590308,0.583567591355491,0.000161573461228118,0.0521182482740015,-0.17333047701863,-0.0518089318306654,-0.0703957798241232,0.184136418524304
"abrupt",0.059698451919848,0.125891748593582,0.421101875462261,-0.0543148561670686,0.0948642754718104,-0.0847768793176847,0.124133520221643,0.0887952189947539
"absent-minded",0.596381921402064,0.109441995939634,-0.139971004681497,-0.120915908015451,-0.180920667070627,-0.06696483983371,0.0360418485296022,-0.0787435454454347
"accommodating",0.0670146826550098,-0.202635075515461,-0.444771841218275,0.016218479319906,-0.0418490731260452,0.068978810397795,0.058200470687428,-0.00934344077070138
"adaptable",-0.0249573616883948,0.0286419466454483,-0.206599460290254,-0.410969423591462,0.00593622809357554,-0.0288326896652112,0.0756130194684166,0.00191559528406024
"adventurous",0.135445263833921,-0.115700009194847,0.174449878644791,-0.411006424868152,-0.0612128547598681,0.0441718230587217,0.0192152195579668,0.12138844094757
"affectionate",0.00511805309699976,-0.33274818975119,-0.146405867343861,0.0415021737414866,-0.0798081357484088,0.152241643095669,-0.034609905562168,0.0831340781286772
"aggressive",-0.0877903171120027,-0.0214530278350468,0.232012469951951,-0.0258515037609493,0.259485995404633,-0.0966695159454077,0.110323885043835,0.0404268549497276
"aimless",0.300986429218568,0.0102357370391784,0.00413376516987663,0.0154610722469363,-0.0687051798605432,-0.0297146381780538,-0.0290127634963308,0.0149948600268639
"alert",-0.124342648582081,0.049690296537664,0.0203145695461661,-0.0502165007146117,0.0174847922849987,-0.0190558010451498,0.071776423298034,0.0143002634109924
"aloof",-0.00654323341335303,0.50903266243811,-0.0312570149431159,-0.0285476045810334,0.0269030189720614,0.00450273218240677,0.0129286065611361,-0.0261808541711471
"altruistic",0.00687828575221093,-0.29660229895612,-0.0571360409281465,0.0883912553240553,-0.228314777792862,0.119115755838604,0.0931616895957492,-0.0195838805733972
"ambitious",-0.0382882866045636,-0.0319964584132598,0.00520814094685898,-0.241707607866369,0.0984920306495335,-0.145772070585793,0.000938003946580291,0.00204251725933269
"amiable",0.0716172955877278,-0.312123664661365,-0.163102186468327,0.0601807816482869,0.0224630024253563,0.0129939361343703,-0.02833467155359,0.028683723114158
"analytical",-0.141305856739741,0.127195404001535,-0.0259968040623871,-0.00304729088056126,-0.0266226316704384,-0.212755256861523,-0.00882383401327902,-0.163359394024032
"animated",0.108181473842658,-0.326849898106282,-0.0544567097338303,-0.293996560048427,0.101774776014414,0.128297072053049,-0.00748425841143465,0.0538153962957433
"antagonistic",-0.08181772130563,-0.0158840213704983,0.211115847024754,0.00824539272423043,0.115208272314705,-0.0192814579831607,0.00386755721538131,-0.00133675408930255
"apathetic",0.0128955516527954,0.0785752389700394,-0.0367716020793148,0.0138172416902176,0.0141384682565378,-0.0316738848737654,0.0116656388465013,0.0113543172339912
"argumentative",-0.0676249898229777,-0.0443449955609507,0.397151501778371,-0.0689786882747352,0.104254432855513,-0.0536828480368254,-0.0122997906974408,-0.0996569114073168
"articulate",0.010593679777283,-0.123251275976232,-0.029089200851185,0.00851821480085056,0.0846673218800021,-0.0496220860650102,-0.0749587209650518,-0.152433713491867
"assured",0.0212547395871155,-0.0558739026367817,0.133085415912317,0.00840678158957747,0.110937416025976,-0.140658418988028,0.0318962149212397,-0.0163543040207751
"autonomous",0.0075243069665528,0.0955634333695626,0.0196273815780548,-0.155417583177252,0.0290222740746178,-0.0830791499970365,-0.0122617980203918,0.0301402506195
"belligerent",-0.0496688355438629,0.0270494956251438,0.0976958057826415,0.0159875382133933,0.0394955604844631,0.0380838070500802,0.0328298436961898,0.0237497551395236
"benevolent",0.00704438772985047,-0.0320449640872289,-0.0800164007721389,0.0524186905854648,-0.0501884034263859,0.0459729228398051,0.0392351294029253,-0.00361072049125965
"bitter",-0.0408862389733388,0.0187353536737252,0.161623439672506,0.00106620354157644,-0.047905152182266,0.0724231935941075,-0.00891971893895858,0.00281284628031846
"bland",-0.0270770558679562,0.141242871160285,-0.0511582077418236,0.126743752923308,0.0626185769352482,0.0118904956670912,0.0193824899178554,0.00237036606627661
"boastful",0.0186076520157064,-0.026416087122605,0.0440246478851614,0.0314453473572638,0.323731507481688,-0.0659770276055364,-2.63280047529334e-05,0.0489316389306402
"boisterous",0.135797187016146,-0.0749917461712925,0.0153879300693643,-0.0679340662939674,0.237845741015282,0.0478650689991507,0.0970174960249235,0.176733046063164
"bossy",-0.20618002264425,-0.149208150559589,0.251893451354908,0.0424851627950158,0.259403450560777,-0.0780630607606202,-0.0282329573868767,0.114895992269602
"brave",0.0434113059275552,-0.111066291559884,0.0915194262482508,-0.0806287913613733,-0.0497806624965994,-0.0491982391121463,0.097343668554721,0.0630282137101703
"bullheaded",-0.00414890253879701,-0.0294215126324765,0.559135331779571,0.0723031833186475,0.177936620398887,-0.106806737228109,0.111260971720612,0.0706046584176439
"callous",-0.0181021748263808,0.0313812483086713,0.019903481749131,0.0296411641377498,0.0181477263303599,-0.0204608452657236,0.0093072655042053,0.0364702968885589
"candid",0.0603056056801609,-0.0610905175100157,0.0645027888112318,-0.0555976468681316,-0.0336194806880702,-0.0326830982036124,0.0357397207938509,-0.0531604090627226
"carefree",0.38754853014346,0.00809574927698153,-0.0619339602840792,-0.0864310026386993,0.075034440207244,0.0797292204788141,-0.0172893242658259,0.134745536564015
"casual",0.414223153305694,0.15075219896165,-0.237693330922458,-0.18270171594414,-0.164330459192497,0.0585647781585526,0.0342775736913769,0.133600821984135
"cautious",-0.260900346676228,0.0977124016126341,-0.140863521233343,0.234727543169103,-0.352724881801747,-0.0280374837771758,-0.0752539698251117,-0.0359280911780859
"charitable",-0.00651692067453908,-0.190783817139744,-0.0362621991527031,0.0547009444664726,-0.0517030395909377,0.056526047085432,0.030687070539658,0.0162468549566022
"cheerful",0.0773896747207651,-0.313091151864646,-0.148072879639743,-0.0284394124457952,0.100008305757202,-0.0432306758049546,-0.0686013640760665,0.112538641456889
"clever",0.0325712627823967,0.0614345292159107,-0.0406287771582662,-0.0460579230290113,0.0451386648040073,-0.0779586412727376,-0.0495125673009995,-0.0485078533282182
"coarse",-0.00398788216913386,0.0354218355127926,0.0659889234971885,0.0520578766630827,-0.012185412097917,-0.0116569358670414,0.0378880663640753,0.0821457856420577
"combative",-0.0582849885815104,-0.00284312189179423,0.308127751802454,0.0157485632724075,0.110837708262215,-0.0664132660285363,0.158408917674665,0.0193571335863382
"communicative",0.0552747660075561,-0.397936330091048,0.00790470965573087,0.0367992474929378,0.0853073125779202,-0.0342445662413797,0.00187698897097169,-0.0924494670366033
"compassionate",0.0119264540245646,-0.074051708575196,-0.144249565692797,0.0332108352920864,-0.0933169985940389,0.0902960793174729,0.04093638464193,-0.0154661199625256
"compliant",-0.146602091360053,0.0252629697520231,-0.409937346662634,0.18275035962093,-0.148230395944662,-0.0575162119120259,0.172210589942636,0.108034147931622
"compulsive",-0.231087491517449,-0.0286179692562958,0.071173695314083,-0.183529510182893,0.0921702934702813,-0.0867250499720061,-0.016830038045668,-0.0954554591545981
"conceited",-0.0373847846573756,0.00972227310172443,0.0110080926210542,0.0176232811177912,0.158742017669069,-0.0230599931598551,-0.0262927589649974,0.0164657686343994
"concise",-0.295831141763568,0.116882170739148,-0.139131960262026,0.0208780400325922,0.0670580847722451,-0.179252353786962,0.048861430353973,-0.0858256028691957
"condescending",-0.0791209934744187,-0.0357800405942973,0.247160507437145,-0.0173229100098136,0.00683339465169256,-0.0460424532941749,-0.146133888172727,0.0108140611302583
"confident",0.0404235421279489,-0.084986931105084,0.0935963694674768,-0.0165605102009247,0.116334167057042,-0.146244843039387,-0.00117680172627318,0.0256241009576667
"conservative",-0.077206513771802,0.00215113277053583,0.0456638802184099,0.598508632659367,-0.046481238979394,-0.193561987305374,0.123062517188438,0.0346799453984964
"consistent",-0.455384481292269,0.0857875911346513,0.0179461972785328,0.0814807927821067,0.00777534256727392,0.0503571082758104,0.00886543900378049,0.0743965060143512
"contemplative",0.050384193174512,0.101601484680864,-0.018208742260282,-0.0161781225654753,-0.249041814685304,0.0438507410731392,-0.133288694619246,-0.178931916314147
"controlled",-0.413815790647773,0.0660405341652498,-0.0100214896616933,0.124440993165213,0.0213772597117458,-0.171333433971093,-0.0664947101776055,0.106981054146974
"conventional",-0.119907630972335,-0.0519053363477387,-0.023521751369997,0.684611468227823,-0.0437988742439598,-0.110303444191923,0.187963550823882,0.062406090877673
"cordial",0.044316980999433,-0.330444180778018,-0.143799955897345,0.0824398603934742,0.0694042589168635,-0.00325476098617683,-0.0362104259751847,-0.0347416801807255
"courageous",0.0318147478077026,-0.0796867919803503,0.0968163493869217,-0.12849694266801,-0.0393985037665529,-0.0507922876476661,0.130552863135982,0.0311144260958187
"courteous",0.00744578884845604,-0.0850619205297697,-0.106897660181678,0.0729621254316817,0.0196356953519875,-0.00306092064370119,-0.0286699765600763,-0.00474415239580867
"cowardly",-0.00821175492223027,0.0340273352256016,-0.0559717493694154,0.0877484058738717,0.0271846183562677,0.000683565247385453,-0.0057175368279348,0.00947604508351025
"crabby",-0.0296111158666885,0.00135914517401535,0.303202192373776,0.0832038162880212,-0.0517210348637015,0.105568402911584,-0.0663019478051628,0.0561849410766604
"crafty",0.0809312362456514,0.124447988550321,0.0723032947298629,-0.182314844894854,0.171610478111158,-0.071291639255374,-0.332460477954762,0.158588231676017
"cranky",-0.00625515482871255,0.0138459315774474,0.259854645823712,0.0767229640153036,-0.113748336866351,0.0871562933152862,-0.0197755904112698,0.0243474341487492
"critical",-0.0693876304359115,0.0341210440381741,0.30724006322946,-0.147041636602067,-0.0325085033412799,-0.295829710721141,-0.194177936514475,-0.0935335785056099
"cruel",-0.0142043530416295,0.0176022790516544,-0.0202750090440122,0.027929495737945,0.0151761185183136,-0.0167461683581102,0.00685616092685685,0.0103987254154898
"cultured",0.0028699831757807,-0.291615938805779,0.0532965263750814,0.105249913228829,0.093405818317304,0.154465370462073,-0.260877453289079,-0.192597211289838
"cunning",-0.002076822183523,0.115984817848552,0.010451083258519,-0.11324161560192,0.355682902990065,-0.186705626577105,0.0737003749344345,-0.152649144576333
"curious",0.0793571626307021,0.0466197643659432,-0.0848752374037861,-0.163890307288594,-0.030293830270142,0.0027446519844446,-0.0489891064168253,-0.136643992318324
"cynical",-0.0115633244753472,0.106228892054179,0.255943843008421,-0.0915608039078596,-0.0554527467927026,-0.0325526433755923,-0.0640790025430479,-0.103312195291242
"decisive",-0.36075077577319,0.0411605532956646,0.12639254137152,-0.103760499927165,0.133824311792071,-0.0818977094709123,0.107345806326371,0.100200127334472
"defensive",-0.102341224440748,0.0615506141935642,0.247329363310538,0.165987113586721,-0.0464736996154747,0.166744810142118,-0.099364168688461,0.129592015426683
"deliberate",-0.48007179127935,0.112904734963826,0.059145963586617,0.0580758788847229,-0.0201637362163137,0.0601617452333494,-0.0534894214725696,0.0318109488660664
"demonstrative",-0.0381413788170048,-0.406162466759395,-0.054159306591204,-0.0326461661873496,0.161509978054461,0.28342794871242,0.0895371367409872,-0.086561059787094
"dependable",-0.189241543997617,0.0154246521348625,-0.0308954839954812,0.0622454425463667,-0.0215899579004402,-0.0261316099611946,0.0475878920059946,0.0621001528892713
"dependent",0.0127811407828872,-0.0109201350470424,-0.108511093036897,0.0239578714030426,-0.0802358697394299,0.0917227455352446,-0.0215744351875343,0.0156199165695262
"detached",0.0805957733305688,0.530415324332955,-0.0108961716693057,0.0100748381501975,0.0152630886535411,-0.0970881822383873,-0.00273231590776998,-0.060276992301484
"devious",-0.0164235092979681,0.0187175661375912,-0.021985825163378,0.0353783862628382,0.0556364700239157,-0.0270073570804528,0.0132625913746331,0.00277707546501074
"dignified",-0.0689165558120304,-0.0436112619226449,0.00192182274364034,0.109263920736904,0.0253598369258841,-0.0352213863032864,-0.0272408129948921,-0.0216383217434063
"diplomatic",-0.0811102322727962,-0.31034128558154,-0.305848993860991,0.148621537179778,0.116447905032511,-0.10479348926178,0.0539854457384959,-0.197154850808094
"direct",-0.0686610596530476,-0.0598426536595156,0.199805170540553,-0.0585719363964023,0.0519437289997996,-0.152013340592588,0.123893049751725,-0.00477774463277764
"discreet",-0.0797809702527078,0.0492484325185415,-0.202774724417819,0.116455774431429,-0.123360737538326,-0.0860526970382576,-0.0659637836030378,-0.064276438872148
"disorderly",0.513613019251609,0.0185627594644727,0.062754157444503,-0.0402201217640041,-0.0979589453186657,-0.018365053359502,0.0234383396258188,0.0165907586861423
"disrespectful",-0.0273998167372309,0.0172356821285671,0.0352676711289997,0.0154653571820512,0.013038738659829,0.000932184323326499,-0.00942793077176853,0.0217245370226669
"docile",-0.052954394960301,0.038890961643998,-0.200768993068482,0.223606429879848,-0.0462125574400547,0.132359189950027,0.0411336800299314,-0.0118662427095178
"dogmatic",-0.0530532964989499,-0.0791788285478453,0.366228515694905,0.271293757070397,-0.0283402215653051,-0.0726562406803018,0.00448783114599578,0.0792019700060628
"dominant",-0.101903960899596,-0.115816855841309,0.213371242526735,0.0380145870501146,0.302362566423665,-0.213343708815359,0.152950438892341,0.108685579920621
"domineering",-0.110085224747264,-0.078181207577829,0.220677441800247,0.0636235095379047,0.197123718708248,-0.111184295964502,0.0210578340528935,0.0943408480276465
"down-to-earth",0.0583917915101435,-0.142887970741677,0.0165575900371328,0.0987666315088873,-0.419120326314549,0.0985125739857358,0.0985686881445245,0.134312015612031
"dull",-0.0168349766992443,0.084999016175152,-0.0230685185416305,0.10505111347825,0.0372913430577919,-9.20339509594587e-07,0.0230856173013141,0.00971949598100398
"earnest",-0.0310300887637984,-0.00471720089027446,-0.00621301031640756,0.00381362058316363,-0.0767833421123059,0.0171942755758329,0.0457169170583032,-0.0260822763618872
"earthy",0.00475577777107531,-0.303142273209921,0.197194471678893,0.14911263870023,-0.439856902837075,0.374160227406676,-0.0402847277032434,0.181436630709704
"easygoing",0.43254790272321,-0.0642931817129589,-0.305321506051338,-0.0144860947676352,-0.106897603538844,0.105328911756549,0.0641600575842718,0.0937362186112685
"economical",-0.252304148706686,0.00929592908095702,-0.0601471351688471,0.0745087878036245,-0.0149772840490964,-0.103102206088783,-0.0511066417036628,-0.000960725335514306
"egocentric",0.00939064892373676,0.0357626256720742,0.0500329519461007,-0.0353555762345578,0.225429295099739,-0.0570360379293382,-0.0428087666192751,0.0135296558301752
"egotistical",-0.0377203329471521,0.00694128594967747,0.11061996272919,-0.0226749760790465,0.254927037897798,-0.0528276461164739,-0.0177613409338019,-0.0333261966863839
"eloquent",0.0691164639927693,-0.351301073081359,-0.076694706674657,0.0161700998858725,0.139602604308753,-0.0225434855363076,-0.0759460418463936,-0.260921873483037
"empathic",0.0096864335896612,-0.31365731786526,-0.159309591686911,0.0837101439022549,-0.0773279083914015,0.160187090745484,0.0478189223651347,-0.061560778712099
"enterprising",-0.0316476659572601,-0.030978405878075,-0.0143048169394503,-0.222931489028237,0.0694437792829967,-0.122770111185585,0.00189728281844022,0.0460582203334216
"enthusiastic",0.0296879525168716,-0.132892163073606,-0.0272817338156358,-0.150116046143793,0.0601356962138657,0.00601414560170903,0.00415773174323374,0.0469398987622171
"erratic",0.445940564574646,0.033134478693108,0.0680195040009471,-0.0926331463494938,0.0295715104558568,0.00752992837142494,0.0811091665247953,-0.0582783481675842
"ethical",-0.0351045074183188,-0.00196779053622529,-0.0217087214937972,0.0365085530534657,-0.037551951659786,-0.0143783533229631,0.00704341329443703,-0.00563461149044285
"exacting",-0.50665828247465,0.12235996788433,0.0969752477672978,-0.063639152243607,0.00473247009585092,-0.0762514485411642,-0.158624816625311,-0.0251156090300254
"excitable",0.122487140014404,-0.141737808214918,-0.0505237818224401,-0.248452427254663,0.162726585654027,0.19740321391702,0.00504650779694301,0.163367461218673
"exhibitionistic",0.0689712007796118,-0.0157861863895712,-0.0281598689960311,-0.07151160342593,0.364395888236686,0.115357889398,-0.0769522777858751,0.0812561891390454
"explosive",0.157196451025478,0.0074042598191571,0.27500014686533,-0.130786712941028,0.300008995368465,0.0983844684156431,0.140946041063356,0.146617634852584
"expressive",0.0936563462741201,-0.380993089702345,-0.0574262730213598,-0.176691909943371,0.0660322693844028,0.167610411342866,-0.178118433609787,-0.0448833183555001
"extravagant",0.00955142053261708,-0.109686936420714,0.0873997723197237,-0.0374245288449458,0.492429862157747,0.159558901578239,-0.30938934604701,0.161664691607107
"extroverted",0.107429160623439,-0.355625695220279,0.0104094137833559,-0.107166661930748,0.449918361125821,-0.0560436875454292,0.0754392240268434,0.0472259092826596
"faultfinding",-0.233185545254993,-0.114834076128284,0.434684220120373,-0.180277105245914,-0.194294057782174,-0.0521967179669887,-0.336476630945829,0.0873700905340127
"feminine",-0.243577013059246,-0.260473918062492,-0.424600537967641,-0.149539315684287,0.090224163932759,0.309030153850231,-0.2189360601839,-0.00143363256149147
"finicky",-0.147372213878145,-0.0167971378353791,0.15658376671586,-0.00784071112654448,-0.108101746400518,0.0661533090766799,-0.590100718466236,0.062204075961012
"firm",-0.297325555996116,0.0434000701071939,0.100136357642215,0.0387594975460365,0.10616761290835,-0.154649821448795,0.106323702515293,0.0202679909578936
"flamboyant",0.0229651250731311,-0.0812068954473228,-0.00123718764942558,-0.0706667197135504,0.295794111989963,0.232130092503125,-0.253370638382942,0.188693972424245
"flexible",0.000838200183287964,0.025509270390794,-0.299441466467215,-0.381687470645697,0.00691574551905065,0.0396547065723665,0.107168378918057,0.000530491261998227
"flirtatious",0.0886943073324133,-0.0133984573951592,-0.00802594575491777,-0.0337933367481021,0.221226312882628,0.0695742188519881,-0.0670221651798786,0.104975994105777
"foolhardy",0.190281412092378,0.0291725359777985,0.0594175309199938,-0.0725147141476822,0.10030120523358,0.0338308109918331,0.192277703187677,-0.0557241508434934
"forceful",-0.075118115259132,-0.121831980947384,0.363886256132546,-0.0202900969524702,0.250012447147965,-0.179016692743329,0.23180253415674,0.0403543886909349
"foresighted",-0.448605301370601,0.067570082207647,-0.0216192572144643,-0.0398962960869682,0.113480081423515,-0.063847403376959,-0.0149194308060757,-0.0150659618546675
"forgetful",0.470190414445437,0.0375283299304031,-0.160003562928508,-0.0937783296854121,-0.128788366559566,-0.0815754038178655,0.0956521857623175,-0.0116129105004115
"formal",-0.175749045476156,-0.101282464310532,0.011192180826354,0.361604686946308,0.165561932040988,-0.267529016543014,0.00295833686969827,-0.251498060195227
"frank",0.0542060275705636,-0.0764326556664625,0.121885270246511,-0.0119268372482425,-0.0337256565039862,-0.0444728863092109,0.0333927705543859,-0.0240887499521635
"friendly",0.0665116587768246,-0.150239603462313,-0.119822989723302,0.0273520116096946,0.0280492468750755,0.015082619691179,-0.0028125216913618,0.0342858402593364
"frivolous",0.141357403276823,0.017612483347201,-0.0336923571813394,0.0201627358165367,0.0912939567611967,0.0136949557701761,-0.00704032242380839,0.0456061122486532
"genial",0.1292623924632,-0.342207859483316,-0.219670165731166,0.114061131581988,0.0504921465864255,0.0575109398982106,-0.0390851813661571,0.0156218879701725
"gossipy",-0.0219215190269848,0.00807994744626382,-0.0490242508690538,0.0367895395058741,0.12326011507021,-0.019249156904978,-0.0145171052775615,0.0154457173010404
"greedy",-0.0085343187211338,0.020205561896557,-0.0134594033690372,0.0347098306778739,0.0760680668564701,-0.0298885334382299,0.0233121394194445,-0.00328229532950687
"gregarious",0.0938833566904351,-0.399581681555628,-0.0451081140748405,-0.0578861289141122,0.364592371812457,0.0288465170319536,0.126140622000678,0.0533138618092634
"grumpy",-0.0218738233260168,0.0808349905899015,0.2418150749815,0.0696642343497566,-0.103498596344603,0.0778785589400522,-0.0241032547637094,0.0473098726585338
"gullible",0.0530280607024709,-0.0191746827709956,-0.118876574776669,0.0319786084948359,-0.0215312991355701,0.105064299716041,0.069036091348904,0.0356294886559718
"happy-go-lucky",0.341543669994758,-0.123146577254126,-0.156153630620134,-0.0815120359866561,0.0550414863186025,0.0353265188771338,0.0190756455932286,0.179272684791133
"hearty",0.0084847103817843,-0.300288797805855,0.0672532412980139,0.163600954614584,-0.0604668157614586,0.102080484080173,0.228974610662834,0.143329797527566
"honest",0.0244881939000836,0.00611070476867102,0.00948025214201788,0.020836736605497,-0.0465247804306568,-0.00662077960837985,0.0160286993058311,-0.0108204566167924
"humble",0.0803980656413735,0.0543307484193404,-0.136655050601591,0.0194509335682432,-0.303543478045372,0.0717879636307498,0.0190027111767736,0.0192559568941077
"humorless",-0.104256625087127,0.146614005101767,0.0557926061823562,0.0813355205900368,-0.0520470953764954,-0.0376215768099479,0.0566654065934065,-0.0142868815894423
"humorous",0.142185660704518,-0.22842562122511,-0.112615817614667,-0.0826306952318183,0.0127901497679848,-0.022784225279564,-0.0486781377059234,0.0424939104382114
"hypocritical",-0.0149899693377122,0.0172278080892346,-0.0125318505440234,0.0240880981425139,0.031751414927214,-0.0171280984016178,-0.00958131508250832,0.0222021688609422
"idealistic",0.0971861446445105,-0.223783522212761,-0.135781820926407,-0.199756018858088,-0.13447140108154,0.19526676446012,-0.0218145487627934,-0.103052761933856
"ignorant",-0.00433230502028017,0.0193083014222577,-0.014534360917963,0.0325249210444233,0.0123465517929067,-0.0117547742067992,0.0170559219093391,0.0191541966746208
"illogical",0.145384661832685,0.0228428556087092,-0.000554209090939965,0.00850056195081706,-0.0137287490757422,0.0971378236174154,0.0278638944191743,0.0602039430507635
"immature",0.138438851113264,0.0613079783300137,-0.0280590819102749,-0.0311289704434371,-0.00489261937716175,-0.00348341167387151,0.010911619238905,0.0358148545352965
"impartial",0.105448338410971,0.123872808358339,-0.179268962480629,0.118773932044398,-0.138410994618309,-0.103051484222237,0.192924402951316,-0.177002355214051
"impatient",0.155365537344434,-0.0663159047468093,0.235399822140012,-0.192667352905048,0.311339266376044,-0.0840564566195191,-0.0330411647625941,0.059437743014787
"impersonal",-0.0298158316667647,0.48984166287743,-0.0388403322974293,0.0266179301202284,0.0607635603925262,-0.116274294208454,0.0356777209931705,-0.0296866706873403
"impetuous",0.328991359051021,-0.0185025000888519,0.156721209928533,-0.0989459842199218,0.265812498607449,0.0689100954349466,0.147776816522898,0.0567356596020314
"impolite",0.00735083308308123,0.0992288546633833,0.197491069097125,-0.0298493189158717,0.00523113167045339,0.0213417761715471,-0.0174574066848546,0.0735684949261579
"impulsive",0.470893318293071,-0.0409374631729551,0.0806517606063865,-0.183832269415502,0.196928169073169,0.0760220302941624,0.154672877949837,0.0323546760571973
"inarticulate",0.0128891218004396,0.241643512725498,-0.0182580037834044,0.0174417726052084,0.00224234361119966,0.0108096421866813,0.0626418223620225,0.123738641485129
"inconsiderate",0.0276510343959909,0.0622969357544363,0.0778634609661772,-0.0316722526710466,0.0843808082453569,-0.0874110704457087,0.014956578132124,-0.0125773860143765
"indecisive",0.377553339656796,-0.0921876607534292,-0.177831813769601,0.0393938314762268,-0.157504870365571,-0.0127731311216152,-0.158485197909721,-0.0120210882656346
"independent",0.029491561888773,0.0667035512075159,0.0446236375522321,-0.0715780250201558,0.0408660263759255,-0.0595573685079544,-0.0101390304469022,-0.00508175225004013
"indirect",0.101532727550731,0.124793688459121,-0.169104679737284,0.0202446883897177,-0.0585422753490365,0.0674778052301042,-0.075458680372243,9.83131029759797e-05
"indiscreet",0.147339739901843,0.0329163784287042,0.0377576845826233,-0.0138469213652766,0.0667967093229908,0.00872066425432756,0.0547516369673767,0.024966265513079
"individualistic",0.100361049699544,0.131874008332229,0.0987683975579596,-0.327068786971737,0.0937402032110747,-0.0714763684535411,-0.219142021890546,-0.017721091997312
"indulgent",0.12239719792459,-0.114950231723595,-0.0818577496032511,0.0751781023665687,0.25002141004146,0.270719733206452,-0.240952685167486,0.126325668251737
"industrious",-0.258047272199606,0.0629123533163537,-0.0271563714362361,-0.0307996675562364,0.057158211135925,-0.0580771045620326,0.0714764658265127,0.0223312468933472
"informal",0.230744864787849,0.101201074965431,-0.12421441263906,-0.346369336449081,-0.0212307531426419,0.168471595425055,0.0536033265959349,0.0795163312194751
"ingenious",0.0530085112020857,0.0941103602304291,0.00446751576888918,-0.130461458595021,0.0391833540178736,-0.0450693250941766,-0.153715458906413,-0.0044466343404193
"inquisitive",0.0467303052376514,0.0401568666005167,-0.0769084764282547,-0.173408595089324,-0.0336339802250268,-0.0060477078134007,-0.0352190476970867,-0.178028032033141
"insensitive",-0.0127344438285375,0.205567987833371,0.157671652426096,-0.0121533066302877,0.0976146769040401,-0.125599634995248,-0.00199332900057109,0.0789345871687381
"insightful",0.0233860283610323,0.0456411893050047,-0.0140208609676738,-0.045231234429761,-0.00248337269776642,-0.0288646202139814,-0.0506199090105778,-0.0923932463576878
"insincere",-0.00878132011145204,0.0201600307109064,-0.033917466255705,0.0371530738931419,0.0555790256727028,-0.0250111165088582,0.00285039129419239,0.01499406098944
"intelligent",0.0160945714041553,0.0795034980764356,-0.0238529874290166,-0.0404411579994882,-0.00149521876344271,-0.0875129805847243,-0.0208394412988665,-0.0494713191787464
"intense",-0.109649733541972,-0.0214164904567865,0.263514689150163,-0.343455974857632,0.0393308968768867,-0.0612211904029442,0.0633704982549893,0.0310016897378434
"intolerant",-0.0708268543044543,-0.00945964744674953,0.306210814115637,0.0665293300331669,0.0313880275034503,-0.0367096574010078,-0.0621429966120336,0.106016915365497
"intrusive",-0.0160724009056641,-0.0891227208608655,0.124756105777257,-0.0504992280063736,0.0707032901792956,-0.0036990300901918,0.113769856060055,-0.139606499585059
"inventive",0.0444051863611117,0.0806056747155066,-0.0043275092646257,-0.298561292680746,0.0189686239160104,0.00468490890648601,-0.232930620815323,0.0772710996303408
"irreverent",0.290540849646904,0.0639813421004628,0.135612147974842,-0.237046646392295,0.0633608673081009,0.0485592070674903,-0.064751781377001,-0.0523485004104994
"jovial",0.142823708677768,-0.328875560910852,-0.1853302025457,0.0183482322678419,0.172960190459509,0.0985978322450434,0.0246439700601741,0.152585300125508
"knowledgeable",-0.0193541183466249,0.0573879067522072,0.00695306999502027,0.00880328438567201,0.0041459577515927,-0.0733820582755759,-0.000863391988268393,-0.0849516935243665
"lax",0.600360950995039,-0.00882272006392103,-7.10780357672023e-05,0.0447638019146723,-0.108965003499452,-0.0927620528801557,-0.0457142464546132,0.0139982580784159
"lazy",0.272662255777139,-0.0194765255067056,-0.00741521182765754,0.0525404124352771,-0.0460468572073741,-0.107805699543675,-0.0751305425257384,0.0191545463805723
"lenient",0.298593672224784,-0.0273578493105104,-0.410447955076028,0.145838188888816,-0.0865504631420199,0.182424695427241,0.097209150677152,-0.0101097602880483
"lethargic",0.178270039910706,0.00460300892778026,-0.0347937986152457,0.0641807185934128,-0.0259467162953967,-0.0574363859398877,-0.055534893469005,0.00986570915956452
"logical",-0.122110601209222,0.106557876747675,-0.046842377058448,0.0172428879300726,-0.0115517603449464,-0.227450568169627,0.0216941532940636,-0.0678077345719224
"loyal",-0.00441984477159694,-0.00289887126850006,-0.0374330662042082,0.0476008683802594,-0.042142993378557,0.0112745126184013,0.0387391968459238,0.0476385994778244
"lustful",0.0986963982021585,0.0520214483609803,0.01549012374417,5.60455895279061e-05,0.0633258731664277,0.0187085923560507,0.00671193669464841,0.0234744956812794
"magnetic",0.0950852064357567,-0.387848415302208,-0.0187268854301553,-0.145194166357211,0.13286039740684,0.0216525578110352,-0.022189907625788,-0.00985423992883207
"manipulative",-0.0228725439598577,0.00769640978841851,-0.0410319197165988,0.0528563595883874,0.143203918553539,-0.0511437274807027,0.0146075577647374,-0.00311464050154009
"mannerly",-0.0152459439029132,-0.133218970738318,-0.112396094221773,0.118216912440816,0.0222464295408191,-0.0379467391557015,-0.0190401852535536,-0.0181416190782179
"masculine",0.27852531782513,0.239239096429974,0.459180198792767,0.218381007669528,-0.0812652829088612,-0.258142720588043,0.227139637824809,0.083322722761368
"masochistic",-0.0279549534009139,0.00925001500299815,-0.0132027229707775,0.0138574977391248,0.00763736380175211,-0.0228110117016002,0.0352701609094748,0.0116740672505319
"mature",-0.179144915764904,-0.021234251635639,-0.027002669742508,0.146432210805704,0.0187308525973842,-0.0638230925610874,-0.046671376079058,-0.0200857622075009
"meddlesome",-0.0543869279362351,-0.108318042001764,0.0923891488078677,-0.038256020001056,-0.00899152260509763,0.0414065261794634,0.114295657650422,-0.187006531120591
"meek",-0.0480110015995791,0.12171397491364,-0.193622900814307,0.135462080527564,-0.0196497026138742,0.149541138478953,0.0392834534404837,0.00803905082212391
"melancholic",0.0185932233572876,0.138479000883732,-0.0426629963302985,0.0689511611149825,-0.224339406519262,0.400989589615111,0.021753651044769,-0.0922623162014983
"merry",0.100662169012628,-0.320773470781733,-0.107489481521802,-0.00688674065106441,0.0917004279797703,0.081999829080692,-0.0582645279913755,0.142953227549418
"meticulous",-0.546404066676387,0.0789331983642929,-0.0241793280290664,-0.0226664288546088,-0.108748682950388,0.0743398544035508,-0.21414054985519,0.0480789111303139
"mischievous",0.176137292362,-0.0178478468095294,-0.0191699587458413,-0.11045299191365,0.0314053405864746,0.0464536581728846,0.000676290295306374,0.0354838434420637
"modest",0.115502533677576,0.0989082700723235,-0.163013953400929,0.0818554029268322,-0.440809592246638,0.055083850601941,0.0344688221605797,-0.0174555083576565
"moral",-0.0126058515679429,-0.0454820762649441,-0.0360830487076904,0.0609125118545087,-0.0613921764815224,0.00320739285787864,0.0439262334280249,-0.0134419001709121
"moralistic",-0.0672699086711984,-0.177057457433659,-0.0454374622924808,0.129305586809738,-0.066959520407563,0.0164912242082945,0.171175360923475,-0.111388976051419
"naive",0.113502971295577,0.0224265891525113,-0.0890400510168398,-0.0411242222159669,-0.0794759964139521,0.126930386033517,0.0633432670016209,0.0212040205438214
"natural",0.0361109006156922,-0.182853327431709,0.032349777375786,-0.00707190804209798,-0.118209935858262,0.156940410316658,-0.0376717614929305,0.0743802395164119
"negativistic",0.0558853271936917,0.0403798854086941,0.279498078534786,0.00322151540915552,-0.0529706810314665,0.0739544981097819,-0.166853144661812,-0.0459308871873998
"nonchalant",0.370851113616816,0.176224991304054,-0.0490317601196331,-0.0430862204216152,0.0592274159022946,-0.0712439757976833,-0.103160640327294,0.01253388113804
"nonconforming",0.222830656074106,0.13086063347723,0.0863507165208532,-0.421095892861398,-0.0892302715253311,0.193886410520506,-0.205948556570059,-0.113996242131122
"nonpersistent",0.414571989627493,-0.0201769761302582,0.00593256980373161,0.0490901244080515,-0.0753290124325608,-0.136103186590842,-0.0939028554141144,0.0279185627999612
"nonreligious",0.0324764621771206,0.0348279424171821,-0.00406905230362889,0.0260522566103482,0.0143655329146083,-0.0245670518318706,-0.015029495285425,0.0191761042018017
"nosy",0.00533252415891502,-0.0873483839511682,-0.00565779710848508,-0.0868733339257595,0.0814440210366243,0.024966000465412,0.142640151567025,-0.26263493103128
"objective",-0.0552849436723303,0.082432282811869,0.0108472049118918,0.0302280555801261,-0.00953270244474921,-0.180885255144183,0.033445740209499,-0.0752401867759653
"obliging",-0.0419292320568744,-0.0676274810400741,-0.113161841791949,0.069569693536894,-0.0418894267818753,0.0237302618668841,0.0455211166713054,0.0517388160636627
"obsessive",-0.277532391179302,0.127881664180298,0.107018490440514,-0.257034825705955,-0.0186588917099538,-0.0146442696183751,-0.133086389700383,-0.0358642696363351
"obstinate",-0.0301169239366063,-0.0131164585714883,0.485082471441528,0.156721212920237,-0.0355482404203594,-0.0695055592848005,-0.0650215404264341,0.0267015171076973
"opinionated",-0.0106562326217352,-0.0666961120857355,0.433075543604228,-0.0149690707031574,0.189309993652275,-0.00260518627857636,-0.0663604208513543,-0.0286968053707651
"opportunistic",0.119002500817045,0.0694426119715544,-0.0333722856092636,-0.272062881892815,0.500134626085089,-0.216461649417234,0.0199623523492988,-0.0316082325792989
"optimistic",0.0644215602862312,-0.158161963837814,-0.135325348340248,-0.0554464884579167,0.118132969182803,-0.0586243248894572,0.0175101874617351,0.0638423419518772
"orderly",-0.557856444562659,0.0422037611441258,-0.0160382012690821,0.156043393651772,-0.034379606981636,-0.0578301205602788,-0.0762062820739674,0.0760856233032426
"outspoken",0.0858476722715978,-0.334040007440265,0.282764189670679,-0.146905293115967,0.232151787377738,-0.0440031708532208,0.138398917109199,-0.103006208446303
"passionate",0.0373475620861767,-0.0289713804083955,3.59026736279131e-05,-0.14562198191282,-0.000164437813290722,0.0303666632188713,-0.0551462122169444,0.0143942102186353
"passionless",-0.0130931798013142,0.062587092595448,-0.00915766048430397,0.0915960803003453,0.0318633939948629,-0.0259974961605367,0.017573707624238,0.0196592747715327
"passive",0.0239448876950139,0.180917567441553,-0.186745719782397,0.221288040184404,-0.000724717938312965,0.0932224576753424,-0.044055611604696,0.00088281403182147
"patient",-0.259347388556416,0.0845768074395124,-0.253229982229314,0.126978681812357,-0.304888899219379,0.120949603645855,-0.0389419450798493,-0.0254517580631936
"patronizing",-0.033205221220609,-0.0354321596045342,0.177204983456073,0.0623161863999701,0.0551263559084011,-0.0503841843639191,-0.0328270343948957,-0.0302782896208893
"peaceful",0.106528015612386,0.0375649157430895,-0.115463382324127,0.137295541545154,-0.285366869305248,0.0296605296347297,-0.106272186839621,-0.00737866302545879
"perceptive",-0.00254225246553925,0.0574933921827352,0.00448841851797215,-0.0447901810124332,-0.0138260190702918,0.00284135914989417,-0.0572588529990911,-0.0320614720563159
"perfectionistic",-0.496538304400567,0.0959487232107388,0.0612831486970269,-0.0886303693706436,-0.0558118691982002,0.0488710080207849,-0.270778641050357,0.124491963111667
"persistent",-0.197066109521243,0.0549466627072429,0.00628483453107591,-0.0658729517148983,0.00912178748704453,0.00336017764796181,0.115746673665106,-0.0118003739346252
"pessimistic",-0.0525095000240926,0.0622650470643319,0.109052733162794,0.0241303411720985,-0.167202209777754,0.112658496913979,-0.0170600511490594,-0.0881824835507457
"placid",0.0200191345605879,0.130985172331597,-0.282567544586704,0.381853528237371,-0.189834222482946,0.137115834396445,-0.0285400887938811,-0.101838591268467
"playful",0.169364195453581,-0.149269942249306,-0.158925138350958,-0.225968222966928,-0.029206029542442,0.194909712387232,-0.0789733329161172,0.206746338862051
"poised",-0.158871968256871,-0.28674411050224,-0.0218170444619434,0.102583381591703,0.101678479725603,-0.102998262445123,-0.0983102974677295,-0.0199168732407148
"polite",-0.00495903968999989,-0.0552769738033028,-0.148344547436425,0.0784730208454327,0.0362306047224289,-0.0147603515151146,-0.0287513378467992,-0.0228647581128338
"pompous",-0.0221104052763765,-0.00439114729776369,0.0141782616235006,0.0516923555741161,0.0703960152839592,-0.0268148927609427,-0.00848084542722244,-0.00590331459500452
"possessive",-0.0831439512417485,-0.0335219350845154,0.0367935824997381,0.0368112292249784,0.0919939306880427,0.044873831164324,0.0190747121642391,0.0536391962770956
"precise",-0.50270620511308,0.142929208435521,0.0375852293519126,0.00290875832390772,-0.00603462544081338,-0.0134584170793011,-0.095454688653348,0.0285259341696229
"predictable",-0.159310579708628,0.103118382004948,-0.0850896809189373,0.520472163686131,-0.181594053465735,-0.085136116701459,0.220107823180895,0.0478421222025912
"prejudiced",-0.013806274008605,0.015544097482054,-0.0137580486464798,0.0338643040782379,0.0148048988763188,-0.0170091514874692,0.00683298254768725,0.0134273181740744
"pretentious",-0.0351290783853904,-0.0214357340510961,0.0930787740309145,0.0210075921447481,0.139281675514011,0.0164658615894427,-0.0656617877257152,-0.00603849706325297
"principled",-0.0289189660996464,-0.0208877521120067,0.020202265120773,0.0559780507648818,-0.0653272927253228,-0.0205887793406392,0.0416825384180299,-0.0301344278916231
"progressive",0.00678133920015647,-0.00781309268946563,-0.130362220511917,-0.357978936355803,0.00886639760712503,-0.044455937135716,-0.034190584733658,-0.0563849315918428
"proud",0.0310082009009693,-0.0311909657507436,0.0126573830903595,0.041230776605554,0.0367309249405626,-0.0323559455118042,-0.00260668935914474,0.0483273816291036
"prudish",-0.0279301714260266,0.00709452773528038,-0.0750474701718665,0.198601062984099,-0.00530047097321899,0.0380246488242828,0.0384139702309034,-0.0253821922986168
"punctual",-0.548665656715524,0.0417317424071217,-0.052481570478207,0.131718189355474,0.0133490371096363,-0.0232444695712002,0.0166238081681381,0.0842074702321184
"purposeful",-0.125909653886247,0.0140193355250258,0.0438053327806774,-0.013009568147542,0.0359673808528661,-0.0351627215327746,0.0481004016436647,0.00118195076831567
"quarrelsome",-0.0369255981694446,-0.000280162790063439,0.166196425998485,0.00786227659875847,0.0339150339317497,0.0289436783919014,0.0148502152181069,0.0064581655414194
"rambunctious",0.214418539074385,-0.0137977244508941,0.0627446403318474,-0.0857624077346138,0.0913127699315132,0.0141574272790256,0.174657366889155,0.100044914348226
"rash",0.215966161270738,0.0425626597388883,0.120789401379518,-0.0706613680844997,0.2085760025908,0.0618150583086305,0.182409395364474,-0.0095676134611463
"rational",-0.0946319128368103,0.0975956796031824,-0.061848363054564,0.0379736532178463,-0.0149160633780059,-0.188747771253972,0.0137867282802283,-0.0434717029500521
"reasonable",-0.0902702288853097,0.0529687878064214,-0.154716380181884,0.0871348116917187,-0.0667466560633804,-0.0981215889021004,-0.0263310157827559,-0.0245435002980026
"rebellious",0.223190646059737,0.0214607018911272,0.202314141264088,-0.30044134337446,0.10992835785715,0.171266096354415,0.0114585739792162,-0.12115376454414
"reckless",0.272862840400871,0.0583562789625557,0.0494952428732476,-0.0732795248532837,0.139248815801396,0.0307031465541886,0.153337851685561,-0.0524601354353997
"refined",-0.151449798747434,-0.287083758433959,-0.0556080725632362,0.100997065593329,0.182074995950378,0.10728832791748,-0.356970790008148,-0.100190110407729
"reliable",-0.229348270989181,0.0605604934252267,-0.0345142087378353,0.0527750709213181,-0.012181169598039,-0.0128951740723633,0.0571582423998361,0.0430974494807187
"religious",-0.0825265388983572,-0.240783204875263,0.0088827682484282,0.203604846297981,-0.0399458058368644,0.0892555055329826,0.00221094186571458,0.0224883274324632
"respectful",0.0108044143691874,-0.00738200388967802,-0.0927763722363102,0.0617514872133195,-0.0204418266384813,-0.0205870206779785,0.0168259037882112,0.00068591312833819
"responsible",-0.305159200447195,-0.00979186855752003,-0.0493341343858499,0.0839295888495319,-0.00710730242741258,-0.00792537445124934,0.0226671669817125,0.0411221470948184
"restless",0.110987929594857,-0.0451188725109689,0.0256329153641463,-0.490724741957361,0.0659559137736056,-0.0210811856096227,0.0907553880506988,0.0246511090289905
"restrained",-0.147445209916181,0.231662112665356,-0.123625498868969,0.412112759696858,-0.20366382395981,-0.0733980152095429,0.0341904341056845,-0.0943221680443003
"reverent",-0.066510389735266,-0.182501756881973,-0.00439331582729537,0.291904622369135,-0.259274895418268,0.224598553760983,0.0693329456106211,-0.0991304151671205
"rigid",-0.179770059768066,0.0945079850208574,0.366449159390335,0.35670807914074,-0.146320011273341,-0.2227072134318,0.0191287943836074,0.0871178409406681
"rough",0.111391749124943,0.0522088673266358,0.362675601202783,0.0228079066483223,-0.103690162822906,0.00893713139626959,0.193116582621875,0.134434070520341
"ruthless",-0.0504513069045052,0.0076075107237266,0.078045249036254,0.00795401601434745,0.166504713101459,-0.056478543595043,0.0465277282571496,-0.02009235081395
"sarcastic",0.0882303028440439,0.0532759394965849,0.0883307912344845,-0.106890553031268,0.0226817171073739,-0.04197826885558,-0.0664287769866001,-0.0266095602830028
"scatterbrained",0.661313659228716,-0.0426962291932584,-0.134892630659317,-0.0589871323844886,-0.11945979064117,-0.113408952760749,0.0144462887695396,0.00118639657340753
"scornful",-0.0677405441893513,-0.0107805913848819,0.186952853769969,-0.0433627023631589,-0.019511082635016,0.0432829173179719,-0.0863609519998708,0.0064596452212326
"scrupulous",-0.437857710599231,0.00241296840402979,-0.0202191186779445,0.0338060732402411,-0.0975364931315559,0.0471169134615084,-0.103678062956357,-0.0100654155931454
"secretive",0.0445956184144009,0.336649877205988,-0.0224539333966579,-0.05373168741495,0.00661612731228198,0.0387884215759213,-0.0198430412123195,-0.0489031405824113
"sedate",-0.0907849316438905,0.0308978231351463,-0.125982201846908,0.592487837812279,-0.139633601872972,0.0448810978696868,0.0401509162340666,-0.139287273975163
"self-critical",-0.108034425553799,0.0830557738913105,0.000132377524979361,-0.199315896569768,-0.207022670935425,0.0823180831784463,-0.162655114699768,-0.053508294366003
"self-disciplined",-0.51417097970843,0.0607919913773402,-0.0462672669590243,0.0639043808332379,0.0827365171981984,-0.0337657151347795,0.0198868344150285,0.020136412902759
"self-indulgent",0.258656760568695,0.0363789347805432,0.0189145726486727,-0.0363913630335678,0.201244023612959,-0.00680717027057051,-0.153711851472612,0.0336919446135381
"self-seeking",0.0121188694804811,0.0546000359177013,-0.036409066393484,-0.0286021534918,0.387502013342302,-0.131453184445447,0.0192225631426275,-0.0518225865617988
"selfless",0.0114197369263256,-0.025958449466278,-0.0533488473530549,0.0324058883383885,-0.159906153359968,0.0596146208893606,0.0561938067577319,0.0295508969098177
"sensitive",-0.00610849303571976,-0.259252497211058,-0.193907238850791,-0.0548479231268421,-0.195935876969759,0.339181832623869,-0.104863783992418,-0.111754093415059
"sensual",0.0209546246347403,-0.0542845950053567,0.10879458806066,-0.0934827213666319,0.105671632072787,0.236528040496869,-0.270325084575198,0.179204598787271
"sentimental",0.0292078181510689,-0.234247701652265,-0.202930051077654,0.127260937586223,-0.115619288307968,0.444089665218257,-0.0880784697858053,-0.0555544781631376
"serious",-0.278550843563494,0.0836707875210588,0.022445012912473,0.0446295424629013,-0.0424963034156657,-0.0615871219553576,0.0336381986465068,-0.0782945992802739
"sexy",0.0128587111076684,-0.0150078793525143,0.0119422382071459,-0.12515269894004,0.112666546949463,0.0351352098588957,-0.113069585594958,0.13499103071183
"shrewd",-0.118627370157671,0.0411581157495502,0.0322998995405949,-0.0572834505113887,0.157679003567744,-0.27081872228528,-0.127903815352547,-0.144117251673513
"silent",-0.0157051262059307,0.475496330188384,-0.0575616374859008,0.17087247333826,-0.14734757528684,-0.0115125757583336,-0.0368307295283812,0.0409482535476292
"sincere",-0.00416410830534991,-0.0410716182566666,-0.0322895604469048,0.038165395093181,-0.0683462046493134,0.0628234511800377,0.0164749261796812,-0.0188215525428417
"skeptical",0.0556564791458566,0.204507542617723,0.179334079427412,0.0433758123576335,-0.210881447375664,-0.0911880989761446,-0.115954450667883,-0.200330466659413
"sluggish",0.23509186066944,-0.03960887482464,-0.0178579742197934,0.0987214397455323,-0.0486777420436367,-0.0889756209499726,-0.0821939582789612,-0.00131236806105264
"sly",0.0239012256547149,0.0504533958794798,-0.00938604608376792,-0.0216555430769307,0.214976690258358,-0.0802650729314297,0.0660958194464593,-0.109596539633309
"smart",-0.00429017009951716,0.0777919600377837,-0.0594760019247377,-0.0192716893134425,0.050529386930897,-0.104178815249614,-0.0226734692284429,-0.0612914254367338
"smug",-0.0277655689482506,-0.00951103044093016,0.100115224869503,0.00281531806807102,0.127058543974561,-0.0555602109085454,-0.00865458831025428,-0.0283963632644828
"snobbish",-0.0652268391023404,-0.00579511233042203,0.0796006647942739,0.0258381528095196,0.105107609345261,-0.00412388323917351,-0.0951269392994873,0.0447262334598786
"sociable",0.0548609635827099,-0.453261906812584,-0.0910156470547351,-0.065503880236855,0.190119504488364,0.0640523808629456,-0.0207686537940153,0.0334239768260308
"social",0.0580537740173238,-0.474207543592015,-0.0250630523721555,-0.0282421762231804,0.168665665571148,0.0522369289105108,-0.0254211269080967,0.0125850358957562
"somber",-0.0292540834765921,0.130840866988602,0.0566680371857584,0.133128602644881,-0.147003969959532,0.155069688758137,0.114242440245468,-0.108086166648626
"sophisticated",-0.102892374788984,-0.0755007187045379,-0.0288505467363809,-0.079130940147315,0.199144160430812,-0.088341184194661,-0.2996011429274,-0.180199816598896
"spirited",0.0666766251012496,-0.287633133048511,0.0355818603465379,-0.211383728801432,-0.00838157977987357,0.0265932292970828,0.0389712608686216,0.0843428319046397
"spontaneous",0.298467790384844,-0.12088016462197,0.0807243243278603,-0.356539962173596,0.165066790027176,0.170527115271159,-0.0205473562254192,0.0703121095043911
"stern",-0.169372690713897,-0.0413107402679403,0.48395134781068,0.201112492307632,-0.0943919243196797,-0.171389055950704,0.0435481730195869,0.0584229714748153
"stingy",-0.00466179527504855,0.03454163079707,-0.016413694894293,0.0421501175519917,0.0197587710408578,-0.0200320877409304,0.00496659301910954,0.0051836807871008
"straightforward",-0.0399967120840684,0.0371497336234654,0.0696691725581194,-0.000770672821967251,-0.00471110839363087,-0.0779565437240309,0.146887213394837,0.00356030630788159
"strict",-0.337139051331991,-0.0325503253254253,0.291682447799432,0.173781877005056,-0.0567362558434672,-0.169914134906235,0.00119385332739554,0.091845879391348
"stubborn",-0.0530571024072366,0.0417058488592266,0.457693792926679,0.079506459017628,0.055842372145712,-0.0904088805958351,-0.0622527884590282,0.0286148744300464
"subjective",0.202288248415253,-0.0363526505386311,-0.135192842444399,-0.172332607156526,0.00166642229690052,0.267333775722158,-0.218004068410364,0.118519967459778
"submissive",-0.0012304745070933,0.0478131169037349,-0.154345081102556,0.0717567087275078,-0.0695264844111212,0.0766742129211192,-0.00380146011580273,0.017721129885441
"suggestible",0.0947279008982134,-0.0098293561222595,-0.156229716362866,-0.0658005003398102,-0.00234926849992832,0.0657865071467739,0.00878759036286025,0.0411746341603459
"superstitious",0.00272264957301094,0.0187033242983139,-0.0257183931499827,0.0302353539722584,0.00811360568302242,0.0110380804068041,0.00664249285463718,0.00675621624784197
"surly",-0.0331874037652496,0.0629060156913378,0.177910790642238,0.0397165514104722,-0.0132010151351355,0.041007525784508,0.00314898145589162,0.0682776263151152
"suspicious",0.00485811532268868,0.0404343895524017,0.0555238048776572,-0.0200272699810011,-0.00965988165205597,-0.0169821268388496,0.0665030190058322,-0.124841932027705
"tactful",0.02945526919911,-0.142850431969532,-0.338940484654289,0.161378470476932,0.111090026515605,-0.0174981449911062,0.0486100000989055,-0.125814401490436
"tactless",0.0527118635735372,0.150722732285097,0.352422956956464,-0.135610633412057,-0.0604235261621632,-0.00493004586822253,-0.0128499097258508,0.109431620219916
"tenacious",-0.106702015879249,0.00259129868932108,0.0728767801894547,-0.116163368783197,0.0111844892162735,-0.0477667924748692,0.10360024616088,-0.00894069931070911
"thoughtful",-0.0390849964241533,0.00599907440164399,-0.092752915095222,0.0249293573631571,-0.087613994081474,0.057186166091397,-0.0329377271338714,-0.0596875301540771
"thoughtless",0.176361215924413,0.057606867185149,-0.00961382556248187,0.00156897884644485,0.0694133305358354,-0.0642147267125212,0.0638731158943012,0.0239328698561725
"thrifty",-0.192941767313269,0.0465173913120253,-0.137434600731507,0.0965344470863026,-0.253109929934516,-0.108097274204421,0.11031636108591,-0.033690090595234
"tolerant",0.109107333103919,-0.0101154890936787,-0.397912442507094,0.0144912444509221,-0.0768727504175356,0.000241390520655872,0.204253375988827,-0.148060549993774
"tough",-0.103303451314193,-0.0214703081462151,0.21403384926673,-0.0794948479610276,-0.0245306659653233,-0.23772631396137,0.230794302048317,0.0770172007262065
"traditional",-0.130172472503451,-0.166832564458387,0.0553071517924593,0.604410452544355,-0.124161888343915,0.0392780672728142,0.0833906557255465,0.0697872987239822
"transparent",0.0462776936315848,-0.153387716873104,-0.0558939426527965,-0.0711384276440741,-0.0469334001144902,-0.0426100919328427,0.0356418848470529,-0.0546991921163232
"truthful",-0.0175225555041192,0.0436483489466386,-0.027128191490217,0.0137090449383135,-0.0275338553420317,0.00330195175881935,0.0224195738075755,-0.0167396123497314
"unaffectionate",0.000423088957433057,0.285095379476957,0.0742601167723223,-0.0467921151290276,0.0583819307876442,-0.181554711355121,0.0419207764685909,-0.0356345005702494
"unaggressive",0.0508796595617686,0.0746585443806,-0.245447412964336,0.078250636004468,-0.252801245398685,0.100101339305988,-0.214168875206965,0.0114969475014165
"unambitious",-0.00136261352917109,0.0224283935336949,-0.0437098591262884,0.122947897391872,0.0257589832107914,0.0184008333987921,0.00679194580263693,0.000195311207589446
"unassuming",0.152655104482944,0.227141914030977,-0.278605550009399,0.156950122308963,-0.461449544752271,0.113809992499203,0.101242668644275,-0.0552987558437882
"uncommunicative",-0.0385438603860478,0.541621155978981,-0.0161521247355396,-0.0419492419989744,-0.0495239706278133,-0.00957874271534153,-0.00492804772270334,0.0957064415040592
"uncompetitive",0.10012556168486,0.0797440832128223,-0.194884177477694,0.261013400363181,-0.219579020800841,0.293616162501728,-0.0702709495390067,-0.0684310391595031
"unconventional",0.185228579904643,0.0733423578167917,-0.028835044004039,-0.54721995368955,-0.0140992599189676,0.127694633834718,-0.163371547123044,-0.0916722208440149
"uncouth",-0.0215193998184671,0.112383326160849,-0.0231507030885687,0.0188597140077379,0.0210981670515417,-0.00226514695056943,0.0270970861817034,0.0268588586789486
"understanding",0.0407695443363714,-0.0849193440675275,-0.208418957595709,0.0464116776156623,-0.0758081132844817,0.0671441609194871,0.0349946536018988,-0.090660018107903
"unforgiving",-0.132879935864498,-0.0114881366347774,0.495797285416697,-0.053187960332729,-0.00778625720867231,-0.0598107558202198,-0.186748761623158,0.137070759164933
"unfriendly",-0.0380436352298428,0.214840455218959,0.109613286145628,0.01900247498165,-0.00116204889397688,-0.019704294088575,0.0168843790135611,0.00669220967430721
"ungracious",-0.0524685494206749,0.0696031962604848,0.127242559645795,-0.0130484253986205,0.0239590630110993,0.0182187768362914,-0.0651810151350412,0.0446455868753102
"uninhibited",0.244993333847855,-0.221600799484737,0.153934903497499,-0.326082827368502,0.236952678850039,0.106685957300773,-0.118652608772048,0.0854168105027154
"unobservant",0.170244816363587,0.0315423136435486,-0.072444190056892,0.0212486677635945,0.0127387417962468,-0.10925708753012,0.0718244833628259,0.00420717448549199
"unpredictable",0.411325323510727,0.0019664960185152,0.114968107767071,-0.303839678887133,0.0613198970974259,0.161866557831077,-0.0277436121338225,-0.0220831063256194
"unreliable",0.444820074459286,-0.0274470364628708,-0.0125188159155005,0.0181436053775507,-0.0421568895701883,-0.137847856886178,-0.0404282262807157,-0.000266993054127165
"unruly",0.242059799679548,0.0149705347932378,0.181385307379327,-0.0580630703895908,-0.0532827357539157,0.13265028371238,0.0307572999550639,0.0366709943293475
"unscrupulous",-0.0116242311970375,0.019158593629166,-0.0234190432782862,0.0278288824799056,0.0174557445089842,-0.018638602209889,0.010704930905828,0.00811857668721764
"unselfish",0.00897246198670158,-0.0452690298514817,-0.0588218316448588,0.0434961353005951,-0.119462491997224,0.0580362959267578,0.0661873346951136,0.0395460505135983
"unsociable",-0.0154570357214612,0.511328729050416,0.0179866158747669,0.00333273387137423,-0.0673016945844044,0.0114688540392951,0.00989795958295103,-0.0111340103344915
"unstable",0.0673222724378044,0.0309378571750468,0.00344675203355315,-0.00653481398115317,0.0106657675746495,0.0631235624045928,0.0266685628343046,0.00975737434706786
"vague",0.305440791883229,0.0481212681480117,-0.0667344269409932,0.0274227361407932,-0.0373577768964425,-0.0653003355962395,-0.037880745630742,0.0227768972071691
"vain",-0.0334841595474815,-0.0026066720129325,-0.0133101378348493,0.0154883854311905,0.244852317937128,-0.00293262927739705,-0.0780976000028091,0.0481381124235476
"versatile",0.0216483263490095,0.0269727016885758,-0.123944578248113,-0.311326620694622,0.00340169278604941,-0.00313731632130052,-0.0140985327560895,0.0255874800607076
"vindictive",-0.0210409654281363,0.0171916478974521,-0.0226216431545572,0.0273346584992369,0.0307590746729102,-0.0198853054793383,0.00500868616498017,0.00886655844582309
"vivacious",0.0367428487469647,-0.324767249822971,-0.148197451026611,-0.276233983202725,0.210932965830534,0.175793509911204,-0.113313008381248,0.136532265163842
"volatile",0.0611418914731757,0.0459261227017237,0.127065552643851,-0.0294854750084522,0.141597491487377,0.120782953604155,0.096355382034118,-0.00130332913193428
"wary",-0.0986933065900782,0.244275566266388,0.0895059932478169,0.157619858104805,-0.253670217732566,0.1292824483878,-0.0526564678506644,-0.0809910551227781
"wasteful",0.178035926517285,0.0456164078217578,0.00769553859146963,-0.000504763697840848,0.000581198875838187,0.0112931762211689,0.0255665761968975,0.00667019608344096
"weariless",-0.277279207819408,0.0808200774426588,0.0774794528060773,0.0524740146621859,0.0531735776010219,0.0193282688140785,0.10645758916446,0.0822551596716533
"wise",-0.0382606334949385,0.00958581372085305,-0.0277063325311895,0.091985481224495,0.00586646768267833,-0.0651984448924404,-0.00781904613685041,-0.0646293993017099
"wishy-washy",0.0687444243241938,-0.0200944409825805,-0.11243510337819,0.0565844244646512,-0.0286928203162407,-0.0239532224125423,-0.0727840750599889,0.0213539479491827
"witty",0.0710082680770626,-0.108529027254148,-0.127418279474575,-0.168138473363886,0.0586032395853622,-0.0344856430195912,-0.098098039457071,-0.145107434218961
"wordy",0.104642349747818,-0.128550566329348,-0.0254626144949966,0.108474889078467,0.0495015627377964,0.040107187170426,0.0203844361953806,-0.408106241613071
"worldly",0.0585894985879507,-0.290346078741251,0.204527651906033,-0.0565883593954031,0.138564958451358,-0.0693177251777667,-0.20046457128248,-0.175273268523317
"zealous",-0.0320006028934836,-0.114566011682109,0.0285940415424118,-0.27499858645911,-0.0175349854399997,0.0429764350053152,0.0550647180306663,0.0243729907314986
"abrasive",-0.0947104848499002,3.5455426915373e-05,0.471474600386324,-0.0736739338610839,-0.0311019001924741,-0.0619847631140641,-0.0474511176615818,0.0792586481353037
"abstinent",0.00531255981885666,0.0220005623437126,0.0015245648133993,0.189864116387437,-0.120089820355384,-0.0885636166155812,0.15726433019266,0.0253604462664262
"abstract",0.25259090543854,0.186457151148098,-0.17646146014056,-0.301945178723494,-0.0458728659487105,0.032901050880364,-0.373711661310774,-0.0866985536535759
"acceptant",0.0726235195195101,-0.033404535190285,-0.327142017759566,-0.0811971784692976,-0.0117471670476036,-0.0165802180195517,0.162166549553558,-0.0290085301654542
"accessible",0.0680546507425752,-0.317832979932879,-0.0976118641822278,0.0556578261823367,-0.00465281446269723,-0.00675287255812178,0.0421286540388635,-0.020704712743797
"accomplished",-0.0432345014906195,0.0276418364418495,0.068789805960321,0.0328994522847081,0.0805107386640086,-0.0506239131611464,-0.102405091297504,0.0251251800886362
"accurate",-0.219655231458489,0.0929814547170435,-0.00845873811836037,0.0202114243996945,0.0264109114309808,-0.0488925290162569,-0.0197198171054228,0.00862941643705472
"acid",-0.0658326387494088,-0.0036234381550961,0.21271696177064,-0.0325849030255206,-0.0144148562663299,0.0744225947499364,-0.0827201114913254,0.00335823774849459
"acquiescent",0.000102964582356863,-0.00448352055669608,-0.286089812876355,0.215894112033224,-0.065420251977043,0.130473965158705,0.0523316759005529,0.018631471147995
"acquisitive",0.115153486642871,0.12065757574945,-0.04241964328517,0.0594743026026188,0.534478149274344,-0.237797390706207,0.0417508394224092,-0.158556276665144
"adaptive",-0.0223090451129957,0.0522848029984401,-0.171789836961457,-0.379281729342595,0.00697856051423265,-0.0517456120922077,0.0456826225027092,0.00370472211639779
"adjustable",-0.00826819208223774,0.0248181918295942,-0.235299934700114,-0.330626110547476,-0.00825438310612304,-0.0328538473163786,0.0544672061787229,0.0305481051742052
"affable",0.0822229460410329,-0.368548374906421,-0.151004746979071,0.034166276866334,0.0583894984281083,-0.0214838409258697,-0.0548000811392141,-0.00597963414820122
"affected",-0.0139381427884721,-0.018127309054735,-0.0857981202555262,-0.0152735788369428,0.0333626595361881,0.105986139801108,0.00521467094023286,-0.0418846369685263
"affirmative",0.00100232867091376,-0.0494259813134222,-0.0194419916157568,0.00286050491743955,0.0763032389080731,-0.0921088615846689,0.0857244991871611,-0.00880438993910398
"agitable",0.0339323406389271,-0.0666469581568078,0.0645973981339242,-0.158756213187575,0.0957326745731334,0.337421371647863,0.0153327542000113,0.0333309521162159
"agitative",0.0160563022941809,-0.0923192625153443,0.216864766830185,-0.168510145719997,0.102787812639022,0.0706364093939153,0.112604481414708,-0.0441362576524089
"aimful",-0.290386754433149,0.0468302059643825,0.0271102572631489,-0.0386020291217528,0.0871255585215043,-0.0265299276329652,0.0711328090612971,0.0188254539302225
"alarmable",-0.0678510734476385,-0.0258934072936932,-0.152892654704951,-0.103953179541226,-0.0536167412473364,0.341551904117142,-0.00614550954113712,-0.0309545415095819
"amicable",0.10826950988975,-0.286487573998284,-0.139855386968431,0.0774641983726665,0.00950146315187055,-0.0482761409427194,-0.0146654356447822,0.00978998654715741
"amorous",0.0996240112629299,-0.0300229213348236,0.0188320456560246,-0.00763416135939517,0.00814529119258063,0.0878792007091018,-0.0447477784590974,0.0794694365395689
"angelic",-0.146384232585675,-0.143778056613057,-0.30390349524468,0.0476215925440649,-0.0258126425627748,0.248772804909525,0.0659173640840525,0.0447636436119429
"anticipative",-0.13973477577695,-0.0494056816852248,-0.082592010097919,-0.26174359605236,0.0545613790632046,0.00436195745557144,0.0442962721857041,0.0054499927170007
"antisocial",0.00375692346162068,0.464488169240688,-0.0369329260065903,-0.0323165357682425,-0.0253446519324056,0.0080861489148255,0.0139580071297517,-0.0360845810421129
"appreciative",0.0514183966493685,-0.0312386713065208,-0.080082873797542,0.0361113533471364,-0.0192163299407482,0.0632443908555828,-0.00733883745040511,0.0142107547702119
"approachable",0.0974488508781423,-0.345232383156834,-0.119824958808526,0.0537358125853439,0.015836584443915,-0.035601254071659,-0.0152942599286863,0.0240130691354238
"arbitrary",0.170270246647462,0.0261007085879329,-0.0301966611156404,-0.00270967549268523,-0.0135944139507336,-0.0135664970581349,-0.0196987617220673,-0.00301344134330462
"arbitrative",-0.0529027907224124,-0.110806525792634,-0.0342075654649784,0.189691494215603,0.0963456634140632,-0.219173208275311,0.149454329834541,-0.16360285274965
"aristocratic",-0.06510065657479,-0.0362113482690797,0.0123851112521583,0.0968707124724966,0.230899015131657,-0.0552848085013554,-0.0861997408324415,-0.00317537277979531
"arrogant",-0.0447462863833273,0.0157433849122988,0.163858746430098,-0.0145803318886121,0.143657314352633,-0.0571918121702072,-0.0214610008611355,-0.0313689877348421
"ascendant",0.00386605546063011,-0.0622581661450316,0.00970506166653773,-0.316336236320475,0.237206875605454,-0.232771713469538,-0.0843729142977161,-0.00330746844489755
"asocial",-0.0074620693452349,0.532914015301384,-0.0548919884349338,-0.0366096532680272,-0.00483873422234176,-0.019393755058476,0.0473630527945881,-0.0394454653804254
"astute",-0.112571990346481,0.0403027323430616,-0.0531749074605102,-0.0052164703713235,0.0727733610104462,-0.162169327316993,-0.0533281889982664,-0.124404629514909
"audacious",0.184438166878913,-0.158209795342426,0.208817328255794,-0.298326894661791,0.309946095230611,-0.000453683457482798,0.00821908731240095,0.0570681672841757
"austere",-0.0432074742020513,0.0867552394380689,0.200428495535743,0.271009658204919,-0.0777875279515698,-0.130812543945157,0.0771815487869938,-0.0362253968196498
"authoritative",-0.198734262448498,-0.210578327573382,0.201096962250144,0.208854346801262,0.155757832169732,-0.208338787592676,0.115622942903524,-0.132420693584677
"autocratic",-0.0746073277984353,-0.0364790155094858,0.196204077829887,0.114130101738407,0.0864647882861233,-0.104628513832999,-0.00198998576119512,0.108420176418777
"aweless",0.045519159378801,0.0920676106360735,0.0311359231724935,0.0204590706958864,0.0658967235842834,-0.0871782830985818,-0.032124586178176,0.0404522216292038
"awkward",0.0769032687260617,0.388953369273191,-0.139438797079049,-0.0322105218274283,-0.144283942537213,0.0837613253230284,0.0398148233241173,0.0104774647455612
"balky",0.245924601022767,0.026047640973576,0.237459872491084,0.411025315719648,-0.0590004219154229,-0.056351397454919,-0.195632104983989,0.0349739917429373
"bendable",0.070391629332907,-0.142144575336307,-0.31590857328336,-0.315058778935588,0.0519887781372586,0.122692880744932,0.0574570985501344,-0.058729457007871
"beneficent",-0.00721851490000993,-0.232461423749266,-0.0104739113795987,0.100782522558623,-0.0616233066895097,0.0675414400087572,0.0105024157373761,-0.00475650528989004
"biased",0.000668143738452663,-0.0273021908670713,0.111579960181457,0.00818785754498721,0.0514230115984132,5.24649508413436e-05,-0.0381666119159743,0.0251027564178737
"big-headed",-0.0326321297982154,-0.00618499984214074,0.107242074444836,-0.0110073530533276,0.251992978464129,-0.0541732283181237,-0.0407184017836989,0.000747839038848738
"big-hearted",0.0621402195683878,-0.203361382772708,-0.0648766350491892,0.042462159815839,-0.112298911958804,0.0811628818388669,0.0581109201226515,0.0477401610511501
"big-mouthed",0.044454650394757,-0.0266272244741326,0.150395997014225,-0.0318173407556585,0.113233002805437,0.0271300983786683,0.0758098435138754,-0.0152424171897422
"blase",0.0188418398688379,0.102323672949574,-0.0343568274250876,0.0188357657397922,0.0251345165136913,-0.0139020792616504,-0.00630775269387968,0.0155809550708359
"blunt",0.0384761692538624,0.109966726674682,0.545781405828039,-0.0106903808748609,-0.0240950437840428,-0.115376050210023,0.0870544298465852,0.0374973114388884
"blunt-witted",-0.00778786970821406,0.0209672913994824,-0.0112761720381719,0.0337477105032043,0.0060479679455579,-0.0134436760746448,0.023835816732346,0.0258300293162017
"blustery",0.0262001127682579,0.00179328416950851,0.140588383816967,0.0292829149390595,0.0276822590985069,0.0349686477055996,0.0525045165165554,0.0176362577031421
"boastless",0.105365870406399,0.121534685158224,-0.0440475908951581,0.0581725119635403,-0.38973591366029,0.030013933398806,0.00299180828970472,0.0369408636454362
"bookish",-0.00891247831299424,0.0344095223297476,-0.250306675301553,0.161052755267463,-0.116949452126548,-0.0581841805458646,0.203947283873823,-0.662105468425729
"boorish",-0.0236019080054103,0.0896675448512676,0.00482688298283942,0.0208411254152255,0.0193625183632868,0.00124551827904314,0.0141197185114995,0.0412427841997646
"bountiful",-0.116209863185493,-0.308574473563627,-0.109726180400353,0.10347124155493,0.150670384473417,0.190635683787515,0.0277376915577011,0.0191714319065761
"boyish",0.229698874320059,0.172472267305577,-0.0162211389480158,-0.103453096146493,-0.0575269758107882,-0.0102790908799947,0.136240213383465,0.0861032726680282
"brainy",-0.000600166288166258,0.0850275885017047,-0.0720898688619342,-0.0237063617341625,0.0106411772531399,-0.152694840606486,0.00451568846207448,-0.178421630794279
"brash",0.0781201943135948,0.0193454881040736,0.227864939859215,-0.0300155882317137,0.289277423892261,0.0153879311593524,0.155277161272221,0.0248587861000204
"brawlsome",-0.015755797245682,0.0256695086481886,0.0349081571661652,0.024785918632819,0.0105692230375131,0.0210169103903254,0.0274893418228927,0.0221666608924788
"brazen",0.169457789636509,-0.0302901649288245,0.184484519688504,-0.181201262800366,0.242257477340962,-0.0852406606323978,0.151515591119311,-0.0804649833787045
"breezy",0.258803384309254,-0.235905734154749,-0.176755423488249,-0.152200323556264,0.167903276857569,0.081470741663842,-0.0486194512574823,0.108673968730069
"brisk",-0.111369023504656,-0.0550937560831869,0.147872146025553,-0.180641831270211,0.195939024347205,-0.270694196652494,0.237270171159565,0.0521460170950856
"bristly",-0.0234792418561393,0.0200274944776234,0.278135173118915,0.0516573695429946,-0.0337910702562986,0.0439527300210666,0.0251063392150517,0.0212826170762628
"broad-minded",0.0703542830196252,-0.0362528881016388,-0.207749387951966,-0.270893987604461,0.00849982112723092,0.0364459498928821,0.0226393426800796,-0.0684614532021708
"broad-spoken",0.130861183504568,-0.230396714319499,0.173957718919639,0.0765766191651038,0.159222862471359,-0.0773913465226454,0.188358836924017,-0.123686385095451
"broody",-0.026256517140245,0.108672635265523,-0.091911302467576,0.00580516886933562,-0.150793239269362,0.305203611718548,0.0355763646840129,-0.0776512774466722
"brusque",-0.054059601102425,0.153245125146016,0.581785860017769,0.0324063299252818,-0.0178376105140345,-0.133711418276929,0.0166850404936958,0.155822802607865
"brutal",-0.0667958986971613,0.0115330449553238,0.162802944819642,0.0146188833655383,0.0447612071561349,-0.0168293024263336,0.0152416488024202,0.131260459700473
"bubbly",8.71758184004727e-06,-0.185090303138995,-0.267674279680065,-0.0673291414984297,0.276477365883388,0.113645528835197,-0.0674155603005876,0.168345273875893
"bullish",-0.0153504867983131,-0.0952609200887522,0.196618606281672,-0.0319825735810055,0.420597133598505,-0.273302090282908,0.247501197966788,0.0320109531611971
"bullying",-0.0194898009572504,0.0108467965868657,-0.00171749311573819,0.0240414863633416,0.0201840840234518,-0.0138003142097246,0.0176890206116515,0.0115578288737198
"buoyant",0.181874542797553,-0.299418696042565,-0.122148575614478,-0.153797332418968,0.262560433521404,-0.0484586542034662,0.0984063023051791,0.069182532376822
"businesslike",-0.302403249055585,0.0384716921609129,0.0217956592636809,0.106726366900909,0.339381545088941,-0.438709959189709,0.00676633567697048,-0.112686334623802
"busyish",-0.0218517282439738,0.00814709372440608,-0.0757691664274721,-0.108169604754317,0.0680752738924056,-0.0358019241972793,-0.0206755303446095,-0.0100097683841506
"cagey",-0.0105660415516966,0.16123096943814,0.0816497827490867,0.0843191792216504,0.0778496540077152,0.00368897836247571,-0.0393721690866517,-0.169576062357619
"calculable",-0.313614179201758,0.14626323948846,-0.0291951929053251,0.0961121037306759,0.0197988497851366,-0.371507372917658,0.0501755617545156,-0.12167600785691
"calculating",-0.108243293883717,0.308079320755244,0.116717184906699,-0.0188987451533104,0.178114672948318,-0.516471392616828,0.0555831784439113,-0.110522779354809
"calm",-0.00595593836485413,0.0340790826994,-0.0853967227002316,0.174194914766778,-0.196547893763925,-0.107323706141829,-0.128762765430413,0.0219963455993135
"canny",-0.125024033638947,0.0360840261106185,-0.0381323367663334,-0.027644455808344,0.0591834930383549,-0.166801837813815,-0.071539547970154,-0.0297741857805752
"cantankerous",0.00462439266187695,0.023914065990995,0.276083232513027,0.17153659141469,-0.0160473310307085,0.0471006798808046,0.00319033238223443,0.0128197980807897
"capable",-0.0315618923772524,0.0576868839020161,0.000714091651821589,-0.0302736528209193,0.035140614839958,-0.0637657809361328,-0.021519444416956,0.015824718066669
"capricious",0.420545609197311,-0.0279268564942087,0.0432888013676775,-0.0815882582479679,0.0682262652425882,0.076610203255116,-0.123350869850555,0.0668662507974139
"careworn",-0.108962679590187,-0.077569747789707,0.0458451537604267,0.248403777482445,-0.22601429247983,0.251451101758425,0.22742586455396,-0.268582109653993
"catty",-0.0649877295378372,-0.000939080504299839,0.0236982148115029,-0.00711645342681677,0.0532220288027682,-0.00447726287323254,-0.0837562312343205,0.0522058224569155
"caustic",-0.0971510899239491,-0.0462525507916009,0.421556645315022,-0.115800976361648,-0.123569616415922,-0.00291649347028118,-0.0940802803739207,-0.0158617735758135
"cavalier",0.180204903871526,0.000912703445000059,0.0481529930536336,-0.00894553370233427,0.207330847569523,-0.0636295206804278,0.0931118960977438,-0.0254320042090167
"censorial",-0.125818482171983,-0.117934975657214,0.232590211995064,0.054052875526378,-0.114403604729649,-0.0679954872042382,-0.146981337627,0.0354433062582281
"cerebral",0.0304008214001004,0.137813617594236,-0.0888933058536812,-0.044444229772239,-0.0666592836303263,-0.145744229889463,-0.036117122913225,-0.295508072745996
"ceremonious",-0.108246396313043,-0.187375632508564,0.0128439485682296,0.25641790295964,0.0977784609814592,0.00616317847369985,-0.044711661920679,-0.0219576125324732
"certain",-0.236991619845717,0.0947812036706686,0.117896335682305,0.0300673202573463,0.0947513156105756,-0.0882332512398736,0.0687044876889753,0.0973278419549266
"changeable",0.363450926853989,0.0286501895182599,-0.143330495955556,-0.372868250176303,0.174979050132193,0.0409299151578172,-0.0605621864739734,-0.0414368310428137
"changeless",-0.0427129335447726,0.123922682233616,0.0992071159193626,0.569013062824489,-0.0596577701862206,-0.0315067897706959,0.0363414628367348,0.116663459192758
"chaste",0.0505166764149504,0.0143393082489199,-0.049807265323023,0.126662449367979,-0.0616565378863716,-0.0025129463868722,0.0857902098365001,0.0321904393215929
"chatty",0.0416480556186564,-0.312973875613893,-0.203616282275669,0.00594793697811329,0.388934546977983,0.0835208289394385,0.0341833623851361,-0.101538958447365
"cherubic",-0.0127852091861444,-0.0552926984764029,-0.151979540258829,0.0184996189540013,-0.00509279087851455,0.117145259010613,0.0228812051179104,0.0414249481429154
"chic",-0.0989266042929329,-0.228319836515088,-0.0904063597385936,-0.144510867663376,0.408585086879803,0.131681297154943,-0.484710044855752,0.176826804159628
"childish",0.115062749502675,0.0629129006043378,-0.0357870048664409,-0.00463516926683333,-0.00768070224167615,0.0179638703208141,0.0261880861108307,0.0396407134084235
"childlike",0.127696006514904,-0.0249115742975917,-0.134724497224523,-0.0490526462583518,-0.109447604114593,0.132251946752769,-0.00832782724308922,0.0128673962212347
"chipper",0.0631385394676738,-0.324315217055104,-0.271753251790114,-0.021145252533708,0.167313408668311,0.0604306926334981,0.0225505210752845,0.161436651768264
"chitchatty",0.0257451127265149,-0.273260411478611,-0.272170981985223,0.0489415222900786,0.428194616532813,0.021105110166759,-0.00170153048789017,0.019657517045155
"chivalrous",-0.0042997834588381,-0.248686120919142,0.106642749542495,0.175356436451717,-0.0912928752609558,0.0587470459276922,0.136726642431035,-0.0175221975399509
"choosy",-0.0775928094711037,0.0258179015569921,0.0391318722713894,-0.0163047894863769,0.0190885552382745,0.0235232992329965,-0.219261172521933,0.0253662760194966
"circumspect",-0.240296955112539,0.117480845572171,-0.080165897420486,0.165799651843015,-0.338317370685613,-0.0113563078325746,-0.0521441834722598,-0.149787910785938
"civil",-0.00807855351545445,-0.0474938963418183,-0.128607247444036,0.0699557929054481,-0.00952484547781834,-0.0345426182957549,-0.0147069210329986,-0.0140643435966767
"civilized",-0.0523867716247531,-0.036285922820507,-0.0780433426110425,0.0866050837779048,0.0279334992402993,-0.0346699293775457,-0.0348850194544946,-0.00974340023831529
"clairvoyant",0.0125666930776027,0.0187826464808935,-0.00526833110847526,0.0203291841830505,0.0772475731621275,-0.0260111253604137,0.0373932569032553,-0.0340707372345146
"clannish",-0.0148075434925792,0.0112649288886378,-0.000675840321054432,0.123994474754096,-0.0124541287693257,0.0114309041879218,0.0798012358986842,0.0824357048211239
"clear-cut",-0.32413411539845,0.0549449994497003,0.0596470758480929,-0.0091151694447222,0.0915611931738412,-0.128813923669032,0.0926981044948886,0.0111604476082048
"clear-sighted",-0.0869605552807203,0.0477647118062735,0.0349624761063728,-0.0217582312689584,0.0191676089015769,-0.0581255509315438,-0.041372771993919,-0.0210731200073607
"clear-thinking",-0.165115311520068,0.0878585141692815,-0.0128715589648543,-0.0198618566172965,-0.0131952449950604,-0.125179674743568,0.00771343266400025,-0.042725634922241
"clearheaded",-0.264477258784921,0.0591300956477141,0.00673746525724846,0.0735942678903742,0.0266205170492695,-0.1176070113179,-0.0164822792013828,0.00346098880332053
"clingy",-0.0330000130157594,-0.00808026745098759,-0.0794610192956353,0.0268413291307647,-0.0231293367192995,0.0794030961473114,0.0518077684258955,-0.0148778022016496
"cliquish",-0.0395599881120698,0.0108699534948464,-0.0366963624394177,0.0356858117750829,0.18424171278286,-0.0490262668411123,-0.0180003958146145,0.0311326570850438
"close-fisted",0.036243649685788,0.0698199100954643,0.058075587589874,0.101176300362418,0.0308525355898986,0.00672564045374223,0.0176066652260735,0.0163488709196754
"close-mouthed",-0.063317080579134,0.517411331154242,0.0313991865343145,0.182593713339694,-0.149080275754972,-0.0410610711309282,-0.0111841170780495,0.201838036055377
"closed-minded",0.023523282864493,0.0148180998689851,0.117902476696832,0.235315882141457,0.0190680536818911,-0.0307147539550322,-0.0217070175306434,0.0242766783448895
"clownish",0.0513251264987776,0.0143365646200386,-0.00991905387428479,0.00829273030061079,-0.00270334173105577,-0.0216536093322782,0.0162637711030104,0.0478754622681912
"clumsy",0.167219835102657,0.00573897127108586,-0.0530260621573002,0.0313177347348686,-0.0661943013861927,0.038418008535927,0.0472053906234434,-0.0492349844985937
"cocky",0.0273927007340376,0.0204187064788539,0.112145715447346,-0.031434475722456,0.343044502560745,-0.0806242617261895,0.0141081147263796,0.0264356458311551
"coercive",-0.0529418481060188,-0.043510392516782,0.0792563198594457,0.0523465347649827,0.123447519833999,-0.0584896415065994,0.0601438066019585,0.0328170339349306
"coherent",-0.149568816144128,0.0176371920645945,-0.0346417602674811,0.0571374319707841,0.0455979987163824,-0.0521902930274833,-0.0478934573175206,-0.0537117413863282
"cold-hearted",-0.0119183559762849,0.0217852585727851,-0.0197640071360367,0.0284489069091336,0.0260295145191273,-0.0231049830036193,0.0117947489068255,0.00803495185285311
"companionable",0.0792867076535911,-0.379658253558336,-0.0587532710529317,0.0994405788648506,-0.0304561830898319,0.0372362906870082,-0.0501145462604311,0.0909703671572773
"compassionless",-0.00708920478984121,0.0855813363936796,0.0103163360369456,0.0246401547784927,0.0400628556009025,-0.0536117613786397,0.0221214564766443,0.0253033429137946
"competitory",-0.0666130367153533,0.0426663873512093,0.15742466314205,-0.225297818032373,0.341065908234622,-0.384928723227688,-0.0100698762468563,0.141119867380619
"complacent",0.0981511320966706,0.0173862826536773,-0.0577998566781571,0.164033188181724,0.0608589505938624,-0.0498931970586609,-0.0253960732632078,0.016625237646543
"complaining",-0.0297883057533936,-0.052764861518116,0.205327872278915,-0.0645065639876459,-0.109702662588938,0.129890390566357,-0.122387561755143,-0.0140141173028285
"complaisant",-0.0156152206724599,-0.114811814618903,-0.328361912732405,0.240061483401979,0.0338419452652206,0.0876659835936665,0.0644525023332996,0.00542153548320213
"complicated",0.0317342453853204,0.088366016412351,0.049257870091371,-0.203266504880085,-0.0951609524093683,0.042074188805527,-0.154557656120023,-0.154501961883675
"complimentary",0.126632056450485,-0.283094142665661,-0.254858528165111,0.122218543241647,0.167861698426436,-0.013886542754583,0.040717406405114,-0.062787054167186
"comradely",0.102697887584101,-0.330225468662401,0.0162124111893504,0.0693189110911555,-0.152621414556613,0.0326835487304552,0.0759519123051883,0.0771307230323078
"conceitless",0.12257545870249,0.07759010771178,-0.117685038563817,0.0478833138514449,-0.185148355300073,0.0196031712317807,0.0691966006891951,0.01607943272245
"conciliatory",0.0686345227384701,-0.251823626579672,-0.428966712952993,0.059480050058113,-0.161438530248155,0.0565168940433222,0.0346274989442182,-0.124923840881004
"confusable",0.320590694105243,-0.00184362623657596,-0.174177973424851,-0.0470860134233336,-0.0931388675488253,-0.059302093357708,-0.016682475182782,-0.00864668752576659
"confused",0.238582254334271,-0.003993983239671,-0.1473420569932,0.0055104340377403,-0.170840691595089,0.0659649974195193,-0.0139013303312742,-0.0191691313148555
"congenial",0.0949001355520889,-0.412117206135538,-0.183123140937166,0.083099830654272,0.0712118636627433,0.0433552826751353,-0.0488070374052722,-0.00173312280727948
"consolatory",0.0247166024563795,-0.354816676397239,-0.264995961664794,0.175656687308567,-0.032528238903477,0.128445178951777,0.0464071948493498,-0.0439531464680063
"constant",-0.383545011888832,0.065183023728928,-0.0144125343058883,0.0659777309715859,0.0212415627334146,0.0498265813215189,0.094042628070537,0.0280475979111933
"constrained",-0.107637684237143,0.209691265301164,-0.0233991294350809,0.407755468548816,-0.0864596685646546,-0.0312927671501127,0.0361729638800615,-0.0115428340640071
"constructive",-0.0621104007223112,0.00753521293926134,-0.0688759833895374,0.014012242131585,-0.00551058773062649,-0.129479095757979,0.00772571310575358,0.0178885731703466
"contented",0.0685460970558028,-0.000287754684835275,-0.0527578035525736,0.175334775264321,-0.00430027432105953,0.00116980346247709,-0.100793744191508,0.161431812995608
"contradictious",0.132621229522683,-0.0200452969727149,0.247782974900542,0.0468509622771768,-0.0172992723574071,-0.0264539559811957,-0.0812613330022614,-0.0917341179401852
"contradictory",0.174334907601533,0.00812886870651577,0.0640753085725678,-0.0368366076405415,0.00817499902815956,-0.0244003697527148,-0.0787875087061644,-0.0560881250596923
"contrary",0.166418218472457,0.041619454228615,0.263753308323788,0.0904989937826843,0.00624502366948942,-0.025085847861393,-0.114300313645173,-0.123427471681654
"contrary-minded",0.112657135541604,0.0438234589939691,0.321059336047336,0.00612357008378894,-0.0527241192103375,-0.0160007735924595,-0.0992137572758568,-0.171095338252153
"conversational",0.121628456931388,-0.465310517938626,-0.060786665990744,-0.0263259150559642,0.135250340667277,0.0157219312670998,-0.0345817670598731,-0.164223971627756
"cool",0.0921601052771673,-0.00234624257879741,-0.0337720034514519,-0.26690958417223,0.0869972117494978,-0.0434642665784818,-0.0817563740540534,0.130022090940872
"cool-headed",-0.0590348158398114,0.0666599157614747,-0.0598682783633948,0.110004196875308,-0.176208285178231,-0.298323560229766,-0.0350571860758384,-0.0173889339067779
"corrective",-0.302312429201409,-0.0164019827723791,0.0260000578425253,0.0494086859296269,-0.14137972175957,-0.101221815791355,0.0054476130272745,-0.02177960220215
"cosmopolitan",0.0370604570408182,-0.212241747188863,0.0761797960242839,-0.213073414687059,0.372550081210861,-0.000399266491346941,-0.388073353287708,-0.0918795580495204
"counselable",0.0461460629149332,-0.137720347394595,-0.340649121411592,-0.0733513222079495,-0.171084350675834,-0.0508381180232535,0.0373844459120835,0.00988375464928206
"courtly",-0.0363716591906384,-0.161785591125089,-0.0103518996269308,0.173712013181817,0.143327180940199,-0.0450555171518644,0.00796403911766978,-0.0787515165275985
"covetous",0.00423651779342553,0.00859220504561599,0.00993414240776927,0.03445187403869,0.228361625520542,-0.0273650407534896,0.0126206322316795,-0.000876693914473434
"coy",-0.0144989964533573,0.0309686987350632,-0.173345471988168,0.0196371855058208,0.00192227827757813,0.162177019565735,-0.0615815561379331,0.020336563024696
"credulous",0.0492930009321309,-0.0272943111053367,-0.12388148011047,0.0117566188178277,-0.00637684654616448,0.106049661378529,0.0463042814262465,0.0505963249444926
"crotchety",0.0374039352122992,0.0341103505894922,0.284256159333114,0.29348364229602,0.0120310366379221,0.0475480810738049,-0.0553762481586878,0.0343170392619101
"crusading",-0.0833871202637182,-0.245558970089317,0.0852890994035615,-0.186863098218343,-0.0555825713804419,0.0479181692743834,0.390708607999621,-0.199518868888971
"cultivated",-0.0448232052143214,-0.0284932314404744,-0.00857751911028884,0.0329637192430871,0.0500352847023598,-0.00616527269904404,-0.0999013213316277,-0.0527697895823242
"curt",-0.0554202022911155,0.221620773387511,0.466157614077969,0.018591911737439,0.0205273570828116,-0.115041125266464,-0.000174771807401046,0.154814313208669
"dainty",-0.0664042087812416,-0.0664767058290565,-0.163583756481885,0.0032525981359108,0.0559962092573915,0.130873822457739,-0.126358977874418,0.0728862977670465
"dapper",-0.0911425177767043,-0.111301314497279,0.0778194920381901,0.0559354524574096,0.439739532676185,-0.00370881887821126,-0.285728673590861,0.091260422707203
"dauntless",0.0691664963042098,-0.156190879967592,0.157131056057832,-0.242269287353022,-0.0375554645573384,-0.191953404336853,0.184336628880989,0.0720292706867775
"debonair",-0.0512709236546406,-0.178429896138412,0.0213215907184812,0.0261097759699803,0.428282377889862,0.0375102887506572,-0.187425807983673,0.0688789319656124
"deceivable",0.0613572542468926,0.035742069986387,-0.0693454406156369,0.0178169547865039,0.00442082096593905,0.074864165021571,-0.00514496516354385,-0.00893807720134872
"deceptive",-0.0181153147188459,0.0214624827540427,-0.0254420704857541,0.0308233121863359,0.0349843427823489,-0.0218589396824954,0.00864316777330289,0.00881889693258027
"dedicated",-0.115957334987725,0.0401381851768762,-0.00891884705105199,0.0093842668972402,0.00605218443142785,0.0217486446457994,0.0274281569334771,0.00605680423103721
"defiant",0.138182553370715,0.0121013189687278,0.303239155400667,-0.0848893088978123,0.00848645260554047,0.0214955014537681,0.143341435895669,-0.1172000743755
"definite",-0.310279873516655,0.0761606311466304,0.0787204089617607,0.0123638622089927,0.118580987982947,-0.0188421209978942,0.0832059338457048,0.0135996886667928
"deliberative",-0.49399807339448,0.0891114522502053,-0.0363329315968051,0.0381482009755128,-0.108015075175307,-0.0373903244808862,-0.0871969867227733,-0.0526900343866307
"democratic",0.0499435408615073,-0.0346554606291479,-0.0317946986150403,0.0166982924168438,0.0105390900822594,-0.0317383635873456,0.0679606913355826,-0.0740142636459205
"demure",-0.133156834124527,0.0510379203020554,-0.280980176508352,0.16773169494174,-0.0450302145630262,0.22144978914704,-0.024987775834268,-0.0648096823927293
"derisive",-0.0488813312165344,-0.0078348471760179,0.111572048931995,-0.0333840352102439,-0.0309522953730252,-0.000691558153796705,-0.0877990749350528,0.0386974741372979
"derogatory",-0.0154406059403752,0.0173223414566659,-0.017345536476544,0.0277550450860683,0.0160138210983713,-0.0158835922859466,0.00467361494228769,0.0117659512779164
"designful",-0.0413975013221317,0.110733647517295,0.0494771397786694,-0.224262100920193,0.0823103526478794,-0.123807361633534,-0.4201332038823,0.110125983457669
"despondent",-0.0609657600257467,0.0755193740751713,-0.0555655030054274,-0.036279472795962,-0.114536029752015,0.244349690426168,0.0860986312739566,-0.0298625326067886
"determined",-0.0839450866824946,0.0173469069993141,0.0652944280636961,-0.0774437044525415,0.0250212318608837,-0.0758530844769096,0.0652581078763069,0.0223790025770109
"devil-may-care",0.465720551774345,-0.00695143005298776,0.120284208113852,-0.154089690323597,0.191786104126797,0.0388049864318828,0.0533785812107176,0.0392033297485696
"devilish",0.0105380953402342,0.027093174098708,0.0570250244857455,0.0286568968697454,0.102095186563875,0.0160515274068103,0.010019050376626,0.0304305681669933
"devout",-0.0872810061991514,-0.237572296269532,0.0653888423081334,0.18351934595563,-0.205980288915503,0.152376708840145,0.173590890627472,-0.0291767273487872
"dictatorial",-0.0521491032954563,-0.0154752110116216,0.15889491400934,0.0795052201802237,0.0298803760465215,-0.0306514951292648,0.0262582951987349,0.113041977922407
"digressive",0.597741903653931,-0.074264251153452,-0.00521676152234021,0.000101556818584728,-0.0998814190804106,-0.100862589755446,-0.0355898292418585,-0.133088488725558
"diligent",-0.39858296015465,0.0664293771925051,-0.0376163022696192,-0.00822002973155929,0.0430447568576161,0.0323844387600447,0.0203934481163448,0.0135328166649403
"discerning",-0.104873542412169,0.0414191299201432,0.0589610992398933,-0.0290919407876126,-0.0277845795909456,0.0190692675350696,-0.148914692825662,-0.0367238587064468
"discourageable",-0.0276697700910609,0.0307257261373924,-0.196887541468844,-0.00414722156010179,-0.0918358690066709,0.348851901926814,-0.194534168881636,0.0837187932335992
"discourteous",-0.0229880656526806,0.0356009343869789,0.0743305019831919,-0.00470843723632811,-0.011217111650172,-0.0012229943412286,0.00460456942294617,0.0305511434945848
"discriminative",-0.0567376113546605,0.0448199954222993,0.428511460090005,-0.0449433666441867,-0.078784368762656,0.0456885192831182,-0.37519186403342,-0.0113877971818612
"disdainful",-0.0527761361082692,-0.00308701928933668,0.161817137908242,-0.0143942529686218,0.00199607278292296,0.000992992236394012,-0.0876943131811504,0.0194962992829672
"disguiseless",0.115075265888414,-0.0811457913078578,0.071992288862503,0.00408643242715997,-0.172323707652133,0.0718358072251147,0.176123498928101,0.0377698035711725
"disobliging",0.02892510621389,0.015634378055127,0.174762652087906,0.0713623686910287,-0.00410151541926366,-0.00662575505002292,-0.0596997546717948,0.0193633483579999
"dispassionate",-0.0047376978107795,0.40348317524069,0.0684612582229548,0.1850217264362,0.0215644069747175,-0.249558452625631,0.0067792106942805,-0.0510399992552259
"disregardful",0.30950373230995,0.111334721349181,0.048210079882544,-0.0766267316197984,0.0622602967470876,-0.147479244606156,0.0248265258301156,-0.023795524416298
"disruptive",0.211371505884151,0.0574258726607664,0.118088968771943,-0.333997253519598,0.407087502175301,-0.0627771172056244,0.0473575649247325,-0.181778347717036
"dissatisfied",-0.0616172104008172,0.0220878080628087,0.230631478165021,-0.165433357393071,-0.216058372647481,0.163954312540444,-0.16901105791294,-0.0608323569219772
"dissensualized",-0.0150205885418265,0.0217837220084891,-0.00308257415077115,0.0172855389245252,0.0119173521991165,-0.00382384810194355,-0.00140827784712177,0.0073974677023229
"dissocial",-0.0388159018602754,0.509878879851851,-0.106240648663767,-0.0318671627464757,0.0873553801274511,0.019069216602477,0.0525566547121238,-0.0305145080852224
"distant",0.0529890028736209,0.532601946953048,0.048482925849097,-0.0140863068875381,-0.00793935071717136,-0.0814044171295946,0.0236307722468666,-0.0934769890259457
"distractible",0.561007715596667,-0.00743594691453858,-0.291670784905435,-0.21917795054902,-0.0261175784696027,-0.00331515017872017,0.0396681132169955,-0.0853594608171727
"divertible",0.240762440032995,-0.0536289819029509,-0.147080540421654,-0.118854489053612,0.0924997452448188,-0.0530312484394033,-0.028424485529007,0.0583213672055701
"doctrinaire",-0.00816694149453039,-0.0665334601729971,0.260040542514814,0.316526769296302,-0.0518717949896779,-0.0632220540931696,-0.0161733709573005,-0.0758409878624046
"dogged",-0.266955144765798,0.0784603746321076,0.0908099475201025,-0.0465238554002317,-0.0084193073872819,0.0235058270799469,0.122190422165313,-0.00334691738046164
"doleful",-0.0346648020197874,0.0551374888841572,-0.0142403472548966,0.0272885844586261,-0.0806418723820213,0.171492220540431,0.0637696203093433,-0.0422684111344948
"double-tongued",-0.0112464518769985,0.0189306772202533,-0.025227123880199,0.0302784608803216,0.0230867310614449,-0.0194417565698499,0.00933978343327139,0.0103045181670512
"dreamy",0.226165929875546,-0.116025178058638,-0.0841078654101761,-0.232799656578608,-0.036321496302119,0.265737603268255,-0.325126038413759,0.0924094262001606
"durable",-0.0358148814069519,-0.0159798634817839,0.0521190990647481,0.0459761511737957,-0.0429771419382169,-0.10138120340114,0.0539172038747459,0.0925174155623166
"dutiful",-0.370352617779503,-0.0194776255287326,-0.0712679057687342,0.125111439942584,-0.0207333762366659,0.00301835305104653,0.0960903918908474,-0.000871506822917791
"dynamic",0.0350388680235277,-0.0968427343773021,-0.0236857656675813,-0.38331228765948,0.0689008040134312,-0.0974769642705757,-0.0188744419166688,0.0846403625357942
"eager",-0.0578550838469102,-0.0061685370471954,-0.0616088578761143,-0.305757590730744,0.0262566536544378,-0.0100549081529619,0.111509738508724,0.0141240777614778
"eagle-eyed",-0.210814172530023,0.0972256771866585,0.152775238430437,-0.0943160244466524,-0.0386515202083835,-0.0583984749991989,-0.164849940665874,0.0880571950260505
"earthly-minded",-0.087996676584866,-0.223168175382879,0.0989970588467381,0.248588088154876,-0.399959379386078,0.0494048168304197,0.030004736336051,0.0960700271664996
"earthly-wise",-0.0839533100458954,-0.114273617404407,0.0381733916378071,0.0895498627781038,-0.00911769493115537,-0.0444087096114624,0.013290531452685,-0.0478469686587335
"easeless",0.149518930167111,0.0219324971945105,0.0195683118087916,0.0533257313324819,-0.0938771644193234,0.0738582327341043,-0.00131701445478755,-0.181368301559405
"educable",0.020164386127998,0.0824932740964651,-0.143270443287299,-0.189826057925504,-0.0430377233650152,-0.0681624402034164,0.0370935929696131,-0.0471833839823112
"educated",-0.0211604018539586,0.0552096241964507,-0.0636929686710181,-0.00205828205736874,0.0198741437373214,-0.0894453354118429,-0.026450677605587,-0.118546341304599
"effeminate",-0.0285179677036936,0.0173104964085243,-0.0395249418928339,0.0158941627341133,0.0147823838182272,0.0550112378445524,-0.012866432213249,0.0201485949387306
"effervescent",0.146711665128076,-0.29475760664378,-0.102705898656809,-0.200208234249059,0.398179227182388,0.0663336857901554,-0.0826277203342718,0.0892723030203391
"elegant",-0.155496462155175,-0.240431849043763,-0.111761033361527,-0.0127172997221851,0.250524087709839,0.129863868145842,-0.37762963856326,0.0558490218447478
"elusive",0.257734940834255,0.389359192738219,-0.0137969311067254,-0.2173539290796,-0.0483978969614263,0.0720178094599669,-0.0114505702152091,-0.194069758173022
"embittered",-0.0140987920306452,0.0216656589724539,0.0361888419716772,0.0295013700758059,-0.0260226271805851,0.0271028232734296,0.0364257495119068,-0.022867107184579
"emotionless",-0.0220371688494347,0.2458797960344,0.0136125865359093,0.0725323221218993,0.0166287697377747,-0.104141323863992,0.0343198069733174,0.0315122387990458
"emphatic",0.0213880121814307,-0.357582278827565,0.0769415698248461,-0.0378403347615578,0.0157629147383608,0.0169168194130199,0.0585639228088096,-0.0859693322955678
"encyclopedic",-0.0525208006372282,0.0801953106591971,0.0580181937234413,0.0681853073801226,-0.127061326664385,-0.135491551425266,0.06905389916773,-0.42220794434036
"enlightened",0.00756988242769665,-0.0332656248925551,-0.0310454150629085,0.00305856367005755,0.0022870554310189,-0.0250056477534956,-0.0491686048708143,-0.14755551145918
"equalitarian",0.0426794614768315,-0.017692210241516,-0.0786408850832415,-0.0108559052088881,-0.0588853559793934,0.0332705737544633,0.0402359831627934,-0.0335401257119098
"evangelistic",-0.124828276446755,-0.24483090557678,-0.0290518383220798,-0.0908641885083323,0.363801477208084,-0.0710825352515473,0.209506528377472,-0.134737646943121
"evasive",0.123357275949506,0.239617232716465,-0.112189335781824,-0.00091962979046739,0.125985838610189,0.0406685116049738,-0.0453674229533163,-0.0448650719180643
"exact",-0.429921253198135,0.130507457893708,0.00419372154324979,-0.00653394333758954,-0.0179697771842704,-0.0706237779081524,-0.0997091819849227,-0.0154405202268935
"exaggerative",0.0224379870542681,-0.132695529296027,0.0293615865318986,-0.0752431606879822,0.226075373404358,0.0109627016441267,-0.0382326128102826,-0.0116527074922815
"excessive",-0.224764897690427,-0.208135868951764,0.0874194832296431,-0.350872301798009,0.00593780937995589,-0.107015942459966,-0.0338318698593135,-0.104464362985986
"exclusive",-0.0436815086073736,-0.0112482476820868,0.172695700945793,-0.0327048648889254,0.466063343183122,-0.00768301199226418,-0.214860968594725,-0.0535157073358166
"exhaustible",0.049623222392377,0.00983115991582692,-0.229528986011488,-0.212314863535202,-0.140730514878899,0.104431234354507,-0.0404657890886882,-0.12324823560045
"exhaustive",-0.32896177917389,0.0304758718406436,0.0466392924377206,-0.0085238700595564,-0.0398065754073166,-0.0442699915339279,0.0325787488893694,-0.167936480044163
"expansive",0.179862931852809,-0.318289858849938,0.111786650654266,-0.251599438959898,0.161182994358509,-0.0812281198947001,-0.193841401414475,-0.0999998208025391
"explicit",0.0868437725305855,-0.15063738376656,0.169906390990453,-0.0890858257187589,0.0230864886434956,-0.18223585427575,-0.0231351555319949,-0.0453050830801911
"exploitative",-0.0180390056903297,0.0163164894209221,-0.0248205775345113,0.032283091506228,0.035222725213358,-0.0215439209643404,0.00732456866011747,0.00831190339191441
"facetious",0.144723645045694,-0.0171607222148702,-0.0634579203972349,-0.110967451551002,0.0891358787379181,-0.0417844445586298,-0.0674795547729097,0.0230531828480883
"factious",-0.025570172324091,0.00392209170780243,0.0342764431764121,0.00528467608456693,0.0322601391427616,0.00212939982500288,0.0205387415304736,-0.0377533297989672
"faint-hearted",-0.0460191378554242,0.0538549921934232,-0.0943222158487106,0.15317573794242,0.0206556831730051,0.0698963632173319,-0.0266719569065345,0.0241551685926194
"fair-minded",0.0480462890481137,0.0098536256159773,-0.0958776221976472,0.052019659389631,-0.0543211152268934,-0.0363687212352496,0.0708264589250528,-0.0605131248983425
"fair-natured",0.0773574296534115,-0.0314485734863515,-0.166197322098354,0.0792889969548503,-0.0620422526431815,-0.00589131927004257,0.0929971697045855,-0.0450981095471106
"faithful",-0.0317081433003768,-0.0151725310056975,-0.0215371903636455,0.0744814842673011,-0.0599309330924085,0.0327338191527458,0.0224979026859558,0.0445967318824208
"fanatical",-0.0611212966315683,0.0217897939855903,0.220498649315522,-0.332913779256496,0.0147790944484717,0.0419439562331396,0.0369611272206217,0.0127806049702905
"fanciful",0.179186230157923,-0.188812513958033,-0.043397032725336,-0.188876292106315,0.143576621472025,0.240246310445735,-0.500752376685398,0.113829936585626
"fancy-free",0.419527638655143,-0.0408286033476785,-0.0423324217668077,-0.137439200392976,0.000793746693399997,0.100649421287486,-0.0291046115173389,0.109765605057058
"farseeing",-0.1823112497673,0.0113730798976957,7.00402268478927e-05,-0.0797776471698464,0.0578248532258172,-0.108013999263161,-0.0658422520319154,-0.0837875498980172
"fastidious",-0.500348500614097,0.0102677575325855,0.0293800425881367,0.0233558218605554,-0.0495259599749765,0.0812780121079561,-0.251338099352952,-0.0252109361916216
"fatalistic",0.00794509811808247,0.0161958549348218,0.0301014966261955,0.0486833857442299,-0.0540936109806439,0.0462395214693921,0.035673445379725,-0.0447926071734058
"fatigueless",0.00694721752194838,0.0667140375902756,0.12645450957102,0.0508033301742789,-0.0179030696667091,-0.0254636116644863,0.114260915826604,0.181363124161316
"fearless",0.0756486618814997,-0.107375135359199,0.203932560432045,-0.225290647631124,-0.0248996086658575,-0.0988009531365295,0.107740581825219,0.100976912119635
"feelingful",0.019728327734624,-0.367934331331346,-0.0942786412150064,-0.0722402636147054,-0.0560632518791789,0.331957759670163,-0.0947934469324303,-0.035791618110333
"feelingless",-0.0189588325341496,0.126958453066423,-0.0264921144177513,0.0183885724171097,0.027049314003753,-0.0299939920850628,0.0338830604278209,0.020527540943752
"fervent",0.00930923755342739,-0.275122340720506,0.045594657687598,-0.207276413096979,-0.022174546858113,0.0917220606903503,0.0317128339039188,-0.0482759185882766
"fickle",0.232838855785901,-0.0109396528488031,-0.082504642303068,-0.0130564343551216,0.0797192833479641,-0.0335728629078579,-0.0804374322831917,0.0487637542043248
"fidgety",0.225365980734352,0.0357414310000258,-0.0909937088766618,-0.198268632765564,0.0488148439457127,0.0268062846077685,0.100020937849619,0.0185015504521963
"fierce",-0.0945742321829468,-0.115477252494098,0.233532509002779,-0.234563333223771,0.271036245173208,-0.0100538720170472,0.11626477429321,0.121372350490007
"fiery",0.0101573844778774,-0.174832886817224,0.308603620189296,-0.284812247455911,0.250651585169224,0.153837310715672,0.0660958814714288,0.0772454933721892
"flatterable",0.0905661524815752,-0.0699395431596234,-0.220481769350583,0.0232298469800811,0.235666696724277,0.163933731746128,-0.125695381225416,0.0546317983558497
"flaunty",-0.0646195560008654,-0.0105079391512903,-0.0610166153858492,0.0190399292326861,0.360784152440515,0.0227784679491404,-0.0869059875329233,0.0769004547293758
"flighty",0.442018254886213,0.00338158768368714,-0.0543061729927867,-0.0455819006613781,-0.00851815542603106,-0.00722048597843897,-0.000113922457103279,0.0484422632987231
"flippant",0.122427501505685,0.0256523214189339,-0.0162729301362794,-0.0170315267577947,0.0972770018042885,-0.0255409213291758,-0.0113527673486106,0.037570960287081
"fluttery",0.0112955984083137,-0.0801981233238993,-0.22167113860082,-0.0759621590227991,0.05038346399509,0.272777166359514,-0.0797599761827412,0.0774636027450852
"folksy",0.0802293562041347,-0.141958219366468,0.0257634754868605,0.23272090334941,-0.128872362307544,0.260209679175627,0.118963806761312,0.0683069087330312
"foolish",0.168317212349302,0.0323070417945236,-0.0192010781235127,-0.0163362649738165,-0.00628725298876659,0.0683680315973753,0.0688859967438092,0.007985309058211
"footloose",0.29090942108871,-0.0852441016675202,0.0981078358538535,-0.341484508789777,0.111024429471086,0.220453969919076,-0.16106491956982,0.13013074001114
"forbearing",0.116277130525913,0.030810129257024,-0.381369068228336,0.240793864050253,-0.261377922823844,0.0634504815887876,0.185272489946122,-0.151832523886896
"forceless",-0.00653353831892563,0.0890115238731754,-0.0917990129090437,0.158972219628832,0.0301775056111873,0.0881436680267221,-0.0148315884043926,-0.000394654068051375
"forcible",-0.0390716305778593,-0.0896640065317122,0.318221886095698,0.019364890426788,0.231153728158763,-0.196852761459746,0.24143168660211,0.0472953844215567
"foresightless",0.538609787248068,-0.01409142549881,0.0188907424481563,0.0387557577961524,-0.0779280353745052,-0.00787886139397535,0.0092503786340455,0.0657240758546893
"forethoughtful",-0.532430276868086,0.0463179039061889,-0.052277432025015,0.0347237845977208,0.0107280492812282,0.0511040551041887,-0.0659288373292884,-0.0118265138251799
"forgiving",0.153711550797003,0.0195896931794481,-0.451501005616959,0.0993910345440868,-0.0422748636906346,0.0385019533084541,0.16663071050348,-0.0668206986935858
"forthright",0.0571863389898367,-0.168642569998395,0.160954708727374,0.0291575222195514,-0.00638238552381913,-0.118152043781268,0.0868634154948935,-0.0614740056566274
"forward",0.000548982172759099,-0.192415897092755,0.175797532913593,-0.32992332063339,0.0893565018476076,-0.212003356022253,0.0881745305534731,0.0310101991065605
"forward-looking",-0.0608991176330755,0.0567722318616656,-0.0809635195511584,-0.373057763533571,0.0860527566173462,-0.116671120927557,-0.0659110004753444,0.058987336268618
"foul-mouthed",-0.0250665626445025,0.0316459413218265,0.0344710891138671,0.0261967818229536,0.0179435910645863,0.0239905795378658,-0.000707071133479565,0.0392411467883869
"foxy",0.0270948706436984,-0.0797028573712885,-0.0646611510757936,-0.197758165343059,0.318754622888678,0.0704402941301808,-0.180834404932301,0.198526311710051
"fraternal",0.0493624410833163,-0.214896994253548,-0.0284395161370343,0.197812998073854,-0.15583480500753,-0.0625266327560852,0.295856866409341,0.0990119324389202
"free-living",0.278299591901602,-0.0740518783464374,0.130070845881975,-0.352476967588376,0.0814611298221974,0.176241456630648,-0.132591527680797,0.0983848649312554
"free-minded",0.12011238076115,-0.00826619730701086,-0.141277297491647,-0.368667081124419,0.0180084226436913,0.0884053426960686,-0.0456760744974674,-0.0810951324598612
"free-thinking",0.091468605035035,0.0497996738306744,-0.0705891549453211,-0.307510496596224,-0.00671277861220877,0.00750751209134804,-0.0645131761255539,-0.0616629010273421
"fretless",0.00103261793230341,0.0211827970000442,-0.0116367465935467,0.0365367325157837,0.0278612695280034,0.0333927407387203,-0.00898627874029262,0.0170980328302433
"frightenable",-0.0374113257475382,0.0284989584879846,-0.201593584088699,-0.00384293267378655,-0.0465321345565073,0.198668205145949,-0.0262136539814833,0.0235068694937274
"frisky",0.116348464822097,-0.0489242944749904,-0.0232216665417996,-0.148248367814352,0.0157689323035369,0.055714944345168,0.0442409174229879,0.132223535822111
"frolicsome",0.212018024354635,-0.176836866894657,-0.184091439921203,-0.159030353798649,0.0709527979562159,0.157043839073854,-0.0587504436505094,0.177983288727513
"frugal",-0.07237802212687,0.113604183038846,-0.141308204241,0.0926763204140211,-0.40161022872856,-0.074757607138999,0.119242394459887,-0.12135774078886
"fussy",-0.296620909855805,-0.104296496008013,0.147520950562122,0.0765521413615603,-0.0628328965250718,0.10413232393469,-0.489361042299749,0.133055122357614
"gabby",0.030134059802357,-0.301400723207973,-0.137224304223579,-0.0341550410347428,0.362535091361715,0.0362685447924661,0.0787119001445318,-0.171624845183236
"gallant",0.0122465062440475,-0.270194333679168,0.0901647316375417,-0.00461025389057481,-0.0262616424434839,0.0204440125995736,0.284267980757948,-0.0315683233064769
"genteel",-0.155142957323437,-0.24574014130845,-0.223231396752798,0.349593778107885,0.218781438940075,0.0778634928789388,-0.185106081201009,-0.0960895896838717
"gentle",0.0636031289934151,-0.052139467418091,-0.322017453168684,0.0648878173722101,-0.220527033909605,0.138824363803368,-0.0665122784401354,-0.061940509072041
"gentle-minded",0.0319213864752617,-0.145613005688138,-0.348308105968674,0.111785736069613,-0.292601362877563,0.245014670908972,-0.10120040076399,-0.0342528907540886
"gentlemanlike",0.27441074330222,0.236653682092712,0.401090081721564,0.275745123101711,-0.0483882575602358,-0.217268463598757,0.212148293251893,0.00791508914780324
"girlish",-0.0347087980471183,-0.051752667499487,-0.168529763021221,-0.0235511621483295,0.0704407136299304,0.0649411936052853,-0.0634459772357121,0.0791313554046008
"giving",-0.00416255969641896,-0.181759265806034,-0.0603345990616167,0.0636892015215504,-0.0995717759962508,0.0795234229212476,0.0560771062637163,0.0339652798463484
"glib",0.0732911609708896,-0.0102594443674271,-0.00511326625541894,0.0211400283475552,0.255868750731028,-0.0620320496425649,-0.0203714015666938,-0.00399017356538837
"gloomy",-0.0222974829310884,0.114507489190057,-0.0197430228002964,0.0184505286030601,-0.0650076168312916,0.122324862201045,0.0738933921712303,-0.0374179210391802
"gluttonous",-0.0198066922287362,0.00308269788374087,0.0413561585493405,0.0378412878695994,0.0199412091409934,0.0195468403787607,-0.0258214422394157,0.0597585629282123
"god-fearing",-0.098656694617997,-0.216072396681459,0.0167900098224695,0.220648900739595,-0.0225948141166501,0.091413386051652,0.0658592193723807,0.0571077647854618
"godless",0.0827763661862133,0.233670962426779,0.0627943841833976,-0.32938328712278,-0.0990159786047588,-0.0178242293188928,-0.109294862429921,-0.0560486742218486
"good-hearted",0.0442537048124907,-0.0463385265180937,-0.099738407338818,0.0419571419939278,-0.0738885234993151,0.075837358521636,0.0375863726315179,0.0376231287049397
"good-humored",0.147159288405127,-0.244894801760224,-0.192069418297782,0.0279629424450605,0.0552948110826653,0.0180605326789575,-0.0218581172427466,-0.0117753173381813
"good-natured",0.121418396599562,-0.133887817877132,-0.196692284651419,0.0545947630622428,-0.0432745449056462,0.0164774762019881,0.040456431966251,0.0062753352446704
"good-tempered",0.106608656740136,-0.00139156542607031,-0.360370127655507,0.0386504452550772,-0.0825170130981434,-0.0279568646359083,-0.00589225043581276,0.0256334430304999
"graceful",-0.143754282997431,-0.258115914570727,-0.123308152095103,-0.0273507300298106,0.0324149858739251,0.23689378624726,-0.201867413613982,0.1222759062324
"graceless",0.0929352565592227,0.251002369692353,0.0324659758919923,-0.0142178203819706,-0.0578667791453411,-0.0358613960845932,0.0852260318360654,-0.00234250742160514
"gracious",0.0338409679596186,-0.305739184721065,-0.199530893460346,0.144793470784387,0.0129360645550798,0.0364545527117441,-0.0234289666273306,-0.0440680047915679
"great-hearted",0.0471400550993659,-0.0917917151062648,-0.0490132246295834,0.018853817221395,-0.0440079760092839,0.0405284313285977,0.0362541622865962,0.0232069285449985
"gruff",-0.0142827174179301,0.0894734100160112,0.320478920847448,0.169807097095685,-0.0466085129577479,-0.00337531593442177,0.0833258842003279,0.171735874952781
"grumbly",0.0187611480041893,-0.000905868175856374,0.446928318323681,0.245236628859223,-0.140370787015012,0.100559374308375,-0.0741682543635981,0.0517745687424894
"guileless",0.143972695103992,-0.00523142713169823,-0.251566329448774,0.188398458239388,-0.305401150957035,0.261378705188497,0.160607425578047,0.0952704174723689
"gushy",-0.0703460754884083,-0.105807653011252,-0.193613956431753,-0.0130380084048666,0.133008889326005,0.210233543684724,-0.024617174229943,0.0601736016385272
"gutless",-0.0205379101889852,0.0330918685186565,-0.0421969471117737,0.0575832458017568,0.0252519130186425,0.00248550868810012,0.00260394567367249,0.014522900103714
"gutsy",0.0561769087222266,-0.153482442716407,0.198652432052294,-0.325696515672041,0.0294164188562014,-0.0867266107018174,0.213362104766976,0.0803603762286331
"hard-hearted",-0.0176666162665929,0.0219893330874507,0.015508939629777,0.0447639136207491,0.0329463824347363,-0.0271473564164433,0.0124016717336703,0.02545130400985
"hard-nosed",-0.0863973252729589,-0.00952767144453815,0.553912274548103,0.0436272631986728,0.179138898986396,-0.409377932669754,0.147698441499309,-0.00516473844361695
"hard-shelled",-0.0527902246661604,0.223733563383312,0.385888576749552,0.124418168091888,0.0283668773203227,-0.226039640664929,0.125586979306768,0.0101095355718748
"hardened",0.00773048958642558,0.0288343110039338,0.459165939501124,0.12267684174882,0.0202794206205498,-0.27527614446284,0.193347426175834,0.0354614121702302
"hardheaded",-0.0676506236000248,0.0935661208537081,0.523640377646765,0.0776305537630666,0.144529379806278,-0.274366636729173,0.0560814643568335,0.00643145136715795
"hardworking",-0.195172111179053,0.0441326827361736,-0.022180575087633,-0.00556940090675728,0.0198788451129063,-0.00802110520187434,0.0490411807693968,0.000434220890975436
"hasty",0.383480814860805,-0.0380506813927255,0.0412443005813342,-0.148377150952228,0.259102061245344,-0.0481116441033789,0.210665491251589,-0.000813315217601857
"haughty",-0.0546063558291603,-0.00278344964778055,0.0277590565442103,0.0289551960615901,0.118319499915134,-0.0282360379874764,-0.0515561770119591,0.0172111321632483
"headlong",0.350696296622068,-0.0597686559920428,0.108106220281411,-0.293433952914945,0.144643739294306,-0.0936881279242755,0.322859256392979,-0.100682937457909
"headstrong",0.0847434589699818,-0.0396442869713634,0.397556128445927,-0.164896762506148,0.212808409054876,-0.125257091455845,0.0931405990909922,0.0573515163506674
"heartless",-0.0136432466979067,0.0196313763133612,-0.0194027268928939,0.0257009859190539,0.0155001859292121,-0.0200568947812696,0.00895204861542122,0.0070873327133761
"hectic",0.0545979982998915,-0.21310105409726,-0.0960352319331919,-0.4074020414936,0.176351188497679,-0.051817402894274,0.149123558687202,0.0171236048533686
"heedful",-0.490654180721956,0.0135948915016017,0.000570273528479883,0.072683540973382,-0.139787563668769,0.0980258812375352,-0.0966067100496272,0.0387385629470558
"heedless",0.629164347052296,0.0934284370665702,-0.0166825460013183,-0.0791252127287665,0.101144490653917,-0.191342801186577,0.0944202869409955,-0.0469401100651373
"heretical",0.0346911098434021,0.0330955695744452,0.010341707699667,0.00119679220934601,0.0644123463460408,-0.0116933481411999,0.0421907657012927,-0.0536450889193344
"hermitish",0.0327998868396884,0.541091394980851,-0.111346916091048,0.0705200029145042,-0.0881959694103197,0.00187375531514017,0.0625241138258682,-0.101135729610548
"heroic",-0.0609893766848641,-0.151261018603355,-0.00385546051611475,0.0533165298164992,-0.110625182660317,0.0246166621560675,0.426873095496082,-0.0586228006661577
"high-handed",-0.0797133967789371,-0.0786078115969286,0.266807704106869,0.0831794720773449,0.124573666121242,-0.0720243323017894,-0.0185263140807394,0.0531747451487545
"high-minded",-0.0858004816269672,-0.105075556672312,-0.0150100774961965,0.00535915767132277,-0.038352987242222,0.0389572116218618,-0.00422018600316208,-0.153561625933058
"high-principled",-0.0250739799847487,-0.0377852246377687,0.0275962750544047,0.0568395385404494,-0.0854707870913335,-0.0242487741646527,0.0442653361399244,-0.038443163707306
"high-spirited",0.124461601878951,-0.334532997275916,-0.0681265023097346,-0.203902465200881,0.151486811524499,0.0787214143036657,0.0301821037095281,0.14277206256039
"highfalutin",-0.0033853065359428,0.0034889054893271,-0.00305162626101352,0.0448979473732814,0.162640314852971,-0.0357165642704477,-0.0137853726997177,0.000955966480653252
"hit-or-miss",0.6479700151484,0.00293454024389938,-0.095907740958963,-0.110506707136331,-0.00596536768967588,-0.0674324917242066,0.0407003289868186,-0.0396440712234546
"homespun",0.0495722960175736,-0.13846557746337,0.0179140032359223,0.391013058594106,-0.319293846726014,0.358332439611223,0.180483673492756,0.0825977614479843
"hospitable",0.0203390776102371,-0.339767813403093,-0.0194768032986253,0.129410444440538,-0.00036529108491886,0.067494872668981,-0.0476336025664324,0.101733359855193
"hostile",-0.036134714859344,0.0224280084759613,0.0577261831438687,0.017135981152917,0.0208501004691665,0.0302502956088422,0.00672543914020919,0.0233127869267949
"hot-blooded",0.124451759531301,-0.0781800785513991,0.322427702286459,-0.180269074964484,0.278733828997295,0.138361561064815,0.121650521271825,0.138623824858013
"hot-tempered",-0.0210927809628418,0.00774154792114696,0.280190920121728,0.0181143122265954,0.175946645726369,0.112138351919007,0.0679566532215534,0.0911833337734003
"humane",0.0092862639208186,-0.0806410382501231,-0.107321308625087,0.0230519738131084,-0.0637420386681373,0.0742840602820789,0.0224878912664641,-0.0171056918218605
"humanitarian",-0.0176052677420892,-0.299536389878423,-0.0161556696954308,0.0683892266189736,-0.150139907573953,0.138598248221514,0.0566399753212819,-0.058987671911765
"hypercritical",-0.216804222629901,-0.0831552118092975,0.373071380570937,-0.186063423093431,-0.154678420512137,-0.121671364711099,-0.314498651559584,0.0266013086325356
"hypersensitive",-0.174969384620089,-0.0183505986647042,-0.128049788336761,-0.109153558463787,-0.0203534130373198,0.428034237020158,-0.0998180333147996,0.011975355897192
"hypersensual",0.0388351629603396,-0.0904232942570469,0.15367343622829,-0.134941193340741,0.0631356942300166,0.352803271206161,-0.30772314965769,0.172547246763306
"icy",-0.0527176935262884,0.191766848929568,0.0362528721529516,0.0206312239490966,0.0195270035356757,-0.0250800585981102,0.0282437760953888,-0.00463686688325839
"ill-humored",-0.0365247633779994,0.0447869528872389,0.146931392038537,0.0337317212205425,-0.0219399461383852,0.0498887185896384,-0.0160854952754168,0.0465884222401203
"ill-mannered",-0.0233861335704037,0.0368336366966901,0.0337679453105945,0.0174000069567368,0.0182946447055607,0.0204557639620187,0.00407391326402716,0.0196141075358364
"ill-natured",-0.0248968091894234,0.0285897345351697,0.0272669629179981,0.0207082168702653,0.0185599490849372,0.0176838281399458,-0.00597332191064868,0.0247002590334248
"ill-tempered",-0.0281281010324183,0.0224839733602588,0.162712778700689,0.0425363332442861,0.0171713087354374,0.0574880360214681,-0.000379094254248921,0.064918354446173
"imitative",-0.0131510528455946,0.0137891196282312,-0.15456807154596,0.05331259073196,0.025701938382032,0.00182609642344647,0.0605144465222973,0.0219487835347321
"immoderate",-0.00394938560430956,-0.0737438261434819,0.0815830855986553,-0.226259763136936,0.25029030759379,-0.0793521510138818,0.172602282573659,-0.130453480282532
"immodest",0.0316218279590418,0.000775589820635646,0.0427014374268119,-0.0128126505639583,0.275870198717737,-0.0674520778463052,0.0105543692172232,0.00228256568566611
"immovable",-0.0986752399612276,0.120092537844213,0.259378204547642,0.379896234586164,-0.162682333470963,-0.0688973299686814,0.0458330127407273,0.042292833854468
"impassive",-0.00827149210826951,0.389418935394761,0.0803051758938046,0.221607580950112,0.00220546460294241,-0.0776429122296999,-0.00273663814855626,0.0860195657565353
"impertinent",0.0204173119045515,0.0116932643477299,0.13063291301737,-0.0195371412064557,0.0738118083242997,0.00333281231069797,0.0330070250457536,-0.0432130595468152
"impious",0.0156531555988623,0.0165988228849782,-0.00486937865658274,0.0200034162935173,0.0120383073924099,-0.0112516013765209,0.0201857189940039,-0.0111449311354219
"impish",0.185899372699175,0.0046338457026741,-0.0536492413462413,-0.0415262095101152,0.0361880208025184,0.00154577920402075,0.0119651112670094,0.0670128572270412
"imprecise",0.495455714117005,-0.0680740128930651,-0.0632606829622487,0.0632490255144292,-0.09234036895253,-0.105973703035431,0.0630101711334444,0.0334866888298787
"impressible",0.0646322421874138,-0.216966647025389,-0.244859850027833,-0.311158696837212,0.0699409897243729,0.133570177210825,-0.054561696893824,-0.0389474720696358
"impressionable",0.160475603141137,-0.0118087512201088,-0.227651753315359,-0.162522265935004,0.0132406455934246,0.237639435950806,0.0103476911145814,0.04847633896622
"imprudent",0.288505418403225,0.0209963847016959,0.0250469058284373,-0.071571177814937,0.0863311234856039,0.0458188064636431,0.160508316700964,-0.0716769276824044
"impudent",0.0969495953548582,0.0140921529542667,0.118416826175615,-0.0285482580969528,0.11353986923409,0.0114867208242052,0.0774852512252025,-0.011793881840898
"inaccurate",0.301135596065951,-0.0226310908509064,-0.0423679592883993,0.0343647505872769,-0.0361193080711448,-0.0938414945179787,-0.00387241408318772,0.0432896285633821
"inaggressive",0.019274074230317,0.0490197925619893,-0.240511286571426,0.00927686440465867,-0.210324569456715,0.0983931911401907,-0.209548331283863,0.0330222987978247
"incautious",0.354428116892223,0.0313649895661742,0.010290266948927,-0.0448938536088764,0.127942820741112,0.00462392994129262,0.159997052465719,-0.0822262343689282
"incoercible",0.0872033186724416,0.0642827782883606,0.0363757281947024,-0.0495998438094672,-0.116170658010589,0.0429180966153638,0.00364569058813799,-0.0446588525232947
"incompliant",0.143766515171692,0.0442246109155984,0.353544083790703,0.142201851268064,0.0845233673224224,-0.0158782741148247,-0.145478203216126,-0.00870687386196427
"inconfident",-0.0557833020014455,0.234816040400261,-0.181847891468984,-0.0524843515084403,-0.08268243748076,0.156275865480657,-0.0474012081368443,0.0675034376906675
"inconfinable",0.16682297110376,-0.027548440937595,-0.00794254237423692,-0.451637181612598,0.0284821837274013,0.0736546429389767,-0.0295495122808756,-0.0891757822467223
"incongenial",-0.0561799487868957,0.41624457883698,0.145784513883719,0.0841215651750261,0.0140359211702967,0.0467099796675005,-0.0507721052275203,0.00644817960017612
"inconstant",0.417414686781492,-0.0108741180095903,-0.0319649350420258,0.0048380668193608,0.0261231055649251,-0.129937345045684,-0.0189659783469334,-7.52226400455419e-05
"incontrollable",0.283339499721129,0.0161317684162139,0.140755549503622,-0.0702054208876081,0.0455710971409376,0.120071805231415,0.047265260864528,-0.0279411867339825
"inconvincible",0.0734629828318547,0.107945436807301,0.353279506013558,0.260341347379993,-0.0769223238416525,0.112738363525033,-0.104586926162584,0.0701049210065706
"incorrupt",0.0158072889573305,0.0469228197873247,-0.0147431603102507,0.0128981742231897,-0.0156692043654872,-0.0361777609993673,-0.0102876370583423,0.0192502153295707
"incorruptible",-0.00778405454124803,0.0260948066784589,-0.0195768605073179,0.0444054870534062,-0.0320187250986052,-0.0447827919752442,0.0547066200886417,-0.0475595133203928
"incurious",-0.0102756847139187,0.0219262152426002,-0.0129748753320798,0.0452316953384449,0.012837612890196,-0.0163316142706206,0.0170031638993562,0.0244167158066105
"indefatigable",-0.270931437738309,0.0302076852630306,0.0227686262476646,-0.0408770571232628,0.0448298605445572,-0.00826354897377866,0.166795306759407,0.0027875643583841
"indefinite",0.150805865833852,0.0084513938106253,-0.0764423012645985,0.0119341372289368,-0.0532440042145529,0.00398423727186761,-0.0656175613023224,0.0216112066287874
"indeliberate",0.538879573498804,-0.0263607124195713,-0.0475946074694462,0.0674129491251946,-0.0431436965349118,-0.13629876192385,-0.0288596047089617,0.00961141510760072
"indelicate",0.0244872005297362,0.0666915488438729,0.14480965482199,-0.0295912961268128,-0.00152464398732022,0.0117090393418729,0.00588359879017994,0.0187095348288059
"indestructible",-0.0681453597561194,-0.0694678494864271,0.0824095142088317,0.0347254950109615,0.0511632530714342,-0.0206427972506734,0.223924207650476,0.131198725759997
"indifferent",0.0241007801554486,0.199237429672251,-0.0335656800334112,0.0236933142833755,0.0231173616535795,-0.0466500324939644,-0.00540453999586116,0.0282314165418641
"indivertible",0.0233841656675122,-0.0118523099097245,0.0354753189680106,0.105654703591545,0.0265090274538734,-0.0298991763500502,0.00306537238040249,-0.0285415588569928
"indocile",0.404105649785553,0.0098258342294462,0.464017290632135,0.230361343724725,-0.043592709920707,0.049690566658568,-0.0833995751133809,0.067387190133871
"indomitable",-0.103190810686514,-0.0392080234427844,0.109409246081484,-0.18342368452278,0.00519595588182497,-0.099102404362463,0.129489478835912,-0.0105349616694997
"inelegant",0.0274648428797676,0.162257872651421,-0.0130826518877563,0.0575665914187611,-0.12119992956689,-0.0100979185717549,0.239009126166878,-0.0391808848302373
"ineloquent",-0.0245761233291738,0.344280236414015,0.0364603572230774,0.00746667467938376,-0.160456997133602,0.0254816561404467,0.0937052507875416,0.264079330508636
"inexact",0.419386727663629,-0.0549029262148986,-0.0471283912519583,0.0611936746340873,-0.063612607124438,-0.103281567995815,0.0432477074720451,0.010237368640788
"inexcitable",-0.0922496009677235,0.265213636921415,-0.0302724246704855,0.513150646143381,0.0107389067163574,-0.0840927916833818,-0.056696742524962,0.0159217065094914
"inexhaustible",-0.123602575153207,-0.0919019088473074,0.0523594810079258,-0.0428824801215663,0.058856024453861,0.0306728729766251,0.0777521801114475,0.000947029725607342
"inexperienced",0.13343132011594,0.0642761934713651,-0.179982935164795,-0.129828218469188,-0.0571450416281533,0.0545286658390144,0.0838220331062249,0.0423066448980384
"inexplicit",0.0503457583486942,0.082652393631423,-0.036697299675517,0.016467981908542,-0.00269073862867052,-0.00989314033082316,0.0195243509915844,0.0430883402781864
"inexpressive",-0.0385493814311904,0.428572537598157,-0.0469354692469497,0.132910458916593,0.0345104535284734,-0.0586790291469693,0.0740443026142484,0.0657864480182149
"inflexible",-0.132572456639396,-0.0256317153183956,0.452465811947122,0.330126841043487,-0.117718454146208,-0.102729640427546,-0.0912493096631512,0.118406750662205
"informative",-0.0200159125978394,-0.00833286093570137,-0.0105935299632077,0.0336616326470281,0.022777751599181,-0.0654836662767703,0.0220028126449433,-0.117875222337471
"informed",-0.0466021976242994,0.0465689417650461,-0.00895911839991906,0.0119153894022401,0.0542277462186938,-0.0823807933585761,-0.00102430153519847,-0.0887821731645567
"ingenuous",0.155941987013662,-0.139960136962133,-0.231741371854514,-0.0385386020942552,-0.195010169836559,0.283480483824442,0.172761980984252,-0.0492403616593828
"ingratiating",-0.0209867238356368,-0.0913566403103083,-0.150717459982035,0.091291431824232,0.357772366415995,-0.0333263121299065,0.0128548426282864,-0.0102378819298788
"ingratiatory",-0.029097644706613,-0.127834955710412,-0.173815741204239,0.0753946043208103,0.444541922845257,-0.0254388460823019,0.0239319951792362,-0.0586790223040901
"inharmonious",-0.0149339425467872,0.0815024197783102,0.00325800442834398,0.0331816357152139,0.0200038446823808,-0.00790330557523243,0.0210520668447677,-0.00912677812974882
"inhospitable",-0.0365335683892768,0.190668594646024,0.0233883209512289,0.0117551142769328,0.0290482176206461,-0.00123151442497152,0.0267165200486213,-0.0110445492609872
"inirritable",0.130225657571313,0.0486842267286093,-0.137781440964497,0.111041064219969,-0.107466154524683,-0.183661836203931,-0.0348534792534044,-0.0404421022627119
"injudicious",0.249732446991713,-0.0145676949799935,-0.0198457530379946,-0.0373078029198433,0.0554488062723003,0.0439777394086791,0.0953581992088891,-0.0186191668424841
"inquiring",0.0300526963425403,0.0601056425840687,-0.0529640266541121,-0.0992114916281753,-0.0391377537061508,-0.0276581714974163,-0.0349419141854872,-0.159387644636228
"inquisitorial",0.0304805863167545,-0.0094970368777068,-0.0224099487534658,-0.236558812334025,-0.0615504302405819,-0.224753001060629,0.0947030850837633,-0.379332222839902
"insensuous",-0.00686879820985647,0.196909769331823,0.0262090394735064,0.0872817971199275,0.0262973504949917,-0.103143492435617,0.0549049842121317,-0.0316758584606593
"insolent",-0.0145149796140637,0.0157087228307136,0.0357971813297927,0.0137881941899514,0.0180380446533116,0.00618275201528978,0.0124048925366505,-0.00321828651551169
"instructible",-0.084816448020204,0.0562310779180302,-0.25022823845501,-0.0570647695342676,-0.177608477679223,-0.0938347331750339,0.0529161468819163,0.00650420176103578
"insubordinate",0.00819570077813995,0.00164211064356593,0.0399012823452775,0.0231249536990987,0.00687594272806288,-0.00157961878363627,0.0139186663830521,-0.0358504522734023
"insuppressible",0.0747468564329608,-0.294152435056428,0.0468619977567627,-0.321844605187434,0.0713802098718821,0.0335264129904182,0.114792695250505,0.00474092312861375
"intemperate",0.106810066383804,0.0360441339325576,0.210621387880526,-0.0355583001155809,0.136111685346268,0.0902700301063056,0.131341968592718,-0.0268832135470814
"intimate",-0.0138276823815027,-0.281858064662684,-0.122832533018544,-0.0419754284414391,0.00118687544238761,0.289086562055144,-0.180026933517182,0.0646367057928015
"intricate",-0.00253820507294442,0.113970747974429,0.0173630723831787,-0.133475003177078,-0.103114250797528,0.00854480716619012,-0.334266537521599,-0.104020330183029
"intuitive",0.00288773486214714,0.0623883532346496,-0.0738469464962505,-0.239866566175832,0.0160584055260801,-0.00137887702461876,-0.0532476137682231,0.00862801823576122
"invariable",0.00709578356960924,0.0972463581418688,0.0778334882053598,0.424452866021022,-0.0543138925141564,-0.114465743417018,0.0333963311856906,0.046344432433522
"invincible",-0.0286351310611697,-0.0774441382185359,0.00172545639677954,-0.0440504741249422,0.251180666790875,-0.0853152195223325,0.164938787376821,0.0834362109353836
"inward",0.0342185086710076,0.469755738894145,-0.18030186401999,0.0567173588824188,-0.166951983572606,0.120580288413942,-0.0764615666253503,-0.0700749636186853
"iron-hearted",-0.0174710085669239,0.057180843570393,0.148984889995309,0.0937385622224944,0.0300095123534006,-0.102990495833495,0.105949898910127,0.0465560074745842
"ironical",0.11331279644837,0.0101466416937054,0.0320350421919079,-0.0644399753389009,0.0240286117658086,-0.0370264182598192,-0.0976160892397586,-0.157510298096004
"irrational",0.10383208099594,0.00730840466416623,0.0179693354842843,-0.027788959251149,0.00358684609079886,0.112631483293802,0.0449471221761096,0.028678847665433
"irreformable",0.0584719573180001,0.0640025145769039,0.344535476673212,0.37110387336475,0.00589888224537415,-0.00353684549028121,-0.0867478030611077,0.0299966769728299
"irreligious",0.0283086575847427,0.0565566132719408,-0.021809320675837,-0.0577985424281212,0.048284266543764,-0.0332268706435963,-0.0413839503538341,0.000969174888508805
"irrepressible",0.116048290293426,-0.361177805753157,0.0217376492248271,-0.313982674204869,0.166391356182194,0.0706694984095975,0.0376538716839911,0.0407229312212621
"irresolute",0.375053302529211,-0.0646611839389424,-0.145357810921368,0.172023345307224,-0.0753065496084838,-0.0589504334779434,-0.196694220642978,0.0485322668604456
"irresponsible",0.322270731593602,0.0523879368822147,-0.00167919583544237,-0.0365454872606733,-0.00318574330028988,-0.0309760579283418,0.036926231418055,-0.00211955396501103
"irrestrainable",0.213483150261351,-0.154555993474817,0.110206464656029,-0.34091650814107,0.263614096468506,0.0600497324874798,0.0990769365222141,-0.0460539580391912
"jaunty",0.209917374121211,-0.177945955355647,0.0122214025812495,-0.162100918622294,0.32101640028278,0.0588322395454741,-0.179499711739079,0.161823479834077
"jocular",0.293447256474221,-0.191972925147234,-0.0215950175092988,-0.0275801484747526,0.159289545377704,-0.0378036452305018,-0.0211480643060507,0.0907915563222426
"jolly",0.120623277580638,-0.223456845168147,-0.194229936773382,0.0887607955417398,0.132878076970654,0.0595685574023937,-0.00276129659204306,0.169908103266018
"joyless",-0.0214494919252361,0.125567270783167,-0.0123929700873197,0.0612970119692147,0.0124440507035137,-0.0219808506355145,0.0378949488751919,-0.0190390411819743
"judicious",-0.309949213298513,0.0109136479394777,-0.0712266501104465,0.0691503726876606,-0.0543540041618156,-0.0921351577266389,-0.0466698715060899,-0.085866187406812
"just",0.0072957229532584,-0.0147437015648538,-0.00100321035712651,0.0547744379163016,-0.0686555846143023,-0.0350884397643304,0.0488173952074065,-0.015046616252405
"juvenile",0.0941271373553091,0.0537653421823742,-0.0379538390317871,0.00237343046479804,0.00997240803075586,-0.00880322975680471,0.0542914462988015,0.0461287181618162
"kindhearted",-0.000879326348086655,-0.0401044192644324,-0.138316325747481,0.0296785053062617,-0.0592736123874989,0.107752133244921,0.0223754243347116,0.0169909820066741
"kindly",0.026890555865121,-0.044267601362515,-0.123249291608361,0.0353108484257456,-0.0408635320400997,0.0844497485328979,0.0167790379180162,0.0202297969709131
"know-it-all",-0.0456533579913149,0.0546196623041892,0.202898738092848,-0.0535835489016431,-0.00179387752740304,-0.137803439311274,-0.0461447690784322,-0.118048005005884
"lackadaisical",0.492440504419925,-0.0238409304635234,0.0017135866249642,0.0627803769830899,-0.0873465501995448,-0.131204201204169,-0.0708577276598212,-0.0119942306114108
"ladylike",-0.347112494096408,-0.258980457480588,-0.48372663983531,0.0162063231957345,0.216432346052118,0.244124967873781,-0.134972982325587,-0.00994267902358882
"lamblike",-0.105166218986846,-0.102099640960766,-0.350650104253522,0.130210456426331,-0.150969891337547,0.274151923873257,0.136548374911034,-0.0212354409009213
"languid",0.159598721711945,0.0702103220723316,-0.0523958270424015,0.143800551241569,-0.0266590658143682,0.122190599884561,-0.0908643920712424,-0.0459274737964226
"laughterless",-0.0777869725311389,0.43793523861419,0.102904077226002,0.13418120973818,-0.0564275602456585,0.00328322426001237,0.0915337193704872,-0.043706962565112
"lavish",-0.149530504639579,-0.160197291112206,0.0213163500025093,0.0230566567285962,0.525746405906783,0.0434882265116726,-0.321591019011283,0.169292043482426
"law-abiding",-0.0359390435052185,0.0280107487249597,-0.0516398593882166,0.0335480239352113,-0.0391221672833643,-0.0367085459447739,-0.0400443073112506,0.0432666975824331
"lawless",0.00678137898168912,0.022358696581413,-0.018532841026936,0.0240647656220744,0.0159944592545275,-0.0120754797382293,0.0154971339158252,0.00819982891064502
"leadable",-0.0148437247747408,0.024714223623497,-0.368938461277344,-0.12353066695395,-0.243052359730163,-0.0162616483182025,-0.0214927864952354,0.199979174478274
"learned",0.000881810702401471,0.0687003157378624,-0.036692412042733,0.0213584937501204,-0.0154776366375986,-0.0666304065963867,0.00428684284216003,-0.124922911401996
"lecherous",0.00162056401494641,0.02047301637099,-0.0182703399192241,0.0298692975659504,0.0102186338941874,-0.00813687060866398,0.00659058815098784,0.00363265760779728
"legalistic",-0.034330899632899,0.0101305900323314,0.056578749288757,0.222435526325758,0.0604530845949729,-0.16535244371729,0.161670039501335,-0.125138986570778
"leisureless",-0.170565912761797,0.06399029837984,0.00955978437917432,-0.179071946608228,0.099609677907303,0.031920395639892,0.0489607923854822,-0.0669167851800848
"leisurely",0.27673354021939,-0.0408770593564978,-0.0634337809596312,0.351215036687489,-0.147200435080473,0.154631960828664,-0.178672717598008,-0.00421247215637404
"levelheaded",-0.208471179662275,0.0607771543144909,-0.0827346096192019,0.125156515607025,-0.127852827867361,-0.269977162786222,0.0117162196651671,-0.0233236112364106
"life-weary",0.0043054048805632,0.0834771693688371,0.0417037011274773,0.107072736548906,-0.115553837575663,0.189735075272324,0.110428516895938,-0.149345537511605
"lifeless",-0.0157248306714709,0.0309120989081935,-0.0276907392316446,0.0266637894987754,0.0178526695705502,-0.016785353797306,0.0099401415397347,0.00896026144626959
"lighthearted",0.255945927015675,-0.178535391777342,-0.288380597366212,-0.0231027969297929,0.105587428160517,0.0924413950743172,-0.0688279136350629,0.166020157782067
"lion-hearted",-0.00451741478239662,-0.232312445760593,0.163222692281024,-0.116278849217082,0.0592032551030262,-0.0749366868445769,0.314655238635284,0.0230743612354065
"literal",-0.0808891598572135,0.123033553307776,-0.04706972322612,0.124389793058312,-0.0999095066523282,-0.247930162295616,0.219503997471019,-0.126979626043379
"literary",0.065647066945644,-0.0872717057848118,-0.213704823851809,0.125600272540334,0.0580426901645606,-0.0075170163058987,0.16884513723081,-0.552297234158681
"literate",0.0370120155976006,0.0423972813716604,-0.111353590317897,-0.00857204315607724,0.0222132317226987,-0.0877385585967699,-0.0216334151658164,-0.0921652315851212
"live",0.125778646176438,-0.19392658124957,0.0140815384464763,-0.209150906804969,0.0715814880146687,0.0218232541482663,0.0123890829983351,0.107563468771679
"lively",0.0931031959869292,-0.3525028344001,-0.0798911302975816,-0.22578694561802,0.144772695281209,0.169170001095453,0.0145011753242961,0.0900553924444908
"long-suffering",-0.0538484709713793,-0.102870737612446,-0.128471096872913,0.257475925847865,-0.27686598924775,0.220565273129099,0.241458770893713,-0.186254193599938
"long-winded",0.111110295100484,-0.0915971090993511,0.0635814907533499,0.160272039789765,-0.0467421116158012,-0.028591427204146,-0.00922188400586212,-0.302938620423354
"loose-tongued",0.084216259089929,-0.0570827661497621,0.228577426934509,-0.0693756584047681,0.128482937163632,0.0834149617267906,-0.0109791115460304,-0.0271828641619148
"loud",0.131139097742555,-0.04501725740349,0.101495287657205,-0.0663686395802338,0.224105883874372,0.0772282467992133,0.0975233916709091,0.157858769153279
"loudmouthed",0.0163972617115272,-0.0116139000359186,0.069809031291892,0.0146010419908349,0.112815700755077,0.0210153671530387,0.0507952080182173,0.0219756354374067
"loving",0.00190351327366086,-0.0604600825457327,-0.103245241722879,0.0308785669332196,-0.0539526987723262,0.0693523540183584,0.0171298751287315,0.0282477217911315
"lucid",-0.0839030314707489,0.0412766241687829,-0.00308884263956928,-0.00287515395436008,0.036003832814762,-0.0776439417327728,-0.0468475353153914,-0.0543075649885326
"lukewarm",0.00312719650350814,0.188410903857497,-0.104802400619258,0.155878396213048,0.0403606311577502,0.0340111734547286,0.00445321205626344,-0.0144349098429099
"lustless",-0.0107718024511912,0.210432716543793,-0.0326332171296746,0.245431017613877,0.0402794784206949,0.0238132995973099,0.0779655816738471,-0.0113212808638881
"lusty",0.0476062980761928,0.0266696423134961,0.0632462802662562,0.0224822889959637,0.0373401218683954,0.0383955898834692,0.0103369563867361,0.0539806224546714
"magisterial",-0.037207085291764,-0.192535189447148,0.255442081698299,0.345577833453227,0.153212539122992,-0.106413733789814,-0.0651561697907446,-0.117417253807428
"magnanimous",0.0549872359894486,-0.312469825254545,-0.0994963935306414,0.0958603924999231,-0.0765907773602155,0.0672062726447313,0.0561105137041512,-0.0596695913283491
"malleable",0.200954829870262,0.0429289956803948,-0.397363873661836,-0.29744949704158,-0.138745534550486,0.0498968950494879,0.0765225562120802,0.0209286962749474
"manipulable",0.00706222043040162,0.0245660804340611,-0.0420319425699768,0.0298447897739561,0.026599932151936,-0.0118853746921165,0.0290007278820959,0.00838478697397362
"manly",0.248901683729866,0.223762667720644,0.466918346360054,0.217985252382556,-0.0809275827155537,-0.298163600318268,0.242032641887676,0.10869409091765
"mannerless",-0.00487172087210551,0.0771259691154888,-0.00866049768507907,0.00923462676975967,0.0163583417141172,-0.00937787213057135,0.0255924878923199,0.0185332258830069
"many-sided",0.0502498704008129,-0.0123949107209932,-0.0684443982763351,-0.166161182208781,-0.0198777405499022,-0.00837324928310214,-0.0469874643949912,-0.0154862173627696
"materialistic",-0.0422019952946369,-0.0107704704036377,-0.0476945402445721,0.0912285903642288,0.36817874598628,-0.0970156154514119,-0.089991062930604,0.0457069767627857
"maternal",-0.155514487684023,-0.28469399986415,-0.293246502979512,0.209535476635806,-0.11811456573223,0.205350988511625,0.115464936538436,-0.0479791491532653
"matter-of-fact",-0.0854397109296235,0.0812306011754206,0.0348941497371014,0.094701995420292,-0.0592791999689572,-0.278925904630358,0.121315597371001,-0.0829467102464706
"mechanistic",-0.0370568561640884,0.44044464069126,0.0482590425869731,0.0729128239976993,-0.0589783819174718,-0.397542505790716,0.0549457071094438,0.091868191363556
"meditative",-0.0325079418980589,0.0169892037202793,-0.0569263526389271,0.103920589954727,-0.332188760967434,0.184532842599206,-0.132675126066863,-0.0588902571651033
"melodramatic",0.0174074367366237,-0.012906992436315,0.00346020078792016,-0.0454708006116824,0.0520959863133022,0.280789567555442,-0.0318593338036934,0.0219071163571855
"mercenary",-0.01288356992392,0.0165572259979952,-0.0237559215619601,0.0359536829592077,0.0784972160023231,-0.0464344649916289,0.0284259847971831,-0.0101416055023803
"merciful",0.0367738254265482,-0.0459009894593284,-0.104536628256364,0.0615756896054536,-0.0547651473825515,0.0429652068407787,0.0335070348817154,-0.022558591819799
"merciless",-0.125453524638975,-0.0230557803423141,0.203608382487586,-0.0313420689994527,0.0886883526298501,-0.030808832233184,-0.029404760580019,0.0854796131011225
"messy",0.557907773490558,0.0578326116876599,-0.05669708151448,-0.165193801218569,-0.121191849121536,0.0768005296535864,0.0744932599572509,-0.084589523064436
"methodical",-0.511029047281484,0.108498463423058,-0.0225582724485861,0.0747461149442658,-0.137738155827413,-0.0505626465757884,-0.0869365488716183,0.0264619633416958
"mild",-0.0225133120149775,0.127924605892365,-0.310913387028775,0.396069041339566,-0.16791239560588,0.169888028954449,-0.041260812179819,-0.109986168018391
"mild-hearted",0.0405033058494053,-0.0344054400591532,-0.32590425567457,0.140902990165738,-0.197434551598619,0.134915864540605,-0.104204980342284,0.014873830772517
"militant",-0.0409038973806514,-0.00919101220752457,0.145693679513099,0.0650844649500901,-0.0818601336220204,-0.0344037759564368,0.148884126242292,0.0697301253742506
"ministrative",-0.246775836095008,-0.27764228535114,-0.257013531742581,0.323185362469407,-0.0769251905691631,0.0566130110856304,0.195346331299679,-0.102810704860158
"mirthful",0.109634044589868,-0.308917406436756,-0.179409032832749,-0.0345385343223054,0.123483078014177,0.128839040431879,-0.061087554958098,0.157050723508678
"mirthless",-0.05273570164485,0.234914789434133,0.0982504409081846,0.0752372310824185,-0.0689455819576217,-0.0274626234316682,0.0985230547135599,-0.0579775601447857
"miserly",0.00267017693025088,0.0264467082786104,-0.0126561297019767,0.0331760515192204,0.0170078752600382,0.00207611099957348,0.0134631392704479,0.0119923803142246
"misleadable",0.0957226808975819,0.00361392266957168,-0.0917807701424912,-0.0133999454026479,-0.0655926241896167,0.12605575340504,0.00196957866540152,0.0484232832652869
"mistrustful",-0.00985666997768026,0.0613956729971562,0.119871904737526,0.00197463844683569,-0.036866708779487,-0.000168222538996336,0.0251666621450165,-0.12906028451253
"moderate",0.122382460300398,0.126878343316266,-0.206487928331295,0.320126921061243,-0.230498789378818,-0.0118725430537943,0.0192824667623583,-0.0498093203175787
"moldable",0.124923735120828,0.0594163006752221,-0.356919859778664,-0.367052212605793,-0.066118865591296,0.0546627064263215,-0.0975645515015515,0.168629847686064
"monosyllabic",-0.038229217866425,0.224092090181319,-0.0264316952417174,0.065333097198513,0.0259874154174867,0.0248293324447672,0.0604540079285622,0.0729773973129922
"moralizing",-0.0198744630779914,-0.148562012343148,0.102476698694414,0.143665768235636,-0.137884378127625,-0.0181648038001725,0.163259106207747,-0.0761589605485973
"morbid",-0.0177342409846052,0.0147145163626343,-0.0183323079038447,0.0187602238905679,-0.00284275518437616,-0.00770510432644139,0.0159748533932588,-0.000816402648471848
"morose",-0.031242005810183,0.0959684152696243,-0.0167233392754312,0.0301024125063684,-0.0401814805740468,0.0684718467639705,0.0589096405122745,-0.0291237592525546
"mousy",-0.0494644171572387,0.236985685736382,-0.117789135615283,0.0830371986570134,0.0372275702139008,0.11235531894414,0.0330837728625462,0.00818091550459621
"muddle-headed",0.418213697948884,-0.0260061655369175,-0.0273142186983209,0.0224038689650733,-0.0844581904150034,-0.0546762905142315,0.00622596934358351,0.00313003971145093
"mulish",0.0807575192071053,0.0351825451234311,0.402728910929637,0.205523228682517,-0.0389631622247801,-0.0895849102558822,-0.0092009324135997,0.00810712660810767
"mundane",-0.0323185862869179,0.122158586459594,-0.0603638944555432,0.302617540262734,0.00512970161262194,0.00966759864288619,0.0808473713206838,0.0100177886463385
"mushy",-0.0381263713909494,0.00464014258074696,-0.0807575762457557,0.032978649905545,-0.0281898071184859,0.103805510197533,0.0469752010847999,0.0135553273701703
"musical",0.172571286282894,-0.0935146110436646,0.0229604335414591,-0.00718524158250105,0.0102956532756924,0.13401314313128,-0.00777941042001209,0.0334637929134661
"mussy",0.310858164705997,-0.0076498381862063,0.0260735959749414,0.038941963515334,-0.0833576194252831,-0.0411786578408574,-0.0251416515983277,-0.0130381248398164
"mutinous",-0.010724025143853,0.0126282368031274,0.0128278575782873,0.0215059893942042,0.0134883241932206,0.00995342014753956,0.0221841281424675,-0.00599379622430519
"mystical",0.132796279692921,0.0109283064371409,0.0103757710874998,-0.0946106314142414,-0.0719327301818995,0.250087369105521,-0.133901866907136,0.000683225216633033
"nagging",-0.185495126752805,-0.199143787722592,0.266086449598038,-0.0367804005595884,-0.112737718832264,0.00921449112482172,-0.124590926994238,5.12764258153675e-05
"narrow",-0.02041681503021,0.151619170127354,0.0991027998968439,0.193489263710058,-0.0188441863503529,-0.0871240935995088,-0.0458350422174932,-0.00155082890802838
"narrow-minded",0.0150953131345308,0.0164162318403607,0.114015820381344,0.208039354974739,0.0103751280434209,-0.0391274915784973,-0.0228421642707963,0.0400429871150219
"negative",0.206754729069421,0.13765864305056,0.189484663660805,-0.0470531699748531,-0.0128499609813661,-0.159722774044739,-0.114793973801757,-0.0140524336220974
"neglectful",0.392353510839687,0.109328586411118,-0.0813069652745389,-0.121473397227021,-0.00147841313056953,-0.248640109248788,0.0566035925386234,-0.113704482776344
"neighborly",0.0188094584422529,-0.344995803661068,-0.00588679347251932,0.174909118370156,-0.0786192523357319,0.0562492664897685,-0.0107958446342046,0.119229651536551
"nervy",0.00779860894568256,0.0549064504790879,-0.0490737746760725,-0.144934778013338,0.055875399228432,0.183719420121031,0.105829183369819,-0.0928216342293225
"nimble-witted",0.056897480163685,0.0612190319756571,-0.0343407275617052,-0.0617351044763731,0.0403224518937925,-0.0824305014214087,-0.0364463600093853,-0.061253264981892
"noisy",0.142065114480923,-0.0160635916554628,0.0340513141576903,-0.06464303068127,0.145341899789109,0.114718468682942,0.0549433875159822,0.116782217198424
"nonbelligerent",0.077796432600712,0.0396233325711586,-0.185315735607899,0.0603838200231996,-0.0938253299658218,0.0127663142106058,-0.0425064079711082,0.00650771425547806
"noncoercive",0.0957225287839497,0.132373328476227,-0.229341997568287,-0.0206521409759826,-0.102632372021039,0.0626062419931054,-0.0257457034015633,-0.0420668922147725
"noncompliant",0.193714695221098,0.048412119579337,0.277275584941187,0.0826034558661311,0.0676048269537629,0.029300418486007,-0.0535052507723689,-0.118453366703413
"nonegotistical",0.102529293123279,0.064083056893473,-0.0756153659924866,0.0239256600564461,-0.213651218096629,0.0304513549901801,0.0389329449546644,0.0243875407464296
"nonexplosive",0.0274322563131179,0.0196671193314767,-0.144439171598148,0.0566173261730446,-0.10028108156516,-0.111017014383565,-0.134859445258782,-0.0209361242671122
"nonhostile",0.083499117833694,0.0469225598879845,-0.157467364857579,0.0202782408366951,-0.0166953775126543,-0.0450502397951026,-0.024279384629539,0.0307431406216792
"nonimitative",0.0302142842340595,0.046334439817054,0.126122528835544,-0.146335048272523,-0.0164626699991147,-0.0937392065039886,-0.121557908868088,0.0200106982352743
"noninterfering",0.293754346246115,0.339057304536137,-0.142089133382098,0.104868673043711,-0.0776224359992624,-0.0940799975238209,-0.201067990490174,0.119906268649406
"nonirritable",0.149072221477537,0.0563092174824468,-0.26016312337085,0.111855522121515,-0.112935187418066,-0.187504396823676,0.0686039930432884,-0.0557582652241255
"nonrational",0.216206430643445,0.0433392007642437,0.0164827203787537,-0.0132961392636843,0.0157752182209022,0.0992023926440986,0.0265256884285254,0.0160578327825634
"nonrigid",0.170510809006797,0.0192301955082299,-0.303113993051796,-0.392526529257522,0.0360168584699864,0.182295943120476,0.0136727580969567,-0.136072170690495
"nonspiritual",0.0472585978808276,0.275066197375522,0.0569088328606832,0.0869114287620394,0.150828248008876,-0.362739677813101,-0.0752497580938826,-0.00649754150915386
"nonunderstanding",0.0397298646231517,0.105728500589513,0.144024741407725,0.00646429112490513,0.0232482845521598,-0.0389445328101837,-0.0588224701455892,0.154088285068888
"nonvariant",-0.0582951575669815,0.145309052838359,0.0586019308089726,0.543403576718351,-0.0908854792007718,-0.122863286837983,0.116039560140147,0.106229398310648
"nonvocal",-0.0571492999268696,0.544858492140686,-0.135957139381319,0.025934990499789,-0.101705235970182,0.0138551163979107,-0.0186773135438756,0.119685251114803
"nonvolatile",0.00565248866362906,0.0205775010628033,-0.0366330660238673,0.133246663565587,-0.176652929086981,-0.159778607970201,-0.105710308005295,0.0674222312018283
"observant",-0.0949009590373414,0.03941975084976,0.0482120620660804,-0.0142827643864923,-0.0592425954038133,0.0488807360906971,-0.0836415826562387,-0.023235139141676
"obtrusive",-0.0298214408709015,-0.081102147186389,0.149150883637488,-0.0144656732684164,0.106297805098221,-0.0380504857182864,0.0828121033853831,-0.0952021607983362
"old-fashioned",0.050325172498672,-0.0378683175082105,0.119643354970964,0.55641177886,-0.0989445768146134,0.143214656280775,0.125640809026948,-0.0391888906887677
"one-sided",-0.015167435480295,0.0993857012424291,0.135652727269227,0.0230008458559449,0.0573285936629291,-0.0505583930489161,0.0112665415719136,0.0271089139270722
"open-hearted",0.0992198364626593,-0.338497551307596,-0.143888350112366,-0.0100011371907578,-0.0499607323227763,0.110465922802684,0.0343861781633983,-0.0185655302389125
"open-minded",0.0728658986135769,-0.00826813452180544,-0.250336049433208,-0.301928738683128,-0.00868690968746424,0.0613828331153376,0.0339907367136505,-0.0581821483881242
"original",0.0656555670083411,0.042368970473216,0.0166308337073507,-0.228907965929047,0.0110538442005743,0.0114523281536295,-0.174894875567313,0.0517543157149642
"ornery",0.00476966666911733,0.0178040271695735,0.333897749507742,0.176666659879175,-0.026119723641496,0.0478448054163466,-0.0100308946939144,0.0706908787231077
"ostentatious",-0.040118640129067,-0.00349397681766246,-0.0231086000340608,0.0351225077768009,0.268507155808124,0.00953956181085749,-0.0675016882279301,0.0531370590382418
"other-worldly",0.25372041289478,0.204755966634186,0.0560315707593612,-0.137005806376766,-0.0676460279819688,0.227347722680492,-0.164130980135708,0.0383383359923962
"outgoing",0.0767086520230912,-0.403006063981725,-0.0408582992774294,-0.136169288781691,0.299746054549853,0.0438886316591455,0.0833360130486558,0.0451729725768836
"overactive",-0.017823344316323,-0.0892196139001757,-0.0814214569811875,-0.341546863352252,0.164256221927484,-0.111808823979408,0.24167068465694,-0.0627979476084802
"overambitious",-0.164780466232719,-0.160124935198497,-0.048595784877696,-0.403167535796095,0.217749420037953,-0.158250558772959,0.100631277840569,-0.130731042677194
"overbearing",-0.193653542993889,-0.135887459534342,0.303934908166631,0.0186782573444719,0.141010736523386,-0.0957062518838205,-0.00273412133726198,0.0219573989398306
"overbitter",-0.0675078016003088,-0.0192380290184068,0.172086026112167,-0.0604448861264981,-0.1090438918608,0.0477441703690658,-0.0300572182010875,-0.0083380007435902
"overbold",0.0639385746182258,-0.0417987708041758,0.142183166583242,-0.163788774122461,0.299988049585526,-0.110807035272382,0.118633043206226,-0.0361091647742746
"overbookish",-0.0248719196896925,0.201072895578659,-0.227442317961113,0.0914043586165239,-0.0969872176500385,-0.11736703685378,0.160740380511794,-0.50188486238493
"overbrave",0.0837388686583366,-0.0634835346065301,0.152951197229676,-0.104572217431512,0.079870006809433,-0.0603109322961847,0.193486062084651,0.0779675918152708
"overbusy",-0.239263670420547,-0.108804172252933,-0.0918196305112602,-0.236608868679224,0.113231231379065,-0.0797545333351497,0.0504985702722415,-0.0623193278297562
"overcareful",-0.507895865651499,-0.0117994373882047,-0.140001740067704,0.14234995705985,-0.308433018869452,0.0547403735151486,-0.231158376756197,0.0202960376543741
"overcaring",-0.236301438390699,-0.293207844240177,-0.311877222426568,0.0721648040886107,-0.160808218727051,0.38934937521675,0.108878475075621,-0.0238632693709595
"overcasual",0.347830030798445,0.0425081203701135,-0.0444403252250189,-0.0309690479201566,0.047264449408847,-0.0751926889898162,0.0358383649390901,0.0319286960634767
"overcautious",-0.226385722160066,0.054281314468264,-0.101574887309121,0.347286192182708,-0.233831977324874,0.071278715412303,-0.109920673804262,-0.0771532670606859
"overcharitable",-0.150151300502178,-0.18133384238545,-0.269302828071639,0.0386726288532544,-0.0770565263391663,0.222727317255241,0.180322502016567,-0.00684507931594888
"overconfident",0.0239930439787078,-0.0381451999413865,0.0601194609973684,-0.0478749431168177,0.345335801777646,-0.15581077040732,0.036383491806531,0.0226095182500222
"overconscientious",-0.659806176860171,-0.0190535675466568,-0.103273763194203,-0.00422491261933424,-0.238994691597479,0.0990404259325901,-0.0737850101647689,-0.0534167165593791
"overcredulous",0.055694781355662,-0.0554986781177908,-0.119296010197424,0.0142361888230553,0.00197979947384293,0.0840281236840903,0.0646786632650316,0.0270974835777902
"overcritical",-0.23856241254887,-0.0966023310075027,0.360566743353705,-0.18622001034768,-0.191886679716674,-0.119985792753054,-0.300538891805994,-0.00287837797888895
"overcunning",-0.0737076845954164,0.0688762703560809,-0.0193076340154596,-0.0851332219176708,0.184996710195041,-0.128562892389835,-0.0876759062514555,-0.0591115963255079
"overcurious",0.0336449133046113,-0.0504525295982532,-0.0876343842338399,-0.239331989049736,-0.00561569147415944,0.0787592488148456,-0.00707204586110493,-0.26838376965313
"overdaring",0.0971221696976197,-0.0758782743183046,0.153921671559565,-0.259384298052698,0.287310620994277,-0.025690587908897,0.107272508057414,0.00757053424664737
"overdiligent",-0.650111152664225,0.025050294130005,-0.0614597290315819,-0.0627196822537861,-0.0782833204975987,0.0143780436460948,-0.0605826901492687,-0.0147670975870919
"overearnest",-0.366141249448537,-0.162195932668714,0.0162288275783483,-0.0150373027256439,-0.268738446882731,0.0265531089304689,0.103975369754506,-0.0666427324643867
"overelegant",-0.148318877062115,-0.152751591061677,-0.057998083273426,0.0643068035484877,0.354237114848662,0.0588878873263719,-0.322935765705476,0.0340250265002907
"overemotional",-0.109836574664182,-0.100623154744142,-0.143662513847686,-0.103918188967874,-0.017505749196845,0.459245726082552,-0.00861137553857762,0.0508513546429799
"overemphatic",-0.117319190398215,-0.294606263691552,0.152221727556594,-0.102401130720974,0.0958470278624513,0.0970962768721009,-0.0190169505035739,-0.149920310453494
"overexcitable",0.145205205776919,-0.103221976700207,-0.0905466517075439,-0.219968883077013,0.245133314701492,0.112634896163436,0.0981077414285551,0.0287769854744195
"overfastidious",-0.479567144594628,-0.0469795689652884,0.128281627341559,0.0350890242452739,-0.154891792745273,0.0998628024537086,-0.48090945308763,0.00182514370068727
"overfearful",-0.160369629378113,0.0158904628420129,-0.189311767330205,0.143550005476232,-0.0390283821892433,0.238193577880712,0.000478632746441884,-0.0350809764942452
"overfierce",-0.119575841391078,-0.06103241516711,0.29734834864718,-0.0693853438869029,0.19585717647615,-0.028190821546972,0.122420350482734,0.0610257641304828
"overforward",0.0937405942877065,-0.103506928475844,0.11322826407683,-0.103917575772598,0.300961080460145,-0.0698028318387681,0.133777675112636,-0.0503210764265032
"overgreedy",0.00751114393486825,0.0199950542200083,-0.0193458256990832,0.0151015446816991,0.142824369452911,-0.0244247959350889,0.0585152310248357,-0.0272389923386191
"overharsh",-0.204075865122551,-0.106858753367268,0.488782614592601,-0.152096792252854,-0.185082274025527,-0.0800771319129134,-0.125804215711632,0.101007567624467
"overhasty",0.205129690197047,-0.0123321468370718,0.0625989074932809,-0.121355571644183,0.30048981119349,-0.0194424841254778,0.226883286390679,-0.0242675226117034
"overimaginative",0.150098264377219,-0.00913955518210352,-0.0812532039560866,-0.309546163090734,-0.0377383452934023,0.170402605018151,-0.34884601672946,0.035981434636131
"overindulgent",0.141711005695703,-0.0326727877663969,-0.115338502092905,-0.0506310093161285,0.228299064963881,0.0443214900986919,-0.00304438423103471,0.0222927487594063
"overintense",-0.315342419330331,-0.15030297874493,0.0722386848696654,-0.364614660116676,0.057512187622216,0.150835286403296,0.0149946022707911,-0.0600042713320152
"overjealous",-0.164747209188701,-0.0884882887476311,0.0773117694864623,-0.0573933355060767,0.117213797028886,0.0837788143059997,0.0153207712740297,0.021273288716185
"overkind",-0.017216640069516,-0.243052132298849,-0.37022685729222,0.122735574085473,-0.121827231194597,0.274177449069475,0.0149205058062405,0.0225980573476424
"overlogical",-0.10791180714518,0.292942571971933,0.046938622746345,0.0404163684515483,-0.146343944254411,-0.359807485819237,0.0435089800194071,-0.191619220883594
"overloud",0.0667024619503307,0.0103093449366859,0.083224156545968,-0.018483886046807,0.186299667262958,0.0728695636655225,0.0808227509101185,0.0923166915670605
"overlusty",-0.00429947742609034,0.0166533007818296,-0.0120127774427996,0.0268276569029948,0.0228191148289264,-0.0190883398805897,0.0132509813219696,0.0149445811319982
"overmerry",0.065864275039471,-0.142035823765387,-0.0577929596497782,-0.0155319244471008,0.138811863204152,0.0377109949952992,-0.0176156642871041,0.102819405585223
"overmodest",-0.09911526359798,0.135787298692933,-0.203058202719286,0.173284176916745,-0.13158285531264,0.123742164888271,-0.0190967929975403,0.0104804909894371
"overneat",-0.519043373983062,-0.120849849778686,-0.0251604063768586,0.200784991395122,0.128651968687502,0.0227184834461291,-0.419895343984612,0.182275101680972
"overnervous",-0.353508303329156,0.0183009419634252,-0.333325349588481,-0.121674339943448,-0.0702925312328095,0.359888360225846,-0.0975470665724128,0.00540481085984909
"overpartial",-0.0953718306382793,-0.164840479751361,-0.0256171307724696,0.0264259802072261,-0.00318915422721109,0.134576176001492,-0.0228320839241806,-0.0159697714683394
"overparticular",-0.40738422668453,0.00912110938829246,0.133701107427969,0.00677122483024737,-0.149388153090036,0.085398191679697,-0.368360627241884,0.0523542950014912
"overpassionate",-0.13643700079072,-0.292324884492524,-0.0307055782467237,-0.359086704871823,0.0648988919073925,0.217897445341629,0.0116124652667802,-0.00166962298176714
"overpatient",-0.152149675731001,0.0141731306912653,-0.326296535058721,0.348457434490308,-0.177901670360846,0.197743941844813,0.0830873184586945,-0.0959715620488097
"overprompt",-0.100227946817257,-0.0902606903197869,-0.0175046247626129,0.0262413371855749,-0.00179898722548073,-0.050059990960943,0.0715785994922098,-0.0343063708569708
"overproud",-0.0969453442501492,-0.0550558128902154,0.106206183345433,-0.0205385214040434,0.269466526929694,-0.0813969137102299,-0.0814350714277839,0.0134972103155342
"overquiet",-0.120294577413108,0.475577201931502,-0.219112288538584,0.134827920236047,-0.0563538031626751,0.081071994859219,-0.002981999301118,-0.015755849036292
"overrash",0.222426894982114,-0.0194469167610894,0.108891157751769,-0.109900100924195,0.246037537644462,0.0646226726540093,0.207303470140158,-0.0106568817825636
"overrefined",-0.211233307920503,-0.0855422574781866,0.0355980606858065,0.0655533895279659,0.146401474781902,-0.00403043236517775,-0.362260985981347,-0.0342968984048582
"overrelaxed",0.292371825531463,-0.0190106928071767,-0.0518527258604093,0.103078107687955,-0.0350537746858498,-0.0358214218239513,-0.067191492234472,0.0316082440455841
"overrighteous",-0.141463069931497,-0.140023554408842,0.163022767473368,0.0352519233481537,-0.108332489777072,0.0603490391221553,0.0280470705693263,-0.0843190267698032
"overrigid",-0.32317438190194,-0.0535741778488784,0.326788794070546,0.292936622473516,-0.23184438641584,-0.186694168466926,-0.112607695304384,0.0866113418453224
"overrigorous",-0.50846638713239,-0.0468291632811238,0.239132554238504,-0.0660392592128897,-0.179187093328076,-0.208456212838467,-0.158594863941181,-0.0421755909305054
"overscrupulous",-0.52608915138038,-0.0934515518998536,0.0615173472193459,0.0962651949861575,-0.333206786186769,0.127286992086758,-0.245979165397188,-0.0412487431488354
"oversensitive",-0.15368974399759,-0.0589181024984189,-0.211959121240416,-0.0639922107289737,-0.0510571698796812,0.382062927508993,-0.0739904339606995,0.0100154852535949
"overserious",-0.350866007205305,0.106128326913625,0.113640498775531,0.0545618225092133,-0.232115036962835,-0.124617206505051,0.0316078673950935,-0.147034398971781
"oversevere",-0.489776813084995,-0.142481656251119,0.264953998074722,-0.131885947369817,-0.133677317157448,-0.179486120844856,-0.114161457364814,0.0519874704201733
"overslow",0.348643932846096,0.000133895194550407,-0.0470946556787827,0.415281010977481,-0.0463327985525093,-0.0242860815411255,-0.129722505449901,-0.0859367094089398
"oversolicitous",-0.287021859407358,-0.350683622213859,-0.269981388250171,0.10395887629642,-0.0517965604571773,0.168088204180922,0.0811677176262581,-0.0758736507986614
"overspeedy",0.0505998287738914,-0.0238197169790123,-0.0104487107649781,-0.275753986512097,0.384789462938391,-0.149463879745278,0.225343523480619,0.0577442576450764
"overstrict",-0.385843363049388,-0.139369122838669,0.353258353433836,0.090557046835034,-0.21418593581331,-0.159678091326866,-0.192488376156642,0.100845771720552
"overstudious",-0.212786698717644,0.129904401658249,-0.159720868792763,-0.117639054293493,-0.225367598402824,-0.208391060704064,0.00186977629658165,-0.472392494563207
"oversubtle",-0.0722293363451771,0.0533631591069134,0.0506751753030126,-0.0773128207335541,-0.0391618321892568,0.0394902055720046,-0.29089143890748,-0.157002484494981
"oversuspicious",-0.0964262070276485,0.000956254114765942,0.103080597681943,0.0932711087117346,-0.0790616205933377,0.0503513887283588,0.0173730934173798,-0.146104457377896
"overtalkative",0.0107284642681345,-0.241045233889766,-0.0634946078447316,0.00245214322059364,0.298042956002628,0.00456493527691045,0.0164960594713523,-0.161416707100736
"overthoughtful",-0.202210629056309,0.0899284631138602,-0.160274526647877,-0.100239297552478,-0.263104560219502,0.0784627637045591,-0.262452467697964,-0.183973791048472
"overtrained",-0.120854250980441,0.0299078823205597,-0.0360713514292979,-0.0483465905921003,-0.093552097210843,-0.179706085444007,0.235204965688007,0.0457604207408317
"overtrusting",0.0606034779476895,-0.102652106264457,-0.216486809311517,-0.0211769346789093,-0.0682320706768489,0.210258713018451,0.157776492120864,0.00100358597674304
"overvaliant",0.0243695409630036,-0.0991385746948374,0.163955751071261,-0.0664731397428644,0.0272212646816175,-0.00549846508297368,0.225987394948956,0.0320591926344966
"overwary",-0.203329422216946,0.0724869341704596,0.00743079798291124,0.270759374476504,-0.143080786608527,0.0892182165277671,-0.103900449938012,-0.0766651355678497
"overwomanly",-0.100648435480029,-0.0456244695734926,-0.131471494206172,0.0687784843942546,0.0454423823481858,0.0491857904392342,0.0105974687044849,0.0160371428958464
"overzealous",-0.225435614251007,-0.201096222315673,0.0916618901646735,-0.297692644968638,0.0630378115168953,-0.0275683945399305,0.107046407874556,-0.0711062648459476
"pacifistic",0.0883402503922668,-0.035233250729085,-0.247796390585794,0.00854461264879837,-0.320650437968901,0.214234466268976,-0.0397631055486631,-0.149610089249739
"painstaking",-0.443423461192233,0.0838618480919617,0.0219792855667845,-0.00710228277184084,-0.170865498442438,0.131822946266699,-0.12895785700136,0.00651809068623098
"participative",0.012808780519956,-0.406882516228134,-0.0100420944388541,-0.0261861135223641,-0.00916431339954887,-0.00249845532034835,0.0674120205516017,0.0420199441758309
"particular",-0.271983647212279,0.0282673003710899,0.0411444093446277,0.0255738677792607,-0.0231784217720233,0.0177686910077865,-0.211649042492338,0.0428558478464777
"peacemaking",0.053569766075784,-0.195974881031327,-0.192274520088411,0.135893816403231,-0.169721674667857,0.102582295032777,-0.0369315326798634,0.0226242445118797
"peevish",-0.0577154391017122,0.0134144797254925,0.235602874005193,0.0154062918761124,0.00984152093319985,0.101394034127261,-0.059725101725274,0.0426740250839279
"penetrative",0.0638446677826416,0.0734214728831122,0.165280416814443,-0.114416446816049,0.0851780095887342,-0.233882325507516,-0.00964125894661852,-0.151671905485113
"pensive",-0.0162969236760763,0.0903715174998685,-0.0441606566268638,0.0201291161656039,-0.260642023495736,0.13084515322974,-0.114623519459694,-0.221462817659665
"peppery",-0.00251322936975049,-0.150074240627234,0.34980350238459,-0.0982473184914203,0.0902989416510162,0.0778665586890753,-0.00122485703776176,0.134164903899099
"peppy",0.0570869410932419,-0.167318724021821,-0.174299588880863,-0.209898652348172,0.308090351552835,0.0166408104222557,0.0210441062074577,0.212207325493325
"perky",0.00409789753286772,-0.176711155620981,-0.298519669671967,-0.129346335581777,0.215026407379836,0.0688372451823703,-0.0182225753471643,0.195502167649846
"persecutive",-0.0906713555363266,0.00379187990457355,0.0998209576258293,-0.175945963901861,-0.103923464825074,-0.0486228012636112,-0.0553805419856276,-0.107404179797122
"persevering",-0.173028159816187,0.0703854434486118,0.0113036442572095,-0.0699192513805223,-0.0458808330088018,-0.00251367481353435,0.0956513879018834,0.00646308509782566
"perspectiveless",0.00388072697738547,0.0193302149895267,-0.0170239846425701,0.0239170551409098,0.00380483984599077,-0.0196587828155102,0.0116116183288252,0.00820472783962903
"persuadable",0.120012251712568,-0.130560478663569,-0.369042712034447,-0.0779209019393303,-0.0414333734873469,0.166361162671541,0.0968795734974905,0.0304502422870554
"persuasive",-0.0704427464470866,-0.388754432399421,0.0223713313121425,0.0168312895462013,0.232613857051236,-0.033991280764767,0.0483018182305275,-0.137429551995516
"pert",0.0408467322769144,-0.0997655861636629,-0.110674536699487,-0.142812477055172,0.257171993262993,0.0483564992066569,-0.0783704365684435,0.0617219494472815
"perturbable",0.211319164362977,-0.0145277901989316,-0.0760187656338247,-0.0971036745090208,-0.0522699170336343,0.319758925627467,-0.0650630580599638,-0.0719116703106929
"petty",-0.0492902654422611,0.0135590611588909,0.0515566879581254,0.0136755457873685,0.0685303658647035,0.0121630418121322,-0.0750579425417997,0.050696346468792
"philanthropic",-0.162950357785401,-0.340154081791378,-0.0937130342425694,0.0555868209370382,-0.0651107145666117,0.13316297228909,0.0545947061496395,-0.0507558215390087
"philosophizing",0.124954281860181,-0.092822751054601,0.00805381524907064,0.0542084202462623,-0.1373094986394,0.109377201838624,0.0989901734820098,-0.444270868026426
"picky",-0.248105435678467,0.120825422141097,0.214622789668813,-0.0768129993292715,0.00998829161506538,0.0307197648362961,-0.40254724787522,0.0308572512387805
"pigheaded",0.0176843828485456,-0.0284767039402276,0.48595724929428,0.177894907304925,0.0933506863052286,-0.0517626653046356,0.0169935652725485,0.0287704714945608
"pious",-0.038862162236771,-0.175454850900706,-0.0735824167622637,0.184357729366027,-0.0934752645466052,0.0778664994828099,0.117799480705551,-0.0388612999835479
"pitiless",-0.0173196266379751,0.0166448296900576,-0.00605292389117338,0.028841781688871,0.0126854178253195,-0.0162928366820845,0.00574005700800632,0.0236262603976833
"plain-dealing",0.0191955297396368,0.0186923387863605,-0.00489889715648389,0.0452239800180288,-0.0238092064101723,-0.03010625857447,0.0236942138073815,-0.00142426371613758
"plain-spoken",0.0577052555864681,0.0228689711334937,0.0741215267897561,0.0103835773145647,-0.08341394047302,-0.00696767932679406,0.0843822669766151,-0.00207631268229427
"planful",-0.585534850268475,0.0467416560052142,-0.0172841497703115,0.0642789060325709,0.0655359191471442,-0.045324353149039,-0.026466960354245,0.00825076376229323
"planless",0.703630720119704,-0.0178528296761343,-0.010420618058954,0.0147406463793443,-0.141336982485256,-0.075433273101693,-0.03020354016709,0.0294225827565397
"pleasure-seeking",0.173751017006736,-0.0831099025684382,0.0414915947302023,-0.175460969024353,0.325887543186639,0.073132240110576,-0.188139283541287,0.200256469845992
"pliable",0.0943756584167329,-0.024565221654477,-0.378293678015424,-0.155955226514161,-0.0559033809977509,0.117680025591921,0.120128250359153,0.0358460377141128
"pliant",0.0415562076172346,-0.0126774418791595,-0.323877417092631,-0.0424414712319015,-0.0372918629385926,0.187712322784484,0.107438368200809,0.035838202761279
"plucky",0.0787311215342587,-0.209297572884429,-0.0281463413703097,-0.30111331013923,0.0237083400789053,0.0234110784248482,0.12556739284706,0.0509830614424591
"poetic",0.129547199365866,-0.220627720624037,-0.00978578605828963,-0.0457974455586743,-0.101726252242142,0.367135930133403,-0.382060216868976,-0.0953867893447575
"polished",-0.227890067433161,-0.1500618855194,-0.0495842287836291,0.0453695067797238,0.283949773256871,-0.134188167420173,-0.229068604050444,-0.0110774877025504
"political",0.00861376424417612,-0.211438769719041,0.0153795052457748,0.026736215500548,0.0529065217269489,-0.0704554690244137,0.171593493425268,-0.436987255084517
"posed",-0.0213235577920141,-0.0644088771592474,-0.0936263562615906,0.0173719951418461,0.255422132822981,-0.0313709789829107,-0.124948576102631,0.0469811886465519
"pouty",-0.0135382547529551,0.0297739661961599,-0.0314315344236589,0.0187594852778078,0.0528325435649714,0.0656467435054698,-0.0178650067769772,0.0358302855050692
"prankish",0.229912711315128,-0.00941669717834946,-0.0475673506317284,-0.0909470832101973,0.0227276810488095,-0.0414473175575883,-0.00213393587675617,0.118258828120845
"prayerful",-0.0617116385834472,-0.215990946305281,-0.113307134424694,0.188088782204335,-0.0429758972480338,0.0970103349813049,0.0594947159116649,-0.00289931459550269
"preachy",-0.097784989090925,-0.214458038859501,0.113815836158333,0.0767516109222556,-0.0392215277825999,0.0459047124140357,0.138703554976785,-0.140974865334982
"precondemning",-0.075849901168768,-0.0284350926869399,0.162089731598552,-0.055961180808328,-0.0946085937965462,0.0206094888617295,-0.104024461808354,0.023707653893713
"predatory",-0.0172267187152052,0.0171462028333591,-0.0245925357818619,0.0311377952504605,0.0283578386677371,-0.020848871091063,0.00889272144668782,0.00985281824367205
"prejudiceless",0.0591733158025238,0.0170352137407557,-0.0914533673630761,-0.0145145538912492,-0.0290151336860651,-0.00335432875452608,0.0141286720563284,-0.0134816352331349
"premeditative",-0.34531570527219,0.103783111519472,0.103496920765102,0.0784035955211967,0.108191554933168,-0.20074484717268,-0.0572569063578661,-0.152020010412586
"presumptuous",0.0505676614505762,-0.0452466617856166,0.11185472623483,-0.0564343025274106,0.14655958017819,-0.0544118407096043,0.0368848039575387,-0.111462143358118
"pretenseful",-0.0264561391399964,0.00285444246445817,-0.0417190417897827,0.0469417367898822,0.162436591638696,-0.045189018184061,-0.0122431330214025,0.0125665422255106
"pretenseless",0.10705663543554,0.0485538216688517,-0.0114923736094542,-0.0136377396336642,-0.260179275283409,0.0530486778905655,0.079447359654758,0.0267991680304393
"prideless",0.0405142736698771,0.130878111050186,-0.0747887479398917,0.0108813421559476,-0.020076654115599,-0.034660875956197,-0.0220122249985585,-0.0153915506719793
"prim",-0.135759612772878,-0.0748399305016118,-0.125503542882609,0.3161131472295,0.00332418263367193,0.0202353301828707,-0.0575627459644058,-0.123530679969961
"productive",-0.28134190876779,0.0847543535031187,-0.0340270599787874,-0.0486419373039702,0.11268034165907,-0.0513799068523413,0.021430499604401,0.0412968749943543
"profane",-0.0132706575277889,0.0182238180943441,-0.0207951095410848,0.0263769409338692,0.0138863346670221,-0.0166708817584823,0.00741713331100882,0.00995365304624843
"profound",-0.00591714410193139,-0.00272930053052519,0.0156603761358177,-0.00811889318020322,-0.0571792630584245,0.0350353010612539,-0.0555367546039748,-0.121715811767045
"proper",-0.301575198241307,-0.0985702335625774,-0.0932036135762139,0.202748056342314,0.072203420208752,-0.130122341475013,-0.0332598265722856,-0.0567095613797335
"prophetic",0.0281985785336266,-0.0805908270967062,0.0392950051578232,-0.059123562851614,0.119639584752232,0.0621772469951509,0.036992488856008,-0.220358208785697
"protective",-0.0444063149244121,-0.153086665493689,0.0107108028808289,0.0912180243183109,-0.177480766872952,0.0742102981168494,0.106317745754616,0.0604188322089834
"provincial",0.00980621401570737,0.0161026323702198,-0.0259218875771808,0.186412895992473,-0.000341407262478123,0.031420613145294,0.0624754465234383,0.03536009123016
"provocable",-0.00612588260422859,-0.00776079475633917,0.126195883233817,-0.111429373654643,0.127235956971329,0.278969262489746,-0.0341721587011942,0.0711353229299025
"prudent",-0.363235137465669,0.0284802201322688,-0.0824153845890087,0.1263776847391,-0.115421528484959,-0.0591916339262326,-0.0582930848379611,0.017972472625881
"puritanical",-0.0276922243586567,-0.0276743991927921,0.0412393980142706,0.132426870005102,-0.0352491052800427,-0.0265037386107669,0.0553563304031669,-0.0121638639480029
"purposeless",0.0106995382709707,0.0214214488550706,-0.0191061229005947,0.0316651341436341,0.00575154197683661,-0.0270454299928038,0.0154170110808052,0.0160412953600368
"purposive",-0.263402932169354,0.0499574609684513,0.00750106910624668,-0.0641497245586868,0.067496076324035,-0.0350729224544327,0.0444311878077355,-0.0147779285929591
"questioning",0.0584165060795532,0.0694450133881691,-0.0458690516816348,-0.147737775864176,-0.0490392845388219,-0.0309022104658073,-0.0318142011472857,-0.143711654293424
"quick",-0.219444391508853,0.143342871901692,-0.111110766844001,-0.314987305982711,0.122938428146979,-0.0971513816648692,0.161872143380841,0.080226436216769
"quick-tempered",-0.0155574693505031,-0.0140158780232154,0.297477968273506,-0.00198956629598639,0.229371099663079,0.0822625797891785,0.0759754400411137,0.0897247983300337
"quick-witted",0.0421566167396707,0.0366154359009626,-0.0346988908127042,-0.0952443034862048,0.0660862523635065,-0.111882711043737,0.00202211598319863,-0.0819931557835512
"quiet-spoken",-0.0116277578272185,0.205240413849091,-0.151823114998817,0.136983376638098,-0.464389799571083,0.0752102097918387,-0.10576661229871,-0.0222824200163783
"rascally",0.0965514792876647,0.0265523941598946,0.0369653773902646,0.00658569185253305,0.0215923844628511,-0.000620561752699742,0.0570483501733285,0.0203024768396047
"realistic",-0.120161214868677,0.0443982258407015,0.0355228500332962,0.0524712074014425,-0.0869187794939434,-0.12795950749876,-0.0291358634708339,0.0407591419991332
"reclusive",0.0347113615260217,0.53784770056387,-0.091175664566093,0.0591465286935226,-0.0674154877950987,0.0194889978975694,0.0410583693498354,-0.0780936162563845
"reflective",0.00664392024702686,0.026541593787475,-0.084034837714049,-0.0385428869887336,-0.160092735865162,0.0470860653458615,-0.0845242807095789,-0.139874133554391
"reformative",-0.145977802631607,-0.0467713570451844,-0.161838242412951,-0.281253134269003,-0.10134683258335,-0.0578584805428171,0.127116579698033,-0.134001605412819
"relentless",-0.232274486122805,0.0356817430537408,0.182798899774456,-0.294395120173361,0.049506047288985,-0.111556055939468,0.141663455623737,0.0306582143641048
"reliant",-0.184270223901278,0.0254861412945002,-0.0489145800098154,0.0548104279004556,0.0323873697063434,-0.0704545271954817,0.030149054987728,0.0687347474851199
"remorseless",-0.0185499409913606,0.0272972916324199,0.00994674833480503,0.0158054364208945,0.0668413533261801,-0.0339954844873821,0.0380698602015325,-0.0175209508717648
"reproachful",-0.104538822662518,-0.100249695683229,0.312363606616198,-0.0722164509689711,-0.158751574214316,0.0589349949688936,-0.121697444735731,0.00742595626124924
"resentful",-0.0656989706708884,0.0132526511368355,0.0695276114062609,0.0160341730933522,0.0410564210938605,0.0566497104475059,-0.0369914196156507,0.0066288151595785
"resilient",-0.0019534023096641,-0.0167994106194424,-0.0189059785930904,-0.0676998994516433,-0.0110008261331615,-0.0916109853859915,0.122804701109024,0.0145291187424921
"resourceful",-0.032643240321651,0.0487328380448356,-0.0308620892714909,-0.0761711461473396,0.0358163195306663,-0.0526335763122791,0.00689089264221864,0.0178095300020472
"responsive",-0.091439709361506,-0.0224598008208609,-0.102818531230035,-0.076551194629916,0.0430402185829843,-0.0199140495623829,0.0286971383438686,0.0340453951733019
"restrainable",0.0405467132352914,0.185684921317168,-0.111158033627523,0.38237676560702,-0.118732076412978,-0.0796629145976876,-0.0253601250315374,-0.0172309682159049
"retaliative",-0.0265330580390536,0.0433374876304881,0.0642008454111726,0.0225344060754712,0.0518060149840537,-0.000877342749246959,0.0271286647917506,0.0251522220833206
"retiring",-0.0658342643158442,0.440627490177975,-0.207600856946782,0.281506828470766,-0.0749838146230092,0.165956222445741,0.0146159605627527,-0.0122742737602732
"retortive",0.0134125558603863,0.0146375314565311,0.210770677385486,-0.0899357084654624,0.105714742350726,-0.0248883525361787,-0.0111147059886647,-0.177119684025441
"revengeful",-0.0143876816066558,0.0180284035827022,-0.0239751776711403,0.0283307982329464,0.0184903991014549,-0.0177620608271292,0.00844014575872606,0.00905645046487937
"rigorous",-0.424557230172659,0.0820131541456196,0.0635643244344575,0.0150365086201689,-0.0191756304108435,-0.0444998688873575,0.037772277269573,-0.0265407352675067
"risque",0.0920543872992441,0.0158225776040202,0.0397948029794949,-0.0683309710195408,0.275669658547675,0.12829384891913,-0.0879170513303222,0.0210388600968276
"ritualistic",-0.182090539047226,-0.0858235410347664,0.172443468896897,0.297240090332011,-0.0280304899281584,0.105518751073713,-0.0804323201149869,0.109542459542039
"rivalrous",-0.0551878762511371,0.0438635763758207,0.173228135551285,-0.0849467143532571,0.446189408126635,-0.196492136531598,0.0179598659130668,0.0300861555947623
"roguish",0.181886135615018,0.0200021978667592,0.12872732588813,-0.0473308641299338,0.17022730256341,-0.000907147186680496,0.123953258319506,-0.0963509711300122
"rollicking",0.290653671199588,-0.163663513385817,0.0862367176745616,-0.209739367933217,0.183085475657019,0.126658116074584,-0.0323032893703421,0.167226305605517
"rootless",0.203835091307797,0.0557973658424905,0.0826506774209064,-0.0728011750899927,-0.0452250049725881,0.0800012827470153,0.0849784405873135,-0.0897954826262423
"rowdy",0.122207288365289,0.02160542559271,0.0335277429395784,-0.00788875423897532,0.077337167573844,0.0260805322665508,0.098925520619444,0.102329585319918
"rugged",0.0630382912305881,-0.00549555783765147,0.372301480577309,-0.0390254983645926,-0.420634275205921,-0.0988593441331192,0.206931857220689,0.250784231347771
"saccharine",-0.0753447877529003,-0.0276455519213344,-0.141538557450264,0.0602404952946211,0.0724999094202205,0.0816191401936176,-0.00174434057954244,0.039244267650899
"saintly",-0.0822996590299814,-0.188207884268741,-0.219838214718517,0.163003614091482,-0.15219251738851,0.149670501346754,0.178171774049207,-0.0569669913355265
"sassy",0.0240321763741113,-0.153542142412112,-0.134574085947521,-0.155764695818447,0.288205922174663,0.113386171811512,-0.192212896582911,0.091194174254594
"satirical",0.231454633418921,-0.050315102458011,-0.00104536073260206,-0.107272757736735,0.0337422356122252,-0.0237898786906408,-0.0772367374166259,-0.181243010506406
"saucy",-0.0111800568492353,-0.0840532185144868,0.104335148382076,-0.0705672280140131,0.316692589315466,0.217920282281823,-0.250565398876983,0.207677588654739
"scampish",0.167137376967954,0.0190540685309401,-0.00163278803153738,-0.0244631607810236,0.0187789510196008,0.00517018106281939,0.0825273512452662,0.0432711661365809
"scandalmongering",-0.0115158998432791,0.0168989538973282,-0.0134334171310318,0.021387754114614,0.0132515183992246,-0.0154994929848563,0.015214143924174,-0.00658082445331122
"scheming",-0.0235854089060644,0.02007867237997,-0.0238631658481769,0.0341589344517484,0.109202483077543,-0.0422486203359593,0.0245484974233924,-0.0152144377376529
"scholarly",0.000636072427987382,0.0444303651900523,-0.161021747470799,0.0546403985025021,-0.160389760878991,-0.143717220399332,0.206952135619612,-0.501001827339429
"scrappy",0.155188458804218,-0.000375819950249413,0.0919646148521156,-0.363330303515769,0.13592620406932,-0.109858695758893,0.33823007469025,-0.0533704607442651
"seclusive",0.0144518225236837,0.568074309586894,-0.103215553990688,0.0400078709694329,-0.083933240769447,0.0444505268822315,0.0164319915420975,-0.0739851323272288
"self-assertive",0.0321666713972996,-0.206149353078342,0.349917294032767,-0.163867381791661,0.224378681382109,-0.234479225354028,0.106580337973326,0.0346942016599107
"self-assured",0.0705288200662545,-0.154602554766394,0.193247156703263,0.0235973756524037,0.166865770771925,-0.190488434948958,0.0531741305288244,-0.0254848417318286
"self-centered",0.0209658289583548,0.0722696893141488,0.00462509235263906,-0.0105931024597495,0.279187282865614,-0.0640480117168058,-0.0163089345185098,-0.0155864260291405
"self-confident",0.0510062973453402,-0.136872878931905,0.133222576258096,0.000313420915408109,0.158584206168593,-0.163508939000871,0.0405759780681578,0.00528734358273471
"self-conscious",-0.141819213342631,0.269889088858657,-0.330348167411493,-0.11358510194253,-0.0638693552681983,0.384946656452174,-0.102641123963719,0.0271777647226385
"self-consistent",-0.159821138802673,0.0807039515380232,-0.000769955515597433,0.0195728281205187,0.0108150979141139,-0.0394710756409802,-0.0226227609317402,0.0177650843387078
"self-controlled",-0.356171278953617,0.0837272739904635,-0.0588855316494528,0.121635115567709,-0.0895823945781233,-0.113334118935152,-0.0388742888556472,0.0578538890183263
"self-deceiving",0.0980985475212088,0.0146244475542719,-0.0398650698058618,0.0210792551507256,0.0777357330635695,-0.00348679625167089,-0.000852036795777863,-0.0286736547647053
"self-defeating",0.0748590479425468,-0.0287612040133543,-0.109987209151667,-0.111860881548379,-0.229410967255821,0.141600937417487,-0.0412253440810777,-0.016543821481525
"self-defensive",0.030646079428224,0.159427698854581,0.0798355957717088,0.0752673462240279,-0.0439463789822401,0.111587968247169,0.00348717355339946,0.110407059462557
"self-deluding",0.0992462932160166,-0.00415806587507457,-0.0562392581902063,0.0162314611495088,0.0699811818880634,-0.00171506667563824,0.0153851187879959,-0.0275703029860053
"self-denying",-0.129777435322376,-0.0622141500309144,-0.128087025291454,0.139615207087748,-0.324715121418048,0.153462664684031,0.283366029967753,-0.0481980661251412
"self-deprecating",0.0685533152934097,0.087992612594396,-0.108958886128852,-0.0738104972955325,-0.219013406563148,0.185212022398412,-0.0342093481264234,-0.0247893858595678
"self-destructive",0.0288812327070958,0.0306949679296875,-0.0118964376599288,-0.0143998516313747,0.0130735272544525,0.0541639081133145,0.0578076220837193,-0.0308162323947979
"self-disparaging",-0.0484817400946002,0.101790641508095,-0.0773862407708632,-0.0967097681539968,-0.191481091355346,0.210811531773202,-0.0795947729823932,0.00836678479688154
"self-doubting",-0.0252541202415896,0.13541672658031,-0.269537703014834,-0.106761764965781,-0.267003735704474,0.335544111965945,-0.148769735470256,0.0281608730435606
"self-effacing",0.00135405344278831,0.202546992142718,-0.219171646717858,0.112927365150009,-0.228741619028645,0.160058798667697,0.00585417976566689,-0.0624931462309752
"self-examining",-0.0854145096363008,0.0609554570581342,-0.0723817357794215,-0.125209108324999,-0.150608129150915,0.0535330036894658,-0.113793879616556,-0.117054613727415
"self-excusing",0.265160038011938,-0.00559912324772734,-0.0596696367355909,-0.00921385682713445,0.0403709184244444,-0.0578072509811747,-0.083829239215579,-0.0405977207576082
"self-expressive",0.0788684794369078,-0.188509429126065,-0.0393981622065071,-0.258946130630932,0.0430632748039024,0.0842203899006167,-0.199392783013503,0.00284965846306088
"self-important",-0.0488654693964591,-0.0410171508941135,0.087125495236544,0.00233839445585244,0.214021941938368,-0.00724074935296094,-0.0317981111110093,-0.0445359574289126
"self-possessed",-0.0167423037927154,-0.154475415087748,0.0824659745288246,0.080667764047763,0.0926377164249587,-0.181928510225973,-0.047751062067722,-0.0527744035014582
"self-punishing",-0.320674715881579,-0.0733473736301323,-0.121956472826601,-0.317446884323243,-0.293693365468747,0.135880229757362,-0.0174671277201996,0.109052100482978
"self-reliant",-0.0683610749531771,0.067105418239816,0.0470347717657823,-0.00869299120286064,0.0418946891260394,-0.152863979199778,0.0253021706471723,0.0484906592754188
"self-reproachful",-0.0687846204006535,-0.133549996636178,-0.0926542905903996,-0.146618584621632,-0.325752088591279,0.209335760881262,-0.188328808045575,0.0217757147278868
"self-respecting",-0.0454586067945654,0.0186541905471441,0.0189985253807122,0.0163527300673403,0.0355595586950081,-0.03507161696262,-0.027379909438027,0.0160506796485538
"self-restrained",-0.182186671466877,0.142269518471817,-0.13502833662608,0.30519243427587,-0.306061195803157,-0.0942167180649072,0.0235894865573344,0.00822192392401935
"self-revealing",0.0779069702332823,-0.350639047871636,-0.100261958272066,-0.192239791214444,0.0385781673306998,0.0438112696138262,-0.0629537731750318,-0.0775823286125087
"self-righteous",-0.0276583689234659,-0.0703839025939164,0.159666319252001,0.00304619455661693,0.0580705851922345,-0.0112506274171621,0.0230448047367829,-0.0538110733330092
"self-sacrificing",-0.0185893374551591,-0.233502125600028,-0.0639195498662097,0.0510250347480582,-0.340965659005186,0.160067857151353,0.25600596638714,-0.0205636408082836
"self-satisfied",0.0206250354291731,0.0266636001847993,0.0361320843789205,0.0399784000324261,0.19953018142439,-0.0910662656521444,-0.0626878740915798,0.0299187915897371
"self-sufficient",-0.0528103439176744,0.0645506056053252,0.0244597340095434,0.00670645431553126,0.0315530919646029,-0.124457940579853,0.00743662386527522,0.0399893460805607
"self-willed",0.0278385788160287,0.0576707227025836,0.156021760623291,-0.178244718783593,0.012842785630945,-0.0534185941071512,0.0518898287780027,0.0325686041072097
"sensuous",0.0584512881706595,-0.158524016541731,0.0851372093221134,-0.107177537582435,0.130398821410734,0.253126702105981,-0.325255077101079,0.160299268844376
"serene",0.00731197323908648,-0.184587146398803,-0.188578158737836,0.174611901631177,-0.23482095275803,0.151515004914256,-0.0938916730736355,-0.0722774878943354
"serious-minded",-0.270498732585138,0.0934844901869445,0.0308233815776997,0.0422104568673471,-0.110423398656856,-0.0332662977476913,0.046588644868938,-0.100357378695435
"servile",-0.0223104870612822,0.0141400592102956,-0.0373207771545201,0.0320861891395009,0.00837921012599528,-0.00460125569161581,0.0183772237316905,0.0126681722230128
"severe",-0.195459803403959,-0.0232406176495202,0.443746340576409,0.0192581344017324,-0.119286901242719,-0.14773769774177,-0.000195385147513533,0.0787328185206872
"sharp-tongued",-0.0942658847210723,-0.088861364027766,0.513801984872964,-0.100139647637862,0.144701583360684,-0.100971722857487,-0.0365968797129935,-0.00695055390905602
"sharp-witted",0.0461208690012465,0.0490389573476701,0.00299992048533634,-0.0679180034562786,0.0425843338441907,-0.135112496129323,-0.0174288430696827,-0.08913823526732
"shiftless",0.393597660172108,-0.0171754001564884,0.0417007707795853,0.0397158391929811,-0.0788510277825403,-0.0706376974855247,-0.0707630140144549,0.0105392489930609
"short-spoken",-0.0905912989847987,0.413682157700138,0.388503812758372,0.0608304098705199,-0.0621825686917659,-0.0241944620614674,0.0626144829352206,0.222580352714661
"short-tempered",-0.0462036670965937,0.00119837808458214,0.298818836486439,-0.00782507400206746,0.103503195550218,0.0996663564931631,0.0508182392806932,0.0880535294891459
"shortsighted",0.257319531537844,0.0319846677869747,-0.0110926344607772,0.0538727452970189,0.0102340034779408,0.0134444409113178,0.074285134340598,0.0314962777582087
"showy",-0.030069498072608,-0.0519900110274157,-0.0191490018015168,-0.0259572031738303,0.461489879197424,0.0812432753907782,-0.182100030579383,0.159660110013371
"shrewish",-0.0713508811257492,-0.0317740485212522,0.176991308554193,-0.0126150806505715,-0.0220020432944745,0.0465842163967196,-0.053772462485158,0.0152248597811067
"shrinking",-0.0485527801458515,0.266968593796322,-0.116096426112201,0.0591817589101034,0.0543260993667035,0.121836142373188,0.0134282174855506,0.0221142760044588
"single-minded",-0.323657763579237,0.194197829293567,0.175978708051501,-0.0750601808516205,0.133876591071649,-0.0149378443005612,0.0631721654435617,0.0328863995693952
"slick",0.128306701869185,-0.0137357760349589,0.0427740372127988,-0.278511842398422,0.42134447720069,-0.20362473891198,-0.187929383103144,0.076930397444699
"slothful",0.303091422375408,-0.0231396736471931,-0.00798230196863244,0.0597071639644812,-0.0601858459339628,-0.130390279011357,-0.0755626635643536,0.000565054250700165
"slovenly",0.0858417906460437,0.0202878868481142,0.0024582779657864,0.026035340031271,-0.0117540925838991,-0.00765998481175358,0.0071203476330526,0.00482196307775315
"slow",0.253160144342352,-0.0794423765165237,-0.024736247786102,0.254809960427586,-0.141245308116786,0.0372788459801058,-0.157149625595609,-0.0324242670116904
"slow-witted",-0.0118890459591588,0.0175440455888462,-0.0221987710551101,0.0285774839819841,0.0130768694202174,-0.0179439619465412,0.0119746117550095,0.0118993276730884
"smooth-spoken",0.058387721612278,-0.392167980314467,-0.171755944038396,-0.0164920962627758,0.160108260778882,-0.0168123188676822,-0.110302440654151,-0.235022382961055
"sneaky",0.014835752212123,0.0332613679150743,0.0068164317488862,0.0030493774882328,0.0701037438327951,-0.0341311541905012,0.0527045102770406,-0.0455084355376
"snoopy",0.0543182494241333,-0.0448838357432915,-0.0101308279508363,-0.154239505681231,0.002432568760907,0.00695984026228075,0.0699020451271445,-0.231646506647921
"snooty",-0.0586526633924016,-0.0039036705064973,0.0676788337914817,0.0260421774997882,0.0702130561962853,-0.000158677601600852,-0.0780192253776942,0.0334547721939497
"sober-minded",-0.290616388762536,0.0613835005547399,-0.0120625970206088,0.144669539298825,-0.174075614235922,-0.143245913296642,0.0209818791291817,-0.0226766918059367
"soft-hearted",0.0652807511302345,-0.243742026079667,-0.309954854441973,0.0796360859688403,-0.171230026824204,0.29730191181878,0.0221779444511972,-0.0360895099596264
"soft-shelled",-0.114119709541527,0.0259072102051445,-0.234002116577832,0.0647081183808581,-0.0192430338157302,0.426729049634309,-0.023207956430465,0.00613056921737791
"soft-spoken",-0.0634390659886735,0.145293623342592,-0.35920910621246,0.15491707139994,-0.307274722300274,0.203440990520994,-0.145517295855046,-0.115322273063199
"solemn",-0.0404316187645838,0.129207749116769,0.128454569656043,0.326566912523156,-0.15932974490019,-0.0229016930981774,0.160026140141506,-0.184677755386147
"solicitous",-0.162405233513646,-0.415120051971097,-0.236056276575466,0.213894640610632,0.0801556254100907,0.0984597142908278,0.0251109247178615,-0.160995320170635
"sour",-0.0397882650363166,0.0235132057298443,0.0873670834567333,0.0056590531717027,0.0144627502558881,0.0315504792155199,-0.0393057504902957,0.0450283042841534
"sparkling",0.0646051766194166,-0.28407395074101,-0.0962335652265873,-0.182829058380761,0.240214545936076,0.185373317692482,-0.25330133958338,0.144961963507955
"speedy",-0.153004475006774,0.15452373016545,-0.102218480254247,-0.348988144702732,0.274729629668912,-0.201333207111452,0.195440614910038,0.110298267695999
"spineless",-0.0168944629304828,0.0195405771385255,-0.0335148267384253,0.0361838356377408,0.0160493951486076,-0.00684162007720528,0.00857178752411307,0.00825482045772129
"spiritless",-0.013249648289744,0.0213529150174659,-0.0233713643535968,0.0396693901299582,0.0190902296199654,-0.0166513764516333,0.00753627291471378,0.00951050362004676
"spiritual",-0.0113437346587836,-0.187344611026902,-0.133035337574657,0.000795445357832178,-0.195293079371696,0.31202036000585,0.0682006225331915,-0.0704135073571358
"spiteful",-0.0274024951057918,0.0194963151862365,0.0109720436623287,0.0167860116433215,0.029405850339745,-0.00167668551770933,-0.00337778163507867,0.00562054203917779
"sportsmanlike",0.0582551221623283,-0.0811188210823807,0.163728252265477,0.0583044057104183,-0.0757440564150959,-0.244671820544852,0.309484843728352,0.242856376888834
"sprightly",0.0570736970210335,-0.26449680576426,-0.121575991995388,-0.247264182799904,0.107720704418531,0.123295752187233,0.0178350297906113,0.164316910341701
"spry",0.0537573730757564,-0.101693034889124,0.0273709995849546,-0.205950289239604,-0.0463509052643413,-0.0435937370879021,0.11834429356006,0.206376343033502
"spunky",0.0768520063794371,-0.176703355282289,-0.0813529593345434,-0.396129854974264,0.0816198931462822,0.130795353047788,0.0204627807406277,0.119715921857255
"squeamish",0.000669524940643897,-0.00590466483135605,-0.0839394737467542,0.0731320704473247,-0.00627499582955572,0.077490960311942,-0.0115513451895046,-0.00674975166558028
"stable",-0.159445876302466,0.00595489318007838,-0.0489258543695106,0.134383029954125,-0.0829679841877242,-0.136971954649616,-0.0457319017004521,0.0857930536547206
"stalwart",-0.180223117869951,-0.0449501661372571,0.0897160663305442,0.0858496217228864,-0.0691295114972462,-0.100453563863839,0.23591715065275,-0.0444826474513334
"standoffish",-0.075681463521549,0.480692452928881,0.0561549931566558,0.0348863268190581,0.0322514958208473,0.0237503312490089,0.0188111610190032,-0.0177973982316363
"statesmanlike",-0.0599688260889896,-0.154543007360294,0.0405415909490965,0.293366359963252,0.208512523300759,-0.154943262261094,0.173421209968923,-0.190228724648631
"steadfast",-0.310161664092811,0.085001206763838,0.0624834935885192,0.0298383212497952,-0.0439620839173533,0.0366750071006675,0.116512192212341,0.0229503311385163
"stormy",0.102808821968117,-0.00344512112968549,0.308905324502345,-0.163441059445762,0.00188190095959176,0.273784293395495,0.0883802630437426,-0.0423354082982326
"stout-hearted",0.0554634799654642,-0.0532311948386316,0.077306515464139,-0.0458074389264628,-0.0368844130663942,-0.084824504898138,0.114024064070511,0.0023504143815195
"strait-laced",-0.169538129453146,-0.00658196995330932,0.0445723259615699,0.516831562859989,-0.175576825776544,-0.145865567828173,0.149344147715065,-0.0382214037309845
"stringent",-0.398393431567744,0.023583560390249,0.303832196977017,0.0455738712024404,-0.164988673308889,-0.281796961669894,-0.048763142752018,-0.0189256790092746
"strong-minded",0.0023181865270303,0.0163798574130077,0.0598704043184103,-0.0264280807137256,0.0247497702863371,-0.107174716305179,0.0635992095060006,-0.0187369224732282
"stuck-up",-0.0490432131121753,0.00156297946183645,0.036507456813707,0.0433848317966817,0.0746096387542135,-0.0340431129573142,-0.0420403737402795,0.00835510323429609
"studious",-0.143821897161794,0.109925824152673,-0.206502862640995,0.0168874807022024,-0.180361579241161,-0.0766410678133131,0.139302900484155,-0.43418734733199
"stuffy",-0.00381197643621782,0.0584488023668132,0.00896937613645457,0.207019881327232,0.0637355514700605,-0.0162950547179032,-0.011405673063523,-0.0487141066455686
"suave",0.00652750312173088,-0.112450262154601,0.0108295392392572,0.022823593522521,0.434132926419433,-0.00290399768175081,-0.101444040609186,0.0207708118262808
"sugary",-0.137160628721968,-0.0478374736877513,-0.118708186125184,0.0389647772049708,0.0770128448927944,0.138893070480717,-0.0616866711066706,0.117349146512708
"sulky",-0.0292209024030027,0.065860140878172,0.0215453864042606,-0.0146644297870627,-0.00325723318445524,0.146550118276193,-0.0740320671250818,0.0450503983143574
"sullen",-0.0377151100406066,0.169162702255828,0.00103297424605188,-0.0010728397025646,-0.0395185339551164,0.114368519682283,0.0484121132812313,0.00238609352667978
"sultry",0.0321672161331733,-0.0142401560470441,-0.013820071788106,-0.0416888274074729,0.201117437031611,0.145771511502835,-0.134204557892239,0.0805267624903898
"sunny",0.0570299667630162,-0.33366503545898,-0.219310466588882,-0.0556887859729676,0.150368919047634,0.106187396841257,-0.0209579722130916,0.164211732713598
"superficial",-0.0161357874418251,0.0119541531661819,-0.05267767634196,0.0534353540329007,0.157852786979631,-0.0489434626140782,-0.0133298339697091,0.0195128627891647
"supersensitive",-0.179501220329308,-0.0908975110757368,-0.20052874434743,-0.113011401430813,-0.13305732841692,0.482081532743105,-0.0661629491305065,-0.0211295339903837
"swellheaded",-0.0749332208182768,-0.0395467986893392,0.0720764346840326,0.049999910197129,0.353255814660886,-0.0691167295557676,-0.0160215874491757,0.0151913065583025
"taciturn",-0.0518864337148408,0.56701339708695,0.0129384628062207,0.185269294966338,-0.0346142809213082,-0.049990792620575,0.107319328961415,0.0725545380896851
"tame",-0.105561050312905,0.120258228102509,-0.200843005302473,0.324921667103536,-0.0951338409413966,0.111052427073456,0.016395906574104,0.00981990876463804
"tasteful",0.00234506957444405,-0.163945012078046,0.0354465944930757,0.0628099222662605,0.0841440014706852,0.0951544880929417,-0.245525645062393,0.119330445072988
"tasteless",-0.0170457100535035,0.0491191784748553,-0.027203137680765,0.0251192248618421,0.0180005470425212,-0.017045578170319,0.0133385065876364,0.0112252718747244
"teachable",0.0250454217574027,0.0841880516948114,-0.257617832224085,-0.231192525435482,-0.0860906511794047,-0.0770603307639576,0.070017271585597,-0.0183042060650325
"temperate",-0.151072282901512,-0.0523477805751169,-0.131871142714042,0.26382561992944,-0.267084187360288,-0.0392000274186512,-0.0444105229196098,0.0367781152705564
"tempestuous",0.109637541114994,0.0238681398961041,0.189085869412749,-0.095355149697326,0.0897880263018191,0.25800517280744,0.0807847140354656,-0.0203431611038557
"temptable",0.264674456498669,0.00539639355848861,-0.0642055713266673,-0.097008347095226,0.127669900080483,0.0243790129651522,0.00847946570914996,0.0114026420800744
"tender",0.00513231200594227,-0.25682610150453,-0.283247706847095,0.0171865196022029,-0.216255128986915,0.382111069781098,-0.0557153397922341,0.0559265875591948
"tender-hearted",0.0267043953054615,-0.311592698922216,-0.30667325066243,0.0722967061031686,-0.202639619593767,0.291359990889137,-0.0372385371431548,-0.0142531271943995
"tenderminded",-0.029912683506945,-0.284633209076186,-0.315057642084718,0.0810620912046776,-0.208122300941692,0.418831322206806,-0.0740000028858019,-0.0446464736169853
"tense",-0.183095540464014,-0.00311247673009687,0.0328826254888734,-0.183497634344062,-0.0329565905013426,0.0973829622957402,0.0149513680023988,-0.0806551296671107
"tentative",0.04360680225442,0.188771492595774,-0.347096470003556,0.16099069298961,-0.137078861474753,0.164445659076191,-0.115536666229612,-0.040165306702894
"terse",-0.0377864073950425,0.423553842294571,0.329274905641392,0.0727316581248738,-0.052024577231292,-0.0996083708660617,0.0393005660619843,0.180855574733751
"testy",-0.089458221002608,-0.0415634273511466,0.480713029138933,-0.0118044100745323,0.0384654339056008,0.0592873773230942,-0.0893286042614217,0.105838791471817
"thick-skinned",0.207837355273158,0.0602783983221873,0.285140650728622,0.0966295424008926,0.178120127427506,-0.440829296794283,0.235872234492166,-0.0357795205410878
"thickheaded",0.0517031508638783,0.023834281262931,0.113257949107187,0.1314421442063,-0.00781514378652509,-0.0316254797797848,0.00233508934973241,0.0849657997142124
"thin-skinned",-0.167930820781079,0.0303363722475466,-0.0839384547061656,-0.0888231199351845,0.00748024789805227,0.441844794526944,-0.220192087399385,0.123157114924796
"thoroughgoing",-0.516232813077677,0.0637310329161676,0.0157747329276805,0.00503149676075024,-0.060235181301821,0.0521165045572362,-0.0666200959933264,-0.0151582105565214
"thriftless",0.399887455468544,0.0399333417961909,0.0323690750897806,-0.00657187220023613,-0.0198306299775133,-0.000836481193279187,0.070549420244301,-0.0275685589141922
"tidy",-0.49024913466433,-0.0198069292191939,-0.0807075253611096,0.144340183398161,0.0721657803945898,-0.0400746796702109,-0.0874423327758165,0.118323995437608
"tight",-0.0322745843240565,0.0552855009086614,0.178307600707262,0.0637917850676202,-0.0788051198821401,-0.254642995771391,0.0592304375898754,0.233773098810257
"tight-lipped",-0.11423344875096,0.469012731090062,0.119396812356084,0.215189739567347,-0.0803601442541934,-0.040222396509722,0.00918522944940823,0.155771390889946
"timorous",-0.11537033317911,0.111149501482641,-0.213669628325919,0.199098018633665,0.00503187436404819,0.222982566827991,0.00543230100370292,0.0274392312595717
"tireless",-0.303994043832955,0.0304545129656086,0.0159239679586169,-0.0748990148022789,0.0571987982666594,-0.0294495770167651,0.136214158443413,0.0629693165092634
"tough-minded",-0.0948257571193684,0.0645398831709998,0.319386727292384,-0.0821447067095466,0.0422648479363416,-0.361907078451361,0.192390282194747,-0.00624912494864299
"tricky",0.111376952076709,0.212458182960739,0.0314875165810687,-0.173104063894165,0.129851941062871,-0.0765395203799328,-0.0216116345819315,-0.0505663527391576
"trustworthy",-0.0289967133670168,-0.000105959626355748,-0.0363986964722735,0.0515126659102479,-0.0350944955407368,-0.0166820075547032,0.0284247589352947,0.00882339573151083
"twitchy",0.060314872851393,0.0508369056104227,-0.0318084477768602,-0.0530159948592522,0.0722788818315169,0.0326779474796282,0.104072591608496,-0.00516232668011452
"tyrannical",-0.0193924671831338,0.0154052762576571,0.000372831911980491,0.0274263286263172,0.0125160885004896,-0.0142202903897005,0.00807474073468478,0.0244505460360516
"ultraconservative",-0.0325268612156469,0.0266297634964675,0.0737209983683943,0.43663875571967,0.00954607050163015,-0.0737765324699095,0.0686303129332501,0.0332823573638647
"ultracritical",-0.2532918978664,-0.0568962490558009,0.451360840342769,-0.212906838517996,-0.177027775548777,-0.146547725075856,-0.308795994280807,0.00820462679396792
"ultrademocratic",0.0814220385364642,-0.301455253833814,-0.135307377697542,-0.056810682734071,0.0405957542916953,0.00866271336933755,0.1573482944302,-0.221527952217338
"ultrafastidious",-0.526342611627458,0.0507645194465665,0.133839788873912,-0.0264791283677499,-0.0996018467612388,0.0258948348660898,-0.360168978872804,0.045976274900721
"ultraintellectual",-0.023655963478852,0.135381604318107,-0.063729985981911,-0.0236336225313786,0.0121826575122288,-0.253936944977714,0.0444173081208131,-0.443990945701546
"ultrarefined",-0.200408867471691,-0.122772854187785,0.0210763978031894,0.0787836309946587,0.372688865712723,-0.00670173095790801,-0.430014942563731,0.0318061672883901
"ultrareligious",-0.0184142942951021,0.012293921019208,-0.0279624742338693,0.0405147683223122,0.00726107302192389,-0.00809372768981914,0.016614714954496,0.0134558566718944
"ultrasensual",0.0500942701095863,-0.0645481520608401,0.153713373320447,-0.0930425613718543,0.160481187696821,0.223575308668813,-0.254907774618218,0.159935002240143
"ultrasentimental",-0.0464150571240124,-0.164072119196326,-0.208300949459533,-0.00946424960547237,-0.0885004700958698,0.467608970789715,-0.000604106329085255,-0.0137922891614267
"ultraspiritual",-0.0359593936730496,-0.166825720675149,-0.134840446025891,-0.011693910957567,-0.0201758356621888,0.13553304060216,0.0935965143319498,-0.0656577841405103
"unaccessible",0.0118449775696764,0.435499130260404,0.0633458812796545,0.0187224401078527,-0.0018528513609939,-0.0223100234269505,-0.0302483152116607,-0.0114174109341248
"unaccommodating",0.00375741645684005,0.0828141560566186,0.48734580150338,0.150142573456919,0.0571326282194657,-0.0585262963009629,-0.108155204655815,0.0579257162185717
"unaccomplished",0.0391106545676513,0.0303898869454035,-0.0409744704981337,0.00606845383029895,-0.0126058783576864,-0.00424124584877797,0.00523283926515742,0.0245822872638438
"unadaptable",0.0965176367639189,0.0381231858081051,0.203948154897201,0.438205519515232,-0.0185609103222387,0.0269156583246409,-0.0664756872028895,0.0258826495757781
"unaffable",-0.0437015388765172,0.37854448477235,0.0629188068943623,0.0776772441239787,0.026339039330395,0.0149927648666831,0.0227574574505226,0.0351065275054982
"unaffected",0.308335899353781,0.219926419904776,-0.0110797653623141,0.164299264653868,-0.156191556727678,-0.192187068338617,-0.049137318812771,0.107392986337861
"unagreeable",-0.0154474534838825,0.13209772658451,0.451744114130684,0.0909394401684255,-0.0531107681039524,0.00906582807093226,-0.144593852027282,0.0820151284691674
"unaiding",0.070818035323346,0.143246410500777,0.0285206236768969,-0.00994396563271189,0.0230413020015291,-0.0295278193307128,-0.0733225333440458,-0.0205941374479775
"unalert",0.161423067316769,0.00173090154957433,-0.0278313033805089,0.0508400889745677,0.0109456214902673,-0.072018881098661,0.00988908859703861,-0.0105032499655082
"unalterable",-0.0983625937288886,0.0450410342622026,0.245863031866068,0.35051277457729,-0.0938610044348514,-0.107549841441034,0.076745472110215,0.0243626111614794
"unamiable",-0.0526989876680058,0.330890858093515,0.150066908210182,-0.0285330685890278,0.00211962555509244,-0.00202192113302505,0.00341937817618692,-0.0204675163383103
"unamusable",-0.00646904812323743,0.0336348378166647,0.0116008313947559,0.0495542664288042,0.00227391152322982,-0.0185041484062399,0.0245782140482684,-0.0042297032151853
"unanalytic",0.229133688490933,0.00119161884708861,0.0185880145164638,0.0594082577504822,0.0318275226398543,0.143390019427475,0.081700674570854,0.188293302071698
"unanchored",0.440345451937606,0.180193854634406,-0.00531365292175124,-0.223672974462461,-0.0380747880061499,0.133524040134566,0.00605435844742273,-0.0985674370270091
"unanimated",-0.0386715010105275,0.238274689935807,-0.0790373557299591,0.0739149292537192,0.0733428109760729,0.00628779495163926,0.034562666834752,-0.00356736762013845
"unapproachable",-0.0503272042631532,0.424429767683676,0.110627241806814,-0.0491969308764264,-0.0372652086852817,-0.00489879764780231,-0.0282705211795106,0.0419710693172555
"unargumentative",0.0939498726453209,0.154883040390514,-0.372684258807227,0.0596501340983248,-0.195364352222626,0.0274506312385314,-0.0384966581742583,0.141060953428209
"unartistic",-0.0549268629622759,0.243774892849522,-0.0244014900702759,0.135626731975312,0.031893094821407,-0.224328555191173,0.34853953636722,0.00333283030074018
"unaspiring",-0.00906309531931284,0.0309905241357607,-0.0218685569620355,0.117729209300106,0.0416970638699283,-0.000274407798872509,0.000184343120452984,-0.000143701246353614
"unassertive",0.00451972034906243,0.35751456681969,-0.288784474959354,0.151601230852923,-0.0474049003230349,0.163796989385202,-0.0896411253597058,0.028201246898643
"unassisting",0.0656299523217859,0.160252805684788,0.0391887089962607,-0.0371965616616568,0.0167107572185567,-0.0234873868465136,-0.0738056071139935,-0.0211566064906508
"unassured",0.0477670392835287,0.172575854712387,-0.224134856923486,-0.0604978018534621,-0.184241865993331,0.182313408480238,-0.0568370626725554,0.0336255951471314
"unauthoritative",0.251535443669945,0.252509904811959,-0.251971342976032,-0.074558143837554,-0.190603731184638,0.200388157877904,-0.0134011024509758,0.15431795244155
"unbashful",0.173816303627282,-0.36511601818247,0.174186120547069,-0.230191098701844,0.0369680198565231,-0.139682915504854,-8.78326564568793e-05,0.0456632071931132
"unbelligerent",0.12088268070334,0.0523061875345031,-0.219679278716343,0.0222669220879159,-0.0818944676991675,-0.0184163398031889,-0.0439646145242573,-0.0238791918411538
"unbendable",-0.183546559406224,0.0958547039422277,0.330025968800884,0.155561076183153,-0.0174736641091494,-0.164764549217482,0.114390087574607,-0.0234692383549938
"unbending",-0.171496146218997,0.0775448803120518,0.486958924768366,0.149528050296406,-0.0583140683156884,-0.136145636692717,-0.012527924074515,0.0682018006502604
"unbenevolent",-0.0250831474353738,0.0307727022665156,0.0210420882449305,0.0142610340882743,0.0345219707932199,-0.000802735602021564,-0.00969430604214506,0.0165034030823376
"unbewailing",0.0787173678072717,0.157832012305142,0.162357648803606,0.0921770772104984,-0.043673230026104,-0.0661160304049979,-0.024512250514626,-0.00801558851030144
"unbiased",0.0591971393227967,0.0735997677830819,-0.114861197553529,0.056939648889365,-0.021249826290893,-0.0521095173112765,0.125211279173447,-0.0856629790871886
"unbigoted",0.0568989862608159,0.0388549298898824,-0.0470239787940398,-0.0343711646566132,-0.0214821480643838,-0.00595232805761829,-0.0223984535808106,0.010988357689365
"unblushing",0.035572864017432,-0.169273792105969,0.125082591798776,-0.129658242163826,0.1844012415612,0.0520631765962753,0.0459787893539472,0.0136376748684475
"unboastful",0.0826749036013116,0.0933251845318499,-0.0372316412626073,0.0110212200825324,-0.381879263154319,0.0636380001586432,0.0244064574765341,-0.0310154967382215
"unbold",-0.0241801364869727,0.267579882156751,-0.379439436001087,0.422946533592156,-0.115942186996345,0.228416939108254,-0.100292739620366,-0.106187740416199
"unbookish",0.0845382947071229,0.067599998994863,0.248371925973063,-0.000148729045469706,0.198836114603061,0.13699714419582,-0.122574575223955,0.645318547032946
"unbridled",0.185236399760798,-0.140756957521648,0.151709075921071,-0.304582987848845,0.149779181105788,0.206366193118392,0.0571461879134927,-0.0214785422310985
"unbusinesslike",0.34526069852524,-0.00483965522336702,0.0156650896540695,-0.0110630902738325,-0.454541776881466,0.517839879332238,0.0558470854554591,0.113374805808442
"uncalculating",0.332520398286302,-0.0552654254189974,-0.0902743553713085,0.13062481727468,-0.161101628162906,0.42748824882399,-0.0139010911163253,0.0662156149795426
"uncandid",-0.02104629812158,0.0980169298288875,0.0453727230539972,0.030576590891009,0.0729218263644896,-0.0424603561203019,-0.054863748067584,0.0988838685961987
"uncareful",0.463761316983437,0.0265604087782232,-0.0316408116630328,-0.0350783623064322,0.0926193474514092,-0.0631307106650452,0.091785284161208,-0.0664890577727711
"uncautious",0.353656643026411,0.0128936801146333,-0.0122424996656891,-0.0936119436602783,0.204071454711398,0.0101928010638336,0.163891016695118,-0.0904076132994652
"unceremonious",0.327775757904267,0.181964711929355,0.241425921404047,-0.172235449478611,-0.0979699489460995,0.0809499740086581,0.144640433373486,-0.0103448377650076
"unchangeable",-0.0341857472005127,0.109402395907444,0.184098342181315,0.464028131022762,-0.0452136435607796,-0.0331834259242036,0.0531370249218018,0.10587853993606
"unchanging",-0.0119549781373741,0.0961282547810037,0.0845385900940082,0.552151574789576,-0.0974388899102416,-0.106458022639201,0.0989645805427427,0.109859771781364
"uncheerful",-0.0823417594277234,0.378495009774504,0.136033619468988,0.086350316662921,-0.159681357930085,0.0907736012010106,0.098246400511263,-0.11128953909857
"uncheery",-0.0728596073050938,0.37469243710472,0.117535221054386,0.097180409701505,-0.116278663604939,0.0779719029500917,0.0716345183963694,-0.0817226574766253
"unchivalrous",0.0322556662303188,0.0630313003504153,0.0175236057401628,0.0152884912049936,0.0135196767560779,-0.0276627378446154,0.0123274385486821,0.02702633614077
"uncivil",-0.024629787200724,0.0358106582083985,0.0578534061689375,0.0103023635753356,0.0139325787276737,0.0336730888826133,0.0183488894315056,0.0107486126716031
"uncompanionable",-0.0476722525341945,0.513513664274174,0.0207439128910898,-0.0126507830907214,-0.00865058213396682,-0.0304470412813295,0.0278521701439552,-0.0682823724806753
"uncompassionate",-0.035407173263281,0.105937590453277,0.0833873968088494,0.00800466080079509,0.0673813072705638,-0.0888810170339524,-0.0192797505352541,0.0581356691901118
"uncomplaining",0.172367585181686,0.0880473581050714,-0.289697977393283,0.165226745577691,-0.116587358514172,-0.214620649952455,0.188651720782909,-0.0496924121837571
"uncomplaisant",0.00298741642484831,0.0372091563245663,0.476832719756297,-0.0656902196158057,0.00322361960790439,-0.0956480976728107,-0.0324842913666389,-0.0510970211629964
"uncompromising",-0.193923855173889,0.105565900755936,0.329919197630123,-0.068666209506312,0.0763759516654634,-0.0549882055085434,-0.0126985419869356,-0.0104836037252586
"unconcealing",0.0901446675302632,-0.199315355727909,0.026815100646463,-0.214000883883124,-0.0795238896099891,0.126326914342023,-0.00894493743230513,-0.13557001521062
"unconciliatory",-0.00256054416341586,0.105675319846503,0.558726447282156,0.123254552914457,-0.0927686562465138,0.0061022403568107,-0.130832020247213,0.0577323034781632
"unconfident",-0.0106103202860812,0.220152463695205,-0.192112527763585,-0.0339745690487622,-0.123549454513358,0.161999235543749,-0.0749302580697418,0.0848975717607769
"unconfiding",-0.0432568507285616,0.519138409313561,0.0853366953194488,-0.0158417681027582,0.0149692639060952,0.0990474584731968,-0.0740641398684712,0.0509087472693044
"unconformable",0.334073804427418,0.212895822071041,0.248898914815515,-0.222622350842688,-0.123012343331639,0.104772913993409,-0.173213167526168,-0.116411185355686
"unconscientious",0.539628450088914,-0.00828791197716209,0.0346868080750407,0.0172780927395275,-0.0531419494142578,-0.159601660472024,-0.015671245826268,0.0109107052382343
"unconstrainable",0.224143205488508,-0.0509746780404519,0.0942110325036115,-0.496684207610708,0.0804583420689216,0.0780793907653821,0.0185780153011468,-0.0332233115171579
"unconstrained",0.311290825872004,-0.0689931136351265,0.0820849851569197,-0.351278516200455,0.193206318529645,0.090224914380587,-0.115523905519389,0.0261204448960197
"unconstructive",0.0443652757094346,-0.0144719688793907,0.0870605210027325,-0.0143700943316166,-0.0444165909825633,0.0039722311910626,-0.094929797893891,0.0475238754774096
"uncontradictable",-0.245971301973727,0.0568932762098635,-0.00467745518436573,0.122835637983441,0.0300465762153457,-0.126538817844962,0.0448195266572199,0.0144202031452351
"uncontriving",0.0899968006013831,0.138061783953104,-0.182471330485052,0.161514317441589,-0.256413628326258,0.109816300161876,0.340407831275749,-0.0895527607047571
"uncontrolled",0.253917145927961,0.046668771463598,0.0714443405099798,-0.0406550397224273,0.00590223897186284,0.049634677430683,0.0786678581123513,-0.00934672407099164
"uncordial",-0.0385539199937647,0.274077718025411,0.113002108936792,-0.00472688312205234,0.0132015160228935,0.0249473869921738,0.0130880361547626,0.0150413893187874
"uncourteous",-0.0298840455047435,0.086951033498292,0.0773182993011908,-0.0203758638728499,-0.000180690513495914,0.00559565929272014,0.00477980206194295,0.0315413122353203
"uncourtly",0.11209737467931,0.488108554442907,0.167217885340651,0.0621449175407521,-0.130377754037261,0.0994641871247292,0.0749859441682907,0.0498661308493283
"uncrafty",0.00666355084568804,-0.0929632678153376,-0.0763734311495387,0.096101252595179,-0.0785169326728132,-0.00366278731539104,0.210788692581668,-0.133470679105171
"uncritical",0.116061141299994,-0.013413740220219,-0.18543176625062,0.131891485382488,0.070357421914889,0.0273506513796022,0.102489693792594,0.0666283550582378
"uncultivated",0.00355052732202815,0.0282347142377258,-0.015605735482074,0.029447895666177,0.00366346756270493,-0.0194314143546509,0.033364311248696,0.0353710679695401
"uncultured",0.00609640237422941,0.0408388097987928,-0.0211959823049148,0.0246747834040892,0.0117879427670611,-0.0245171392709939,0.0265211351661613,0.0282843978970261
"uncunning",0.154493435552031,-0.128216006185202,0.0321486673254494,0.248021688916519,-0.461389301700861,0.167682991328045,-0.0391608508570006,0.161240074085562
"uncurbable",-0.0193716423163763,-0.0626909105315147,0.112720840030763,-0.247482423006035,-0.00112541775964761,-0.0111150976667157,0.155708873841973,-0.00421655329788098
"uncurious",-0.00972163789639317,0.0237309830562432,-0.00786978413674839,0.0512212530395529,0.0112222879542583,-0.0180332487630884,0.0213859392167178,0.0293982487587082
"undeceivable",0.0046621606087466,0.0810793083045793,0.0337113508130348,0.0239348808993581,-0.024921201255094,-0.0455456725063876,0.0271028595982644,0.00804032901133062
"undeceptive",0.00357872332477714,0.0315989845909407,0.00428741919194334,0.0130692812797671,-0.0673837255548945,-0.0166659075394573,0.0048792124488076,0.00673477295872884
"undefeatable",-0.0905110318400115,-0.00363692379377478,0.0228797793890151,-0.103646948682501,0.199847990251665,-0.132168005792374,0.229139282665657,0.0815533301182501
"undelaying",-0.509544088548394,0.163516715306672,0.050110087325168,-0.114397159772998,0.154983490561176,0.0466533311481421,0.181025147162366,0.0830021387140636
"undeliberate",0.466195018996465,-0.0372467449318069,-0.0710692090947162,0.0435542475424527,-0.0326510587487396,-0.142627556756171,-0.00951547143931723,0.0246708381584062
"undeliberative",0.605437791968942,-0.055319316392201,0.00853425853833599,0.0814245677868516,-0.0137374560897205,-0.137179684999734,-0.0312410699389513,0.067721453544917
"undemocratic",-0.0132226601960375,0.0134445764282571,-0.0172885868136844,0.0337427704240914,0.0137380976748363,-0.0189058279695521,0.009088644968891,0.0092027021009018
"undemonstrative",-0.0198863951615114,0.601319026505297,-0.0277660593999265,0.160762740995364,-0.0251523505196514,-0.0988058201198548,-0.00892428793670583,0.0707401470373117
"underogatory",0.0106548322851625,0.0305652249496931,-0.00966553815176503,0.017862310070071,0.00578454466421717,0.00249324913205068,0.0105337390540796,0.0178126512772804
"undespairing",0.0452272921098774,0.0111425401727936,0.00699415574930483,0.0293595293857014,0.0813997160037674,-0.123296547189048,0.00586107381697068,0.0544268262565655
"undespondent",0.0968828049154951,0.00388346789870974,0.0109941706123591,0.036508831619525,0.0955098026385953,-0.170680836883038,-0.00862204627726226,0.0395016564280808
"undeviating",-0.467754412574952,0.103055351838823,0.102353887273756,0.153405185624853,0.0123790750316782,-0.0642208702912222,0.102348652188298,0.0284996967407848
"undevious",0.0119728989313261,0.0610497947386216,-0.0528694596308544,0.0237978035200242,-0.093997476569559,0.00356907715527019,-0.00991919031413915,0.0249266334207403
"undevout",0.152296102040056,0.329663429436214,0.0356755833178022,-0.0550831833131872,0.0330103350029554,-0.127359213030888,-0.0877017772513876,-0.0383604956397961
"undignified",0.0539218544257842,0.0319181856102374,-0.0171003623956877,0.0171761658901844,0.00372213314614343,-0.0106588497388485,0.0223454714615291,0.00167760782768249
"undiligent",0.602035831482245,-0.044456945745562,0.058649217438561,0.0598272734322405,-0.0810176936554377,-0.124008844670426,-0.0278492027604373,0.0292092960913609
"undiplomatic",0.0070375742993601,0.165731537211949,0.425877765174334,-0.168781311675267,-0.0348716423206996,0.0598755629269295,-0.0931522315155003,0.060225749684336
"undisappointable",-0.000231967095355891,0.0550996648712487,0.0215132844106847,0.129924892161548,0.119889604484657,-0.196876184229852,0.209914981604716,0.0253857421855854
"undiscerning",0.113392545857257,0.0119121114475551,-0.0425436018206844,0.0576593058626603,0.0429123156246191,-0.0483962044388562,0.0598397978849675,0.0644755576380705
"undisciplined",0.616243603209216,-0.0115505815592575,0.0216298592956456,-0.0182159577589157,-0.0848169433468411,-0.0689389008094267,-0.00266233180744416,-0.00337463635424212
"undiscourageable",0.0475877744262301,-0.0106910371301877,0.0173521235627095,-0.0431691459578326,0.0249372563153676,-0.17743687431322,0.116645290608004,-0.00361894218934855
"undiscriminating",0.0787290380501625,0.0426294605758915,-0.101413715833773,0.0252473440552028,0.0200266449168712,-0.032457422442356,0.107446162278549,0.0884599398785565
"undisguised",0.105127564237028,-0.111998310875049,0.123102437635666,-0.0868553134855356,-0.0469380663488549,-0.00310802415480587,0.053877891596382,-0.00610383178767326
"undisturbable",-0.0186550772752758,0.183747890683555,0.0266623819273294,0.255164493160982,-0.112573231831919,-0.268371640931908,0.0439564115525436,0.0733159136910271
"undivertible",-0.154086561012584,0.151477757496619,0.147883913809933,0.244425526980591,-0.0453465312272331,-0.111420243728848,0.133778101092082,-0.148275268929397
"undogmatic",0.0704792058664089,0.10427642574831,-0.204279135777201,-0.144342172132775,0.0327636264038448,0.0174478858349358,0.0381553801435213,-0.0566211478764092
"undramatic",0.019513687631434,0.215462001323248,-0.196025189068512,0.180481622818824,-0.317441995584659,-0.278505470970848,-0.0339288187951837,0.0629651910464345
"undutiful",0.146768378584569,0.0584446056517794,-0.00655451127217495,-0.0167751018501503,0.0138285129038637,-0.0878824210094627,0.0272911205518351,-0.0221659210314476
"uneager",0.224979980527601,0.116193543370959,0.0333455268694461,0.42615778202708,0.048457629147448,-0.0255822598357575,-0.176440263534182,-0.0236271314751445
"unearnest",0.0157777670453657,0.028490208401992,-0.0313066082121052,0.0296745528426343,0.037650103727007,-0.0248588591491763,0.00350207335937638,0.0154437331041488
"uneconomical",0.283118195495027,0.0155638797067484,0.0120583855516636,-0.0216140457762337,-0.0544895362548278,0.194069614575735,-0.068255591946593,0.0196607754985089
"uneducated",-0.00377454416522232,0.0221876117963425,-0.0106768668626214,0.0287650902956248,0.00979366586132755,-0.00534040480934765,0.0180213112592113,0.0215515127729743
"unelusive",0.0413861721558728,-0.0310034567068461,0.0465280608077361,0.0538659456494666,0.0935134538949286,-0.0873381353815906,0.0241904266237263,-0.0275561356705801
"unembittered",0.0881916861096123,0.0233627438901093,-0.145970403435881,0.0577384937930688,0.0456430529051269,-0.0876245290632357,-0.0194241204050682,0.0710077492747744
"unemphatic",-0.0450088008665985,0.415394001991613,-0.128342125481701,0.105806158330661,0.0382277865038345,0.0640505743116304,0.0015034044538351,0.101865606176879
"unenlightened",0.0154152081960348,0.0182961425903991,-0.0063670686144688,0.0484071083935553,0.00367137451787334,-0.0202737284939133,0.0459718532211798,0.0436788080062326
"unenterprising",0.0176861254607937,0.0350904410587666,-0.0296015042926407,0.202188704277989,0.0536158356165083,0.0152436750291994,-0.00766576091325227,-0.0343319740456311
"unenthusiastic",0.0292072158429519,0.0833828070751764,-0.0035158651239246,0.115762692780506,0.0242405559671622,-0.015204427565465,-0.0109189775302517,-0.00241274367827635
"unerring",-0.385319965369219,0.117039400075575,0.0808511772279843,0.0614049472124851,0.0326859186799169,0.0027223119642078,-0.0550811111340378,0.0680631978150346
"unexacting",0.581236707496264,-0.026018005519214,-0.0891696696014867,0.0925361349999442,-0.078823497193613,-0.109868817107883,0.0278316489957234,0.0279843126930745
"unexpansive",0.0438714828436168,0.575220153807596,0.12611052169469,0.37561546585203,-0.0690273584735469,-0.0348056110742918,0.0773713991417568,0.100824488770354
"unexplosive",-0.055338685163383,0.0616380251708629,-0.160637628369709,0.148576528928303,-0.450222920400448,-0.173893724446171,-0.158617859523836,-0.107021252298112
"unextravagant",0.0756639374060532,0.166004064202239,-0.108013791175072,0.111346913565313,-0.552631188845404,-0.181407325295181,0.255277716911067,-0.157573046898485
"unfailing",-0.448909152368393,0.0370665681588941,0.00755980993319498,0.0956010524878884,0.0369518610642279,0.0776747488187969,0.0895757218711193,0.0362841153095369
"unfair",-0.0337935289524938,-0.0156141975551712,0.102713591411836,-0.00821152349031895,0.0251886982519088,-0.0460147035807512,-0.0718843467165592,0.0652887240428369
"unfaltering",-0.327851272051252,0.0432782452093517,0.144639726300236,0.0677563831034371,0.0730885203861285,-0.10959676312166,0.177319594278156,-0.0388206439842861
"unfearing",0.106276408929151,-0.0374889510924418,0.136449481811537,-0.182847293375565,-0.00654708091574586,-0.143096369562146,0.0792682259585104,0.0294124059502196
"unfeeling",-0.0158146267155544,0.123369355345477,-0.0120828191806788,0.0136927829173167,0.0171625421358794,-0.0345284347116999,0.0439606437348618,0.016334824766478
"unfeigning",-0.0164088651118291,0.013489219004039,0.0261421600440917,0.00556859595095825,-0.0728392008648813,0.0505225517570974,0.0224965109748325,0.00650658811865871
"unfeminine",0.0710754861088651,0.189456620347559,0.262005002959142,0.12118142984315,-0.0808528190617664,-0.061689256676509,0.0651233866773417,0.0749585710811286
"unflinching",-0.011928164696663,0.00800836777290994,0.226571800084919,-0.13132347112372,-0.0441156562360583,-0.264414003979852,0.233811741227334,-0.059914895549919
"unfluctuating",-0.27075319704823,0.143899526168876,0.103449184489905,0.359353885604211,-0.125393054848924,-0.192434302555001,0.0990223786855553,0.108339099301014
"unfluent",0.00136173243114111,0.204773621651133,-0.0463087934311828,0.105634519601323,-0.0716088501866436,0.0659689176951732,0.138191425026671,0.153268536836201
"unforbearing",-0.0127893009681994,-0.0508626722067774,0.422736376906597,0.0096306771400583,0.0404615803562863,0.0214521847262243,-0.0465399956945208,0.0947300213912739
"unforcible",0.155084210660413,0.260203820857064,-0.141318313257668,0.340775438445586,-0.131765328864578,0.17315746764314,-0.17359250185176,-0.118375644446367
"unforgetful",-0.441330852278292,0.0321451409676903,0.0645068167416675,0.0723188730331633,0.114503350178994,0.129886596268832,-0.0595735157465055,0.0181130888332394
"unforseeing",0.400050525539013,-0.0101551238032611,-0.072790798548045,0.0636786551331337,-0.0483511791540693,0.039318660644686,0.109144886812139,0.0369774136835621
"unfraternal",-0.0274107718992467,0.194195091252223,-0.0437040705924196,-0.0416783423701934,0.0544589744072457,-0.0405815342259656,0.0250201519508754,-0.0248061437579922
"unfrugal",0.249003809812072,0.0787312899977818,0.0749860564175638,-0.210246334733117,0.25570014030746,0.120342890540702,-0.104296164845607,0.0632804346359813
"ungallant",0.0209138903691201,0.123730414058499,-0.0014623642300133,0.012060917478166,0.016050257963121,-0.0285277353564769,0.0119833109242368,0.0245850494585979
"ungenerous",-0.0040502485723242,0.0760036702577476,0.0106973953300076,0.00669888551278594,0.0382129387629796,-0.0608361131711315,-0.0117656832848088,0.00603543860487606
"ungenteel",0.00169349793266803,0.119176404139929,0.0535931342566339,0.00128739317706498,-0.00335413123789881,0.0088987772595437,0.0366625042025872,0.0343460183367599
"ungentle",-0.0380046035140804,0.0091267578218903,0.331845333278402,-0.0212202452101857,-0.00365425862076649,0.00704630569107334,0.0217556306716756,0.109791684204765
"ungentlemanly",0.00106311319543126,0.0337849610954342,-0.00297438308151865,0.0168901421705275,0.0130065794628989,-0.0139271950589513,0.016675933646269,0.0147097387286357
"ungiving",-0.000940944129895987,0.131665794877329,0.165263934521951,0.0576009218513955,0.0361931056829456,-0.123530504963707,-0.067603334196474,0.0623538673444776
"ungovernable",0.152740864229718,0.0346763076009994,0.124327420798709,-0.0248264450916665,0.0130886352541571,0.0979946477446208,0.0212351414708258,-0.0047198427377349
"ungraceful",0.0499724376945435,0.19442293001574,-0.0260228912850831,0.0263796358613401,-0.0931526869554139,-0.0283330147379439,0.13142859657053,-0.0438544848128215
"ungregarious",-0.0198260668739731,0.581208876471828,0.12411191720529,0.100490739354439,-0.294081648913467,-0.0599872909338949,-0.120085966959416,0.0112348352938426
"ungrudging",0.0195542563185445,-0.0235403899111034,-0.155243146785977,0.0522057994621752,-0.0630363505678237,0.00234686949196037,0.103103255121226,-0.0233702490102935
"unguarded",0.309585552592878,-0.161081665885412,-0.0882876933464409,-0.238527108225265,-0.165996672664781,0.196142343666358,0.149941052327434,0.021771563744146
"unhardened",0.0987618813693422,0.0152448503882809,-0.240716177723623,-0.114316937562741,-0.121786215970401,0.221091029703184,-0.141549845833879,-0.129592824884221
"unhardy",0.115457067062059,0.0635507193678167,-0.219643246377389,0.259552543723,0.191625692836195,0.232504337810266,-0.247888726986515,-0.116545129191735
"unharming",0.0658945747744504,0.0448164616073974,-0.0960790182620885,0.0066309551376985,-0.0405740595817087,-0.0108186567709381,-0.0562790698251513,0.03667036580023
"unhasty",-0.0193396854994525,0.0768780455598868,-0.032225730351409,0.197990314938379,-0.346820085431779,0.014460824198408,-0.232817153788402,0.0213136028865108
"unheedful",0.55610342277341,0.117272281137924,-0.0129002483141608,-0.108342619780353,0.110440064815599,-0.240605316756313,0.0842563708308716,-0.0200515752596087
"unhelpful",0.0682921262852858,0.0524856735881244,0.0345844839868989,-0.000881635450467894,-0.00021818303767204,-0.0163875831752816,-0.0420249510505968,0.0110998186576996
"unheroic",0.0685583542899657,0.28952777181578,-0.100367758861037,0.167354270685003,0.12504712021859,0.0511065550099748,-0.211798110944393,-0.0334735966606877
"unhurried",0.20908816349255,0.118340347704049,-0.00537645034779973,0.317648371946125,-0.430494099727388,0.181816069584225,-0.28689453058289,0.0423340446087633
"unimpassionate",-0.0152606639374869,0.186041171855655,-0.00680821873649734,0.121464400865989,0.0427797289136982,-0.038751166188959,0.027465900601738,0.0322821164233155
"unimpatient",0.115483157727839,0.0057877208214866,0.179885190690685,-0.131076198410213,-0.0925703172349347,-0.128356269051998,-0.266242468235948,0.0369973361423341
"unimpressible",-0.0233783989891604,0.138248225898123,0.135357328307248,0.149443326803546,-0.0413603993822546,-0.0569838107757449,-0.0701578496622486,0.0505930906205331
"unimpressionable",0.0164019752255078,0.101391665974101,0.0115486384595593,0.252105818221186,0.0474298515402608,-0.0106788369726475,-0.000709458931031534,0.00551935040765031
"unindulgent",-0.05407197933548,0.0752007316871032,0.31564373913569,0.053061739662835,-0.165736299737727,-0.216932513104323,0.0304499006736193,-0.0583373660000645
"unindustrious",0.437054007035416,-0.0440957515652457,0.00891794418112153,0.0488879586259813,-0.0967396760270836,-0.138803188713536,-0.0735220060327491,0.0175974981654422
"uninformed",0.0750493562292174,0.0324410992036383,-0.0239663750251555,0.0295875160573163,-0.0161910193401426,0.0459136787699119,0.0328298338599117,0.0706915708714878
"uningenious",-0.00519128584383749,0.0129896357308869,-0.00593885539215216,0.0700972744282478,0.00322554187338168,-0.0128409523271212,0.0357290999242956,0.0266786970955456
"uninquiring",0.0180159217811767,0.0383415850614584,0.00173645501303217,0.117911054191269,0.0213306245297531,-0.0122449117555883,0.0214141149214209,0.0680711551660668
"unintrospective",0.0546017368220896,0.026283761264939,0.0694995606962916,0.0811644387546809,0.132347290226018,-0.0870852780647284,0.066221956261264,0.188440922517729
"uninventive",0.0137185602000294,-0.0080744480626467,0.0065316596286678,0.305285907718325,0.0026045056960458,0.0133975420423938,0.108493425771071,0.00856733263658983
"uninvestigative",0.107547018298545,-0.0224453061225256,-0.00931519748267583,0.132210029563821,0.034545067976218,0.0914186866513392,-0.0633147592342144,0.146191936998046
"unjealous",0.0983632197892775,0.0583590486367134,-0.0200976570545534,0.0589346540856229,-0.0721241784657531,-0.00282409551480426,-0.0136096987908307,0.00788877826224303
"unjoyful",-0.0960489123626128,0.289567149716288,0.0400628620481909,0.0610956061843564,-0.107985473200636,0.0377310470208608,0.109546679771795,-0.0804647949009095
"unkindly",-0.03462710082099,0.0258898192277315,0.103897820547444,-0.00524528404313939,0.0234945757475132,-0.0202801475495306,-0.039111513870515,0.0344730659011729
"unladylike",-0.0293175841834027,0.0130387151270749,-0.0589423809620237,-0.107115361517541,-0.0782940010604991,0.0335064512189151,-0.0109770243645377,-0.0133735820565936
"unlearned",0.0199879012932688,0.0191938370135091,-0.0339378360221469,0.0423168218708717,-0.00120618841795221,0.0041138392391178,0.0486809605945428,0.0564714029961184
"unliterary",-0.0723778928990507,0.124250398021577,0.193269126597239,0.132296869277308,-0.134842549812661,-0.075224597165762,0.235164026453814,0.444057947353265
"unlively",-0.0356481387423085,0.354480573307665,-0.069971461041244,0.180346589584233,0.0914015257723922,0.0185678136392184,0.0163041960592106,-0.024493683863789
"unloving",-0.000175794987963635,0.072268631599797,-0.0187160304737938,0.0121717581386339,0.0363939018683356,-0.0395292236938485,0.0354867980665121,-0.02141259807033
"unmaidenly",-0.0131169280221627,0.0170408180403678,-0.0237813896984742,0.0239997529788015,0.0189644717156546,-0.00953026507981583,0.0115270067870238,0.00556778067341723
"unmalicious",0.0723566909433107,0.0474877009241484,-0.0771751459899143,0.0117493243310771,-0.0173316315281715,-0.018853080904835,-0.0245553981821493,0.0306636849693725
"unmalleable",-0.0646233970982691,0.0566685628010706,0.443698588844994,0.351141719800238,-0.109180200204233,-0.0775740214934736,0.053518841896,-0.0400186192874717
"unmanly",0.0147099273719163,0.0989161488355101,-0.0329541577215942,0.0238600697212095,0.00853985930859917,-0.0257748138237233,0.0127816009462673,-0.00381008717618811
"unmannered",0.0434229057937618,0.197020384171231,0.0492779836491734,-0.0635535954166477,-0.0323581513295928,-0.0014467099429792,0.0377315414273088,0.0458243757145832
"unmasculine",-0.0560648208357115,-0.0255852214578,-0.405223531525004,-0.154348034819195,0.077153902707106,0.124109575006724,-0.0255196011108734,-0.172693892010604
"unmeddling",0.293510206500667,0.297161473260644,-0.148684617595442,0.210427936766464,-0.18373049927563,-0.0237828319363456,-0.13001168388775,0.15574522100187
"unmeek",0.112604300719976,0.00110677134797651,0.257381142620435,-0.158743920929566,0.1081778222718,-0.207936251128821,-0.0370442300785446,0.0545541135474059
"unmelancholy",0.0586947577694669,-0.0234270367551545,-0.000841126506924689,0.0193658161294826,0.175679443988852,-0.170441972702731,-0.0218353189504659,0.0898555698738767
"unmercenary",0.0322471678681366,0.010833264371945,-0.0129299750705932,-0.00621893902985865,-0.289674842899024,0.089673310134159,0.0130448267605566,0.0178722733027434
"unmerciful",-0.0654927675144784,-0.0205834679778092,0.106696286596931,0.00208851264081651,0.025754431602783,-0.0391200332167457,0.00947983330158737,0.061294218860937
"unmerry",-0.0763276184401753,0.338593766733117,0.113373912559874,0.0210829693272213,-0.165349440658654,0.0576216793600963,0.0844537843122458,-0.10739553488779
"unmethodical",0.739633258042246,-0.0256656305001235,-0.0107051022184727,-0.00761620455947898,-0.0719617840282688,-0.0337021373352855,0.0513724212146791,0.00638761208334637
"unmild",0.105413414144469,0.0375404984454186,0.37284754212948,-0.0742985040521586,0.160924740656456,-0.118780585080554,0.079963960827246,0.0697172578968511
"unmindful",0.505705282137153,0.132567576670648,-0.0776739638513493,-0.1106080607363,-0.0322740190542663,-0.254054938541061,0.112989486354611,-0.0389282757753522
"unmirthful",-0.0861201391342904,0.380470658690909,0.193628351475214,0.144781388204618,-0.173308770581867,-0.0181943294625463,0.152936302308462,-0.0971856480756052
"unmodifiable",0.0144541361813928,0.0994044922366087,0.204626666036698,0.426855319400159,-0.0789139989385475,-0.0585859212465168,0.0419910856343438,0.0518129165181852
"unmoralizing",-0.0206214247229965,-0.00842753514097577,0.00957483567014359,0.01067395434828,-0.0210241641123396,-0.00419622390876565,0.0176992903449868,-0.00673104274142852
"unmovable",-0.149740793507379,0.168546683286469,0.261303429277215,0.308776392776875,-0.137142473709786,-0.111291698191011,0.123543914029525,0.0432997641087073
"unneighborly",-0.00984696215659559,0.318324750954025,-0.00269702180562389,-0.0600000103513195,0.0433447884913027,-0.0352606975203998,0.0211778533022772,-0.0667164735830986
"unniggardly",-0.00225945425413559,-0.0361492248492716,-0.0348754867935803,0.0271712372777071,0.0456319804445453,-0.025339362023287,-0.0149597490287546,0.00992959640557802
"unobliging",0.15055227313729,0.0889245694189953,0.215831060746302,0.0594512913590269,0.0297382547247769,-0.0668318370022273,-0.156990022673291,-0.00236724597010314
"unobtrusive",0.0201224221473702,0.341172333118445,-0.255643429901997,0.127363835567791,-0.38193153135065,0.0281408468515214,-0.0745709143364326,-0.0284506374499981
"unoriginal",-0.00940117711370458,0.0287328250051691,-0.0289561478802732,0.0670744552807602,0.0290477552338662,-0.0126372582399963,0.0138616802600084,0.0128697146977958
"unostentatious",0.107210728139903,0.138955749655771,-0.00975386421741926,0.0448541014987733,-0.523677628604384,-0.0437298445711256,0.0622868495977001,-0.0840138555940372
"unpardoning",-0.0265803085824088,0.0096574506656607,0.351748059288284,0.0161972549927922,0.00977972021910273,-0.028940460510813,-0.112972453650691,0.0733815385666928
"unpartisan",0.0751850008798432,0.061684288059901,-0.0429557128846303,0.062120359877131,-0.0231873113479313,-0.0565830434343302,0.0339739968413294,-0.0231022745508483
"unpeaceable",-0.0393874168445776,0.031186073108698,0.132302263063029,0.00179361718246822,0.0471609615300053,0.0582910677993892,0.0307963895666725,0.00893984564923205
"unperceptive",0.0753056637926894,0.0205608840986772,-0.00710005181946119,0.0550206456457478,0.0463612960914426,-0.0328390739808452,0.0456166409543739,0.0515735622794529
"unpersonable",-0.0720342990741712,0.51901735976607,0.0560510222003788,-0.0251409608740038,-0.0198484260923603,-0.0427605211973467,0.0168955958296291,0.00381456243785935
"unpersuadable",0.0310876770583407,0.242914666730056,0.32293024212664,0.200198579742498,-0.148663674822977,-0.0224547668583067,-0.043727714040061,0.0448317937140118
"unpersuasive",-0.0247339935994213,0.240231356951693,-0.0308713305636574,0.0659130127201896,-0.162615246709464,0.0552036523088819,-0.0215646579486655,0.0755739069589104
"unphilanthropic",0.0311860844818068,0.176894685140945,0.022920096477284,0.0300981843224904,0.0530223015427949,-0.0734918396060986,-0.00952911214009648,0.0249814768620913
"unphilosophical",-0.0562432861917316,0.138781791609585,0.135594060505987,-0.0398267986859818,0.0848209663215628,-0.0591577377857675,-0.138669115237535,0.559116684994718
"unpitying",-0.0105581545642032,0.0929499962906544,0.172989131316519,0.00125481264953736,0.0647718685393057,-0.0743105545418435,0.00766413832015653,0.02529030189096
"unpleasable",-0.255304774771753,-0.0489162970991931,0.27536046828569,-0.168354709878602,-0.103659503796973,-0.0701978039832046,-0.338381780496943,0.128424087781785
"unpliable",0.033166428515618,0.0404908950278651,0.26133310410085,0.357665312874982,-0.0389820930097222,-0.0299909840048474,-0.0636125624845691,-0.0568362277968286
"unpoised",0.0914976223261839,0.216367107390343,-0.0477842696843458,-0.0310383292220347,-0.0239917546397927,0.091732224044047,0.0280832917092425,0.0370869180865868
"unpolished",0.271829000008923,0.268745776469143,-0.00397103461715205,-0.094695676421997,-0.182327020604789,0.0926037430637827,0.190291180801885,0.0857012556075659
"unpolite",0.0114949522016354,0.160726333584897,0.242328142429132,-0.0723926321689023,-0.0289425552473779,-0.000737433974811881,0.0169716038803843,0.0748971683417131
"unpolitical",0.0566671483868936,0.206771587203437,-0.147922652803796,0.0430031236159514,0.120061133488692,-0.0325886294191227,-0.186192560665535,0.375947314180864
"unpreaching",0.114394044173998,0.319471807959554,0.0113821607753441,-0.111506832378127,-0.102507103411059,-0.028602314644291,-0.252280298456408,0.237472340699769
"unpresuming",0.155699557537408,0.167583000686897,-0.186955499339608,0.0927390732055467,-0.45120812488383,0.0589665166450021,0.0565314286810471,0.0165342560137985
"unpretending",0.159863627027928,0.0871578922950085,-0.0372359978935571,0.00631096898458077,-0.377624438358124,0.0363256407495775,0.0908574404267295,-0.00400210764302098
"unpretentious",0.117381001124864,0.0655075185482573,-0.00945725935937904,0.0146968300772211,-0.229317951051924,0.0290451555773525,0.0627774022119274,0.0222277202659771
"unproductive",0.431150895691832,-0.0274236022957822,-0.0246141417599261,0.0192499489870076,-0.110580744231788,-0.108378377424809,-0.0555350602647978,0.0264320822492325
"unprogressive",0.0781554516464998,0.00843989535748263,0.0866331380796625,0.469793356535237,0.0132215516328389,-0.00812397829540955,0.00088792012364265,0.0227426687799521
"unprovincial",0.0700112939326354,-0.065860140436557,0.0411846024405145,-0.147644547717811,0.0885100832613738,-0.0869457549184745,-0.182024818685679,-0.150923449991
"unpunctual",0.658472635850715,0.0101361446498069,0.0254237477950896,-0.0771220274858065,-0.127122373311283,-0.0789060558611773,-0.0689455294452277,-0.0336901685606989
"unpurposed",0.0115593331423674,0.0145039355027906,-0.0220950153268164,0.0294298992401273,0.00642744700032223,-0.0277166698870085,0.0123604025982816,0.0145766253716109
"unquestioning",-0.0204653948139608,0.0243615197719736,-0.0457160173498697,0.275624475429396,-0.0663240340427308,0.0479326822611311,0.0810178389954806,0.269710948585012
"unrealistic",0.146437150838898,-0.00667532010698493,-0.0379974756395704,-0.0327511713574425,-0.0142482228264414,0.0906551884771642,0.0833973087993909,-0.00673410852579657
"unreasonable",-0.0162750727297088,-0.0409177492041778,0.289766460365559,-0.0136168870282872,0.0259103166145174,-0.0173938406857205,-0.0446224905739607,0.045560709425969
"unreasoning",0.0395092395652602,0.0272187943742033,0.0120449773405968,0.0265226609766243,0.0254347102751799,0.00566860302347578,0.0462607996225369,0.015374254517765
"unreceptive",-0.027502769697581,0.25691303122039,0.202298147416053,0.199982170619037,0.012970647550734,0.0708751005803415,-0.134544690481143,0.103622596226489
"unrefined",0.0725458944946426,0.0932396904908774,0.000169681226936379,-0.00801660284266663,-0.0563213529824366,0.0323561472479617,0.124265436871491,0.0632842255619918
"unreined",0.462644488165778,-0.019736940608615,0.184736222831942,-0.176092604424857,0.0309167077824942,0.134690430143589,0.0751672129785589,-0.100091311249661
"unrelaxing",-0.301548314717523,-0.00716290288598418,0.0573196980896825,-0.221649058820932,0.061616952519765,-0.155296948923364,0.0539824604494087,-0.0625291883160068
"unrelenting",-0.288572620840889,0.0620213382552063,0.206921610163425,-0.200424626118796,0.0196039426412972,-0.0615959111069384,0.118520459046145,-0.000338695374231718
"unreligious",0.0325290872405211,0.0289348757885064,-0.0194746880084178,0.00249192506108687,0.00993524816945924,-0.0226190353230651,-0.0212161978476169,0.00374597352742503
"unrepressible",0.154846353253496,-0.333152174601663,0.00873878979691706,-0.33609778151687,0.175217271278355,0.0571330513588145,0.057732021032299,0.00409412237226833
"unreproachful",0.0764701986912862,0.0792030649992803,-0.239881920516082,0.136672411340012,0.0777740328001912,-0.0633580780720357,0.0993312114793835,-0.0380122765686775
"unreserved",0.233776689922728,-0.401218172322075,0.0505274196325445,-0.197064536335045,0.166650486057146,0.00320698612689287,0.179419013387435,-0.0203584087439675
"unrespectful",-0.0221814303232713,0.0216768710807564,0.0191751170907177,0.0167205648452203,0.0105972452020999,-0.00563883397528396,-0.00371537181892132,0.0200674237654225
"unresponsive",0.0601303178804385,0.2481809005556,-0.0349501791303338,-0.0192814054077646,0.0332471366865617,-0.041500561524121,0.013437862798324,0.00544781470071037
"unresting",-0.128231609358287,0.0972342157456354,0.10924698178102,-0.313280430970515,0.0355462978368233,-0.0164853951365019,0.110775279500432,-0.013662390083312
"unrestrainable",0.250204463037243,-0.123401712510102,0.124044569696433,-0.345192395373581,0.235894372782895,0.0654639714238713,0.0348639002250608,0.0187250671353406
"unrevealing",-0.0134378124627689,0.425425871987802,-0.0243435909251604,0.13818694477212,-0.0568089753400139,-0.0622906017583982,0.0563740200886051,0.129891332653398
"unrevengeful",0.0601530274315182,0.0298168392498542,-0.101015025426583,0.00868178483780001,-0.0231009496061308,-0.0527448506619114,-0.0321515773594797,-0.000278643475803894
"unromantic",-0.00737953428199431,0.357752319385972,-0.00183817281484116,0.0927537679264986,0.0633697761389323,-0.299991017277263,0.137385094503783,-0.0838130690550134
"unrude",0.0415629979741893,-0.00560654230159346,-0.187031565235348,0.0700751251936733,0.0110793305167974,-0.0303698428593376,-0.00140951475202779,0.000938996267798305
"unsaintly",0.108260950805491,0.0340228500896699,0.165191156616824,-0.0244974105487419,0.0994312904314009,-0.0127138606828391,0.0705912700959385,-0.0789636965522766
"unsatisfiable",-0.0980199509853472,-0.0332056158437285,0.119020660991519,-0.296409285447995,0.0299035183292626,-0.084865446453754,-0.0451599016092458,-0.115291225776605
"unscholarly",0.0303924201971752,-0.00686159178887709,0.170773542798644,0.106252187025646,0.106405306387428,0.243807711580786,-0.0457512523639815,0.529295852720778
"unschooled",0.0222790832910228,0.037577557337841,-0.00825220018352082,0.0394157097426009,-0.00529572244894403,0.057344521576876,0.0363476429043073,0.0828833917219633
"unscornful",0.0764958424227235,0.0290857775828836,-0.177067204380212,0.0495177295328383,-0.00540393859947028,-0.0550454198335143,0.0705660618357556,-0.0154999980132897
"unsearching",0.0940854255307289,0.00744554608878684,-0.0138864066868635,0.187288948254982,-0.0158118008543595,0.0289768784929226,0.0428594293425629,0.0564123761444689
"unselfconscious",0.233718495210273,-0.129890468909865,-0.114731052643425,-0.143608113376299,-0.0044992354508473,0.134313568720009,0.0618812697222149,0.00388391159105591
"unsentimental",0.173517943643336,0.348352764431467,0.288171170869145,-0.00122658912694888,0.246946570883752,-0.578328760075217,0.0414153157668425,-0.00907918861610549
"unsevere",0.0762675033522358,0.112646086487281,-0.111096136450304,0.0348603320635441,0.0663914061954074,-0.0142505063549102,-0.0667404301918197,-0.0280548563136848
"unshakable",-0.117968078358998,0.0233004990829489,0.116750209383877,0.103419008404282,0.00793455663056754,-0.131899617522291,0.141313326650286,-0.0562851600079531
"unshrinking",0.0407805590690826,-0.11465218856448,0.205581122481531,-0.207186210951688,-0.0598403095082657,-0.18589638270905,0.176354605610741,-0.0291865115678339
"unshy",0.124548679749275,-0.407447886742089,0.128831023881331,-0.0885200113380313,0.0529989344182209,-0.134447541896645,0.011909176530191,0.0065769026237145
"unskeptical",0.117861682495911,-0.0848931623810872,-0.0201343801358551,0.257185104427322,0.104654996252821,0.245989317608483,-0.0253406037871195,0.299344989414975
"unsly",0.0437187094249752,0.0183626737109662,0.0184331720955522,0.0792192959490005,-0.0939855927909515,0.0110100830989515,0.0364364213409259,0.0107512320995664
"unsmiling",-0.0282409532585049,0.27578294954132,0.186737328725929,0.10426030795634,-0.11317779787181,-0.0169343215427563,0.0511034079692451,-0.026997348882633
"unsocial",-0.013984549923138,0.516910190625098,0.0139334458221744,-0.0565962280515606,-0.0660628196764319,-0.00167460456662232,-0.0077378563051482,-0.0115807583663547
"unsolemn",0.165358599275861,0.0861238339707138,0.00741113364161283,-0.209907955688924,0.143618249915214,-0.0411189163440589,-0.0810715870552008,0.128530058986695
"unsolicitous",0.156619236360105,0.502373686675224,0.123768237963237,-0.0107607856900182,0.00980473067356204,-0.123148152444419,-0.0679781230310883,0.0902337292735406
"unsparkling",-0.0333713218679557,0.292743575281518,0.00205839414068319,0.314232906972786,-0.0394167814907406,-0.0635897665941826,0.0959886161172524,-0.056862220019914
"unspeaking",-0.0537023707899692,0.509204219920557,-0.11657426053584,-0.00397196110120355,-0.059363302107883,-0.00676249635002479,0.0295368957449705,0.0874068594818214
"unspiritual",0.0170165745057439,0.265597444019002,-0.0162295970382334,0.0542359019041027,0.0247743244957204,-0.179359988862488,-0.0172256223324773,-0.0278064236932146
"unspontaneous",-0.238118241242044,0.170700385578967,-0.126344761041556,0.397255068918243,-0.241718046982764,-0.291793150892346,-0.0474073362126898,-0.0965404093981051
"unsportsmanlike",-0.0421031863506081,0.0141949674891776,-0.028087044529422,0.0260466812804783,0.08375846823399,-0.0407294926141967,0.00659446835628322,-0.00386229930621212
"unsteadfast",0.543505632083648,-0.0281619799168008,-0.0306133712452423,0.0116032084037087,-0.0835867562844077,-0.0496276490540469,-0.139771090617854,0.0333664170432336
"unstirrable",-0.00635212883592273,0.353676112890575,0.0838675770657807,0.424051085021876,-0.0816259774158481,-0.0907745876134076,-0.000161773524939779,0.0546574365619217
"unstormy",0.0595674908484639,0.0474194453285944,-0.0866408712998869,0.139083920011305,-0.106568713905564,-0.128266620527341,-0.114035162100195,0.0895173853852975
"unstudious",0.371161128647365,-0.0174077716243438,0.110586279507307,0.0525576783517368,0.0744696568848929,0.0109913200712211,0.0229185370955819,0.28873263271573
"unsubduable",0.0153061654733637,-0.0276879858983388,0.0392025869418475,-0.146398372829406,-0.00621687483590348,-0.0692745564724582,0.127355192971632,-0.0208737459154813
"unsubmissive",0.110170644915715,0.0867398612925919,0.234161292489764,-0.0128954888497822,0.209483971387854,0.0495318524837004,-0.0638579948600383,-0.243266583925924
"unsunny",-0.0143984755672759,0.433208229308696,0.129468764941366,0.130402820603488,-0.163553343761574,0.132361815715082,0.0254886013310446,-0.0602983799016463
"unsure",0.143669269667735,0.0943308247460477,-0.226540947021233,-0.0195335622562398,-0.222124894639984,0.164631056791959,-0.0505718557741603,0.0587168947232114
"unsuspicious",0.0397680801036151,0.0708810094186813,-0.157352543459382,0.0779386050960741,0.00913916869303873,-0.0228549066761711,-0.132201187799208,0.255872517776752
"unswayable",-0.185628023786329,0.118379869152364,0.171727913669183,0.080943054397257,-0.14391969352644,-0.0485579436425863,0.101725674156952,0.00659590221422262
"unswerving",-0.409736867323173,0.0717785604974911,0.121642689811322,0.0387610856582037,0.0550952757531309,0.0487733351255965,0.107832209646669,0.0198069854224078
"untamable",0.2320313023585,-0.0190672608692201,0.225367437009367,-0.369343098815352,0.0939369531214013,0.161538376957636,0.0225005084767222,-0.0384134213690758
"untasteful",0.00660211606614608,0.0562394640902282,0.00529798321906406,0.0361075049625354,0.0032674979685708,-0.0221914458442274,0.0379113415914284,0.0153467167015764
"untaught",0.060994513975786,0.0238249481328654,-0.0287452059097473,0.0400097770290392,-0.0089834963690209,0.0154326919565994,0.04173394476022,0.0524543070381146
"unteachable",0.0104542806484654,0.0110206923937416,0.0371016338127302,0.124881914875704,0.0227766407090693,-0.00340790292093055,-0.0137041968649796,0.0131856622865041
"untemptable",-0.0675930810623991,0.0673975735362133,-0.084552707463527,0.119988042460668,-0.192144877408481,-0.124016610412794,0.0913922767800909,-0.0649747554214824
"untender",-0.0431947938746308,0.276283923910834,0.327366205068642,-0.0245276496262566,0.00659040826804947,-0.118416041273877,-0.00862580029870218,0.0930171328117091
"untheatrical",0.0210608672353393,0.225059382354181,-0.0591464392075126,0.075536691274438,-0.503959532959314,-0.272305795615764,0.204967991825694,-0.0480533339609183
"unthinking",0.0600938003968403,0.027428878172374,-0.0122858664729596,0.0254228990904629,0.0281133104704437,-0.0168296715554043,0.0633732476994055,0.0302941112958739
"unthorough",0.614159731609643,-0.0262528533311069,-0.0205456644135408,0.020221646776681,-0.021581988059537,-0.209765062535362,0.0522102448062386,0.0367183003053087
"unthrifty",0.361060037713073,0.0335531864671866,0.0499511852536525,-0.022520398925679,-0.0669161796458352,0.0464806590329441,0.0330288476202607,-0.0283055211764238
"untidy",0.534970961154635,0.116435176601952,-0.0550599992233905,-0.0973234234364571,-0.160482939464601,0.0256586972278256,0.0936148240952043,-0.065766579802172
"untiring",-0.246224597095052,0.0852384171389477,-0.00309158195330088,-0.00141904196170115,0.0297001457669347,0.0248923006992849,0.107034028090336,0.0467383079114691
"untrained",0.0467358448649059,0.007926914801247,-0.0979062782018794,0.00417366411244253,-0.0125028942974988,0.0241477723716067,0.0427872206011787,0.0263261956156496
"untransparent",0.0699294462738505,0.309685035063746,-0.0188473334366168,0.0109260943070805,0.0629885966457909,0.0404048080451939,-0.0382702053564496,0.0564195824606231
"untrustful",-0.0134312304453147,0.02400811260463,0.0205587328618453,-0.000300549764718311,-0.00194731464583938,-0.0238877924224944,0.0351845079142232,-0.0562235215709181
"untutored",0.0438542276077146,0.0252004236270787,-0.0183392789388012,0.0338468468366959,-0.0120381468738443,0.00174780011363127,0.0523592791275623,0.0656809197047316
"unvacillating",-0.39614545118866,0.11302122264214,0.18815585344561,0.0577708874762985,0.0715388014341711,-0.0206637427401011,0.101391482909136,0.0500931027325712
"unvain",0.120420260158187,0.0635254169522676,0.0298287492107204,0.0460155101691188,-0.305032439061994,-0.0535910068180512,0.126829090767866,-0.0341834281167177
"unvaliant",-0.00665653311105784,0.0560643420862206,-0.0291223876142579,0.115541509519225,0.0469786968703511,0.0111657726756599,-0.00644764834774006,-0.00491787944638513
"unvarying",-0.0588437741688608,0.123602589910862,0.0863449094384713,0.502505879934857,-0.0710771760543352,-0.171430010663511,0.172636461218944,0.0560679966697127
"unventurous",-0.0490356975026466,0.101717404875835,-0.131288935930498,0.447781423986015,0.0563891967459203,0.00920233062691015,0.0254372330857261,-0.0703273723313649
"unversed",0.0442884170180195,0.0437142977674885,-0.0581700404579678,0.0747920337781021,-0.0518345566834784,0.0506900989461962,0.124618737433504,0.134155838608614
"unvigilant",0.572337544403345,0.0141866466678002,-0.0435572084274737,-0.012704084886381,-0.0300650647715653,-0.119014590514348,0.0496993239532105,-0.0241393989358909
"unvigorous",0.0772057442516052,0.0680744338599647,-0.0484192944237332,0.249520652525109,0.0398140735862553,0.0215765587127156,-0.0222565273518723,-0.0846830058445037
"unvindictive",0.0739797158201385,0.0334491415846918,-0.137879118749703,0.0124292179675416,-0.040778113760736,-0.0552345436772152,0.0157497042379065,0.0084251241875253
"unvisioned",0.0476743787931282,0.0178964525103598,-0.00402001696905582,0.202566598104178,0.00656653286389851,0.018126602417802,0.0629762062106687,0.000627729210087974
"unvocal",-0.0687401019473091,0.595871344642544,-0.0399085476865384,0.113214236249599,-0.120816668312109,-0.0532094817396873,-0.0598492155988546,0.193847587486825
"unvoluptuous",0.0495848886974306,0.0937363758900474,-0.0346968894092704,0.0899172343192928,-0.0137162958135189,-0.0793712952934638,0.0708879181128809,-0.0158453761060751
"unwarlike",0.0250569323653335,0.012764743815017,-0.147288717933879,-0.0697812427795006,0.00433638443332084,0.0520806016477388,-0.219010395344572,-0.0864278513029163
"unwary",0.236331582742475,0.0437387657638695,-0.0282107895682349,0.0133200110148002,0.0849707299931476,0.0197982719229488,0.0845838822147958,-0.00655979927933366
"unwasteful",-0.289517954817379,0.0235479844717676,-0.0174862189036049,0.0510734811539235,0.027217470652902,-0.00996479818737088,-0.00722638445611953,0.0514278404531366
"unwatchful",0.33891529040139,0.0191249982896371,-0.0428099101163047,-0.0103457904461741,-0.0135470994018361,-0.129974907580094,0.0183906884361676,-0.000908208396988826
"unwavering",-0.276950921131119,0.0583979984484844,0.085707586614057,0.0293571375894077,0.0155675109908692,-0.0324827891569548,0.135963788248537,0.00501890939758495
"unwild",-0.123868698433683,0.142382993981675,-0.199596870011118,0.292417264188765,0.293123330204041,-0.232987432080021,-0.0882460873686091,-0.00399629732251606
"unwillful",0.160710068422122,0.0143287930409509,0.0129052441949581,0.253036056757478,0.0155530183603381,-0.0536906863819868,-0.132833716513917,0.0141297700572768
"unwily",0.182519869892648,0.0294954184737288,-0.0952668160889498,0.218473189142426,-0.0457448564493469,0.23238162862591,0.0633063617792975,-0.0134930042860828
"unwise",0.199353923755263,0.0117221127645261,-0.0117592522960638,-0.041560202972748,-0.00256273831821756,0.0792913915278331,0.0714417460673672,0.0212220814725941
"unwitty",-0.0738477584777085,0.0847961791254814,0.0200608513651688,0.116357519259116,-0.125391966854746,0.0179261234916635,0.115799008731174,0.0917099277695124
"unworldly",0.097917021342782,0.116451813844092,-0.0943161810437794,0.0512718583656008,-0.0872326762178353,0.192461857426007,0.0308977607461908,-0.0026049382921073
"unyielding",-0.202387593191591,0.054927765191465,0.388628000263397,0.0455435143175813,0.0574858284090228,-0.192856305361974,0.138558212445255,0.00705552561196591
"unzealous",0.143926005248097,0.108347594755456,-0.05390268461551,0.251844986972374,0.0433217131961535,-0.037891387554331,-0.0986495678590407,-0.00756849037485423
"urbane",-0.0242475620827768,-0.323599137741801,0.0851274669503913,-0.0486429363794026,0.33194497068705,-0.110212548262379,-0.338707594338034,-0.188402416819258
"valiant",-0.0272968208330068,-0.223380209715053,0.0957418247721247,0.0145818736427857,-0.101301808406994,0.00721132809943453,0.36680408309487,-0.0188728948597832
"valorous",0.0172020144865808,-0.22062790333065,0.0890318417179636,-0.0142823207663546,-0.123418270052634,-0.0732102458399292,0.36604350623053,-0.0511102814787311
"variable",0.23473291348949,0.160947482679209,-0.126631333622275,-0.487720029308759,0.0662103354199858,0.01411168488239,-0.0381416352215506,-0.109426141112914
"vengeful",-0.0133865398502367,0.0171567930255793,-0.0207310546373663,0.027356099933636,0.0139615240166234,-0.0154207285618368,0.010550358481747,0.00792636043093808
"venturesome",0.166567277265236,-0.129330804908828,0.201660634376453,-0.472623399827156,0.0712508545487552,-0.0992077808613456,0.0124178286348189,0.0874414346708703
"venturous",0.149909207199911,-0.153318676740105,0.183534879117017,-0.433210812241538,0.0220674572479325,-0.0630738291552741,0.0277447683108045,0.133208113039045
"verbose",0.071650774731252,-0.139097863934699,-0.00431660199113702,0.0160395371277281,0.0812382842127847,-0.00234051509544495,0.0304046778156356,-0.241061529175698
"vibrant",0.0802997025035764,-0.366222326541409,-0.0882639379270646,-0.267230538472914,0.142759827784858,0.173367814560205,-0.127628559290637,0.129627050653681
"vigorless",0.0248814973233599,0.116203731325391,-0.0505633710621724,0.194828773817854,0.0499218125083499,0.0556984617152998,-0.0183178716938981,-0.0507677908145544
"virile",0.227589924676391,0.137687781288661,0.43505718868486,0.187827149837352,-0.0488579444889494,-0.220920677880163,0.222614006127818,0.0900891617917628
"visionary",0.0611282304732308,0.00427190218407063,0.0459403583422757,-0.335094923533218,0.0391414594613759,-0.0909802798413586,-0.21673909562851,-0.0226652096892203
"vivid",0.115437355137927,-0.28108047561867,-0.0176058949302881,-0.224102722728603,0.073666184421398,0.142281110140972,-0.214510400528284,0.00320528017542537
"vocal",0.0321078524953002,-0.38238569452898,0.0532966082326679,-0.0793622675185724,0.327924123437961,0.106869631087436,0.173402551403358,-0.196359520107937
"volcanic",0.0177312799737729,0.0156312970716159,0.227542973671958,-0.0634702830828455,0.0732486276381158,0.178856111531998,0.0539358514300878,0.0870638481198148
"voluptuous",-0.0610592417245641,-0.0812145861200562,-0.154959077659543,-0.0716324457988625,0.120441165605936,0.082725037248997,-0.143439501220038,0.0635905513315289
"warlike",-0.010847427390118,0.0344519346801859,0.0177274683030768,0.0734429681646268,-0.00300990558748394,-0.0314291805463732,0.0513790968346754,0.047953429486758
"warm-hearted",0.0246394529960706,-0.162459268653654,-0.118734548631431,0.036634692324942,-0.0580897442703767,0.116790360746078,0.0201237771501876,0.0267374630512239
"warmthless",-0.0260491967769903,0.465098853017832,0.0271665857432141,0.0211349790088993,0.0371268079977236,-0.106852575409243,0.0483349057674585,-0.0407431812062643
"weak-hearted",-0.0300550325739861,0.0442561890410473,-0.0549406638617626,0.0627908880891744,0.0184431390831695,0.0707031596317522,-0.0123527700604023,0.0177070317904562
"weak-kneed",-0.0026766237582638,0.0314762862526623,-0.0819888514697382,0.0322314178962003,-0.01867379685166,0.11837507119746,0.000110632482412176,0.0132064248160945
"weak-spirited",-0.00239072033766792,0.0372367690740477,-0.0286925311442193,0.0336375715710211,0.00827728441807522,0.0168029144949409,-0.00175107984724015,0.00898128177633011
"weepy",-0.117290514892552,0.0157173508183256,-0.160713600390372,-0.0112646217742406,-0.035107484662275,0.327120049778151,0.0281344634647143,0.0378306408200359
"well-mannered",-0.00462225787543135,-0.0943053241678889,-0.108000131007011,0.113684909824952,0.00859305449078893,-0.033218346987119,-0.0120569543332563,-0.0270403603585131
"well-read",-0.0357063997631071,-0.0351695617714958,-0.102172038823849,0.0962862616310884,-0.00607356421439548,-0.00517585845047337,0.00905522173102496,-0.396042314574322
"well-spoken",0.0225936895022019,-0.188706909305166,-0.0561371233501586,0.0628571742513757,0.136850067571241,-0.0595226054430558,-0.00546035562774128,-0.212307078283168
"whimsical",0.221993065180683,-0.152094533219632,-0.123450424393054,-0.227505376949454,-0.0189604526314759,0.272930344670977,-0.393624595624129,0.18377405702924
"whiny",-0.0444348004305522,0.0134459859654227,-0.0242568168869618,-0.0103630032380584,-0.00798458542985797,0.08560390569529,0.00608523890706354,0.0145542150271002
"wide-awake",-0.0364338223496765,0.0213478537931308,0.0203457639791406,-0.0615384610117983,0.0761756075185232,-0.0576456061135722,0.0550375079576153,0.0184142367029194
"wild",0.297173327088733,-0.0587729445726976,0.129552410398047,-0.28444306438516,0.0516972459208528,0.157786705820084,0.0161793745772738,0.070229391594391
"willful",-0.00771533059098185,0.0476279837697129,0.196711510242168,-0.292348536107346,0.0185681088920729,-0.0582292037847766,0.0487187596999216,0.0542951113312526
"wily",0.0357881384167529,0.0294304168191965,0.0713055226259208,-0.106791829781716,0.352681614364433,-0.155659778973865,0.0459297767876011,-0.177716275269335
"wishful",0.127072381972876,-0.155578808109064,-0.238934518312702,-0.19863573512509,-0.0781184387058119,0.250587036046083,-0.0789318763409544,0.00309949203185209
"withdrawing",-0.041600996998407,0.510169715013575,-0.136183077699738,0.0828835602646002,-0.0171742243103149,0.114697134508867,-0.0290060000957788,-0.01329588360688
"witless",-0.0117861456910733,0.0177609977971339,-0.0203605941146066,0.0291911070235443,0.0145018748798522,-0.0163859497112553,0.00675024909057441,0.0101001258239225
"womanly",-0.36481789963158,-0.339010905666174,-0.58174133739102,-0.185166665364952,0.0904516332005487,0.281633978913899,-0.237827773507199,-0.0234470581947478
"world-weary",0.0752935006702454,0.0580325435976627,0.197813430025691,0.229126829578107,-0.177963614150196,0.253303861672601,0.0946536535820475,-0.201229911498987
"worldly-minded",0.05715865184503,-0.296668526450097,0.209906393318301,-0.0753170629894239,0.17566957424296,-0.121386490465935,-0.228802825947183,-0.175592939247931
"worldly-wise",-0.0616774177931137,-0.265346771802717,0.128756154892146,0.0930314482593749,0.0892697716665697,-0.120435448331458,-0.0809901051113341,-0.0958589842803528
"worriless",0.0996697163186735,0.106908681485168,-0.0442988688797813,0.053751980405829,0.140522690097212,-0.124673075481041,0.107935182455029,0.171714849286614
"worrying",-0.154709017519977,-0.156870960920568,-0.268940089170451,-0.0160855676750371,-0.244740560554041,0.291079716422168,-0.061797705712016,-0.104275593046252
"worshipful",-0.0132041387244122,-0.135023865389273,-0.065134183411822,0.0450606335158608,-0.0197594810860182,0.103809498743052,0.00785459738857731,0.00330183910060206
"zany",0.283737709999596,-0.0914651540864996,-0.0673925491264247,-0.170487438095205,0.0602149174365341,0.114416738241161,-0.118314962734221,0.143953566820095
"zealless",0.031158067834207,0.0995338069359051,-0.0416006689735333,0.132862407791761,0.0418831717730473,0.0191415014137253,-0.0134349018674577,-0.0168875849997103
"zestful",0.0423869000449645,-0.356284049686955,0.025883544562006,-0.198439654259498,0.0546365490323729,0.0615849100395822,-0.0175866845840388,0.0766916954066914
