"","RC2","RC3","RC1","RC4","RC6","RC5","RC10","RC8","RC7","RC9"
"active",-0.0533835345931969,-0.0721250909803145,-0.0595042843881554,-0.0865024657889906,-0.304525638440393,0.092829200083612,-0.031779253585256,0.0349859109383509,-0.00758202075457776,0.032145821040733
"agreeable",0.00645701379890275,-0.39480903914186,-0.324731314462539,0.0179695567855652,0.100436327417584,0.0745825006725209,-0.0568983168647374,-0.0104339744499059,-0.0111085732405476,-0.0686556529397675
"anxious",-0.151987278596759,-0.0350337716824727,-0.00371277372341603,0.00803618908665832,0.0254798279128149,-0.0746418075514301,-0.0421408582307969,0.00626706360967332,-0.367322392833257,0.0644481460673774
"artistic",-0.0781780752033318,0.108657641740246,0.0981864376807021,0.19902173374608,0.0242318848393131,0.105758500559029,0.1218295334337,-0.246515427071323,-0.291387729965354,-0.280050295793911
"assertive",0.00822463906978753,0.190584229743826,-0.189542713378268,-0.123342959437589,-0.325010819164478,-0.0118544613078878,-0.0653454951466768,0.0940488954788867,0.116502325009187,-0.0257870657387586
"bashful",-0.0439255653843437,-0.235551297731473,0.430887440102216,-0.0132178078636193,0.10672853135246,0.0478219354222573,0.0823275673779604,0.00944350468775987,-0.0878291337478061,0.00268143912040918
"bold",0.0403032731361344,0.074082309099112,-0.109243281799155,0.0812388464612047,-0.456114624831978,-0.0218312737192361,-0.102363386366943,-0.00595850777629021,0.0898040914760559,-0.032973652484631
"bright",-0.038763515319488,-0.0607245936410242,-0.00716705670852471,0.0507039705143172,-0.0391106347253807,-0.149382826523671,0.0216919891675335,0.113211058198143,0.0135893790782006,-0.0595872530835574
"careful",0.0284204454497065,-0.0559194899860392,0.0822020979966262,-0.423386620606459,0.133902274798546,0.0435587354837055,0.0800648167183647,-0.0189879392301781,-0.0527408666042847,-0.0211455557249502
"careless",-0.117342659366995,-0.0196714460594366,-0.0541591576195957,0.493147386130317,0.0361188021775963,-0.0527415469047814,-0.136191069135557,0.0672627405752329,0.0112063281154275,0.00450387930711394
"cold",0.107769617559257,0.27272501332964,0.483547807297551,-0.0222916664791078,-0.00730560060268106,-0.100382078891206,0.104646458243375,0.0642603412525848,0.115600530230157,-0.0337887912013727
"complex",0.0926809427851727,0.0503686315471879,0.102159367518563,0.0819696710218376,-0.0432265291568852,-0.246971808659438,0.00368256250508853,-0.018109573829938,-0.0661555130202256,-0.0530917502151367
"conscientious",-0.110289266275805,-0.0601880020903481,0.057036977916967,-0.500563958386467,0.028291706104143,0.0963677088497168,0.124882743592342,0.0176787066094274,-0.0800541514617548,0.0349151247733093
"considerate",-0.109572740857483,-0.330758230420395,-0.16391611546015,-0.0248400088944566,0.0618116270741033,0.0397388293662597,-0.0398065385836132,-0.0783238629137937,-0.0699611231924004,0.039998516821555
"cooperative",-0.0499079409498085,-0.37708782287947,-0.252677957567887,-0.00830199806781941,0.0217579772130812,-0.0868461850395795,-0.07699371261268,0.0952009647830596,0.0106934633490803,0.0871167762677632
"creative",-0.0591791668676857,0.0010219561968361,0.082246513857535,0.120119557786062,-0.014344137132892,-0.0148548320203,0.0298582573182061,-0.0173676853011864,-0.104734696322544,-0.133217498256103
"daring",0.068358223877015,-0.00646567554653352,0.0898676647368755,0.218856131571206,-0.602750091213745,0.0645623191117441,-0.0445019976255488,-0.00820103227384373,0.0842083454483817,-0.00110994664979932
"deep",0.0426094119442017,-0.00214497380105504,0.0846703231080269,0.0730810533969207,0.00858809882176919,-0.167624485024561,-0.0019244391187724,-0.101740424586609,-0.0408524681594078,-0.00581214743783046
"demanding",-0.130052211623341,0.328450768159874,-0.0394941028965369,-0.320489533435112,-0.313771933632909,-0.0839888154779944,-0.0565277879977797,0.105445855240568,-0.0323848205283913,-0.146496494307589
"disorganized",-0.155850147400135,-0.015781309034657,-0.0123288690166334,0.471928391069376,0.0268441890896918,-0.100136437738405,-0.0521765417277084,-0.00734102668196986,0.0209082723880108,-0.0113388840958241
"distrustful",0.599481010216824,0.139210367036795,0.208180026786191,-0.0778855935956067,0.0615112582607296,0.126960257802739,-0.0466064574640684,-0.0703827119269743,-0.121956376364802,0.0441782138223985
"efficient",0.0846851813044325,-0.0419309588133146,0.0464861917400023,-0.377850527977155,-0.0255379331950887,0.0782703701409497,0.0348374619213388,0.159228806854057,-0.0423571018523203,0.0251100067404874
"emotional",0.0103005909848626,-0.0580617559832954,-0.197604875328227,0.15009057127156,-0.0440136436372786,0.0171352937321272,0.280490584855583,-0.225988374598556,-0.157269389787469,0.0668735008673258
"energetic",-0.0548708132876688,-0.0464490022023835,-0.14101038398625,-0.101707223703319,-0.347854062486251,0.17627546393672,0.0139793378298375,0.0118612366105345,-0.0808310451720058,-0.0119752469536559
"envious",0.13756576828758,-0.022192128392718,-0.044412701121499,0.0209196391341513,0.0422847172740587,0.0331919061897853,0.0568500382279881,0.102935469760761,-0.050838355566638,-0.0161756135756592
"fearful",-0.0664044669117292,-0.0740319320975206,0.0014180608576003,0.0135660286665592,0.0730057539718854,0.00245821753889674,0.0461689039151721,0.0193645382860818,-0.0903368315229469,0.0236111416905316
"fretful",-0.273537648783975,0.21347344263192,-0.0976216534148313,-0.0780349202901126,0.0844808265500689,-0.0516935126919626,-0.00823712752153408,0.00650671745259032,-0.480200550366149,0.000346312965425743
"generous",-0.163510554760205,-0.102502223338153,-0.18214029622619,0.0211128847520052,-0.0100007680877151,-0.0108612437909452,-0.0390112869799383,-0.100915647401436,-0.0239651140239658,0.00356887007243772
"haphazard",-0.143960801959264,-0.00226919376030721,-0.0188976112702674,0.488008176029092,0.0245287318336184,-0.0913471214766725,-0.0812536989568307,0.0493955430864896,0.0551804103555226,0.0158029250775771
"harsh",-0.155651651163301,0.661166926269014,-0.0404834470428505,-0.0897065894718359,-0.145094207445793,-0.0687681525860309,-0.00378133945009859,0.0301504175137717,-0.0295822533870266,0.010628625949824
"helpful",-0.0207778545630069,-0.132653378383978,-0.164720764550519,-0.0645461849431704,0.0323002386739463,-0.000991077585070765,-0.00555639677200935,-0.000817836062075135,-0.0145450565616401,0.0650964470783378
"high-strung",-0.212410756855575,0.26491625610722,-0.0867614830494809,-0.149366323528548,-0.193714567149117,-0.0544331479743484,0.00818935452285973,0.080606135971521,-0.31275424801356,-0.0361076407874821
"imaginative",-0.00139198004712319,-0.00620910568002757,0.0915283064141605,0.170840907183792,-0.0530870373071754,-0.0979911249704754,0.0709541864932694,-0.0300649121271757,-0.139964535804039,-0.104804638166696
"impractical",-0.121962069158837,0.0170630136564286,-0.0233051696493439,0.273552732729044,0.0826033165953237,-0.0221618073649642,0.0118640572179116,-0.0671668838617273,-0.0510330799121838,-0.0322338963355708
"inconsistent",-0.0392838614291668,-0.0130887102861565,-0.0657805653369074,0.491555721718204,0.0505331800409627,-0.0975209709779058,-0.140397960691491,-0.0218802978008936,-0.0415856700538605,-0.0419962286757243
"inefficient",-0.17090465186489,0.0228225433590004,-0.040847707972971,0.373235930317153,0.0691877597885362,-0.0643787576905185,-0.033167403273719,-0.0117912498107972,0.0411589421931265,-0.0495404504937397
"inhibited",-0.0533499237124404,-0.174704029798412,0.499964508135661,-0.0976666459923946,0.19066593265399,0.051313256361655,0.0499466909581675,0.0399855299892761,-0.107805505948838,-0.0442896461325139
"innovative",-0.0519719987683103,-0.0635247542658125,0.195008107432899,0.0640446259521392,-0.325955128876783,-0.197036016878774,-0.00877750108563171,0.053194241140669,-0.0944886775554972,-0.162955159948336
"insecure",-0.0371006185308848,-0.118303605654182,0.132568116992817,0.0158748174625253,0.0604181487743674,-0.0193738412502344,-0.0152120753314538,0.0320961555532521,-0.260598145638391,0.0263813465434498
"intellectual",-0.031962429775003,-0.038722874374637,0.05903772328964,-0.00144231163528049,0.0522341795669921,-0.336359371336543,-0.0304276914770021,0.0714230160149621,0.0279910524552896,-0.0386722143219268
"introspective",0.0542985270465258,-0.0876383349926971,0.225081632468668,0.111516712749952,0.178073730534497,-0.365320479893862,0.0295254604682794,-0.143168026392208,-0.0902945261551021,0.0403037923539183
"introverted",0.0142325851408152,-0.0746612727336907,0.572694615125257,-0.0164273186338727,0.29463564210436,-0.0697664235442373,0.0736185196863892,-0.0754220200870777,-0.0817680781825407,0.0969571720981496
"irritable",-0.194675350718518,0.50256733796017,-0.0101919653290317,0.0153101659085648,-0.113387337666564,0.0263754664973787,-0.00684735362860051,0.00252567332696488,-0.182852608525339,0.0456086698529589
"jealous",0.107549141788599,0.0546173250625151,-0.0510661628147235,-0.0344496237485167,0.00329595062289813,0.0859378485782036,0.0876885268562034,0.024693251543892,-0.0891766677470331,0.00325342402886079
"kind",-0.0742821515191827,-0.1539710766914,-0.114324499466992,0.0194162684545681,0.0653682937181756,0.0338673978556481,0.0304736263428855,-0.0626145938492878,-0.0218606473986485,0.0162161406930803
"moody",0.00351121397980361,0.258484243390325,0.171127998858894,0.0606882374872987,-0.0693512437260591,0.0931233762472823,0.0308782636687291,-0.136183639682577,-0.212397709978687,0.0490590767291396
"negligent",-0.0534282399389291,-0.0390401319766981,0.00239842763907194,0.359193735226892,0.0459452491970918,-0.0938454440008505,-0.159154117863503,-0.000583172481664373,0.0128630240681319,-0.019506463268444
"nervous",-0.095366649628234,-0.097218850766417,0.052365821686727,0.0409580495185759,0.0719297975414086,-0.060018387963705,0.0617778850887929,0.094195870205717,-0.189722142393904,0.0402043429723831
"organized",0.0627225414724836,-0.0346468083388265,0.0150361202681881,-0.461049643865501,0.0311822179490585,0.0784696749486292,0.0682990527552352,0.085958255258886,-0.0236935896905504,-0.0723163803743859
"philosophical",0.0790497225762336,-0.0153942787109205,0.0238116676681584,0.185761718452992,0.109418119703221,-0.386540049535741,-0.0809175954931231,-0.233190983868124,0.0728187274672809,-0.0247063597942739
"pleasant",-0.0276372499312395,-0.143192038669836,-0.160517134559303,0.0329557440786741,0.0650093858956947,0.0551142130782447,-0.00662964497138796,-0.0196287933028539,-0.00760416971203076,-0.0617049233230533
"practical",0.0836311797008331,-0.0553820277655917,-0.0132520390183742,-0.33674770169859,0.0518687096501331,0.101095788266595,-0.0253610313074935,0.0490745520363764,0.039446661484026,0.0877277369124714
"prompt",0.096209081288564,-0.0453784451525789,-0.0561974524004986,-0.415309878646001,-0.0213544374614374,0.0696568397959132,0.0662507397697011,0.10677164068674,-0.0322481539566158,0.0599871706684545
"quiet",0.0072692727211491,-0.148867761790095,0.419330157980052,-0.105753604612599,0.377781942880165,-0.046351113921314,-0.000616444450568563,-0.113914360354515,0.00156260586579021,0.107092600444722
"relaxed",0.21005055451194,-0.30286645451295,-0.0624889017736128,0.306640806056446,0.24842655792326,0.142801296256662,0.029337128335362,-0.149455266341894,0.149136474389843,0.0329556359694243
"reserved",-0.049475172048215,-0.0907032856379372,0.548847312703991,-0.124074137102796,0.340609246592197,-0.123237199205981,-0.0700462726091815,-0.0105996837170783,0.000295352785896973,0.00624464009930145
"rude",-0.0506547994731631,0.496222429536245,0.0581067696497836,0.0977960779967085,-0.045396292675521,-0.0485892189536258,0.115166888626924,-0.00595986759088172,-0.00957232795151454,0.0853391846052485
"self-pitying",-0.0518474953399772,0.00725327064844643,-0.0138433041104418,0.0346463095788967,0.0520778552998961,0.000842805926918185,-0.0157697550499957,-0.0126168207677448,-0.0785608705362967,0.00736417277330584
"selfish",0.509371266195411,0.052559432878979,0.0358389362806111,0.0412660009129695,0.0387455804834891,-0.0087594940256031,0.00680217642258923,0.106671458457159,0.0874946870616194,-0.0625894019462807
"shallow",0.0595753582117711,-0.0188064931812458,-0.0538521505805218,0.0011495348034912,0.0521614169567668,0.044843688800982,0.0225978215028944,0.0645965969912665,0.0114693565447806,-0.0411368299987628
"shy",-0.0476305746162163,-0.238075587868198,0.489629357713261,-0.0166734365748511,0.146155945345317,0.036772671473514,0.101386001633212,0.0278651465544302,-0.0856012263378252,0.0258733720382951
"simple",-0.0344590874886386,-0.118769707750323,-0.0693796639698915,0.0208608242198739,0.16289502569031,0.269743475081588,-0.0283522406441523,-0.0712982651630011,0.0542377026279874,0.163626566672561
"sloppy",-0.111819640094078,-0.00479715869401512,-0.00471884386045012,0.23841544583574,0.0296818123190455,-0.0449138862652237,-0.0414763288049824,0.00884831699645394,0.0270345058087888,-0.0225062919879498
"steady",0.056857119515763,-0.0641589225512197,0.0137383334977459,-0.376464298766728,0.105742376617789,0.118917748142971,0.00496952895189594,-0.0251709466298577,0.0327842821664553,0.0123979073731627
"sympathetic",-0.0849869761948428,-0.351832821438243,-0.234674820425728,0.0431214206523761,0.0787528038892377,-0.00601707884045626,-0.0412931317898198,-0.143581040650096,-0.0365075228627483,0.0191324017732219
"systematic",0.0425994240222514,-0.0481361662131164,0.0514697763451253,-0.45887290260824,0.0680823540540222,0.00280676431256542,0.00202449856062519,0.113659637216029,-0.0291961055840014,-0.0367209890845513
"talkative",0.0106060560184503,0.0362713486600845,-0.520190698327433,0.143595310317155,-0.0950602841435558,0.0197041384047873,0.0290003329543191,0.0742837263779087,-0.0562862437095861,-0.147051269335251
"temperamental",-0.162584934937924,0.51732644528469,-0.0122447285536722,0.0809528538292655,-0.220735791781343,0.108016333840197,0.0456683579533899,-0.104199904447573,-0.168423036343067,-0.0542698385895833
"thorough",0.0517153305522678,-0.0252816483462261,0.0413341001951475,-0.32847011335967,0.0483961254512309,0.0361517184642435,0.0127383919955793,0.00204401861879591,-0.0298791984908596,0.0144018588146762
"timid",-0.0921403222165052,-0.143140651609998,0.149141435436552,-0.00529810652366875,0.13101366553963,-0.0268190495106798,0.114137985496076,0.0552218685162425,-0.0465948599894901,0.0266689304114539
"touchy",-0.0888025776471283,0.507787850419935,-0.0293094714747629,-0.0590301063079628,-0.0223364443901861,0.0845332344569813,0.104082709536995,-0.151863540503957,-0.310998706819819,0.0340048136965317
"trustful",-0.695862742673087,0.0611579314528812,-0.193076960799894,0.05379715563077,0.0694125608627037,-0.0657666994827515,0.076208202697241,0.083172460295447,0.0944498771461459,-0.0134923093611499
"unadventurous",-0.12122065112137,0.00334033120270946,-0.0465445943378215,-0.12653574282764,0.639308420595457,-0.0208069899335685,0.115496472840214,0.125346711868465,0.120806047350124,0.0951624008930021
"uncharitable",0.186541586612868,0.375886191636828,0.00281688503118947,0.0240036890055052,0.168836161039703,0.0283932779472997,0.0655270793944194,0.0947341173275984,-0.0879461591908734,0.0100793665857225
"uncooperative",-0.0654536731813132,0.349674086786697,0.217324488627805,0.029631375138033,-0.00568810079385444,0.147031829907153,0.0715557046092761,-0.115901670750525,0.00409032594197265,-0.102259686712382
"undemanding",0.097004454498642,-0.261827578133858,0.0861449178835991,0.272228650662244,0.234390410956453,0.0722805054615134,0.0761144762444049,-0.0516109382703845,0.0884932941352545,0.105210334392873
"undependable",0.179861026487553,-0.0681185214831104,-0.08217165227697,0.351524372374566,0.091319112277648,-0.0424889583394723,-0.206030274594654,-0.0296678847918765,-0.00139618212482034,-0.0591987445973872
"unemotional",-0.0612027068195097,-0.0430614418303415,0.344124434571982,-0.0715608602956029,0.0350405573894321,0.0178336592511531,-0.0937445391856988,0.168567152094794,0.125558185923345,-0.0241531489786019
"unexcitable",-0.120133665819543,0.0432312236643959,0.160937848565267,-0.0990840732773543,0.482515531710948,-0.0810755480641898,-0.00525668716646184,0.055272771326698,0.17976019209797,0.0536216310966317
"unimaginative",-0.0898359160546893,-0.0302300258786845,-0.0287922857692343,-0.0543032500833039,0.0745300542643258,0.0681795849044632,-0.0278093077800119,0.0395616421249219,0.0815064681731107,0.0357042355986742
"uninquisitive",-0.118127517934466,-0.00504754896107588,-0.00190185826279044,0.0179221734824576,0.0674511384629323,0.196863350688275,-0.00527763293388559,0.04529669202107,0.137322186040495,0.0104366897449097
"unintellectual",-0.0508213705398266,-0.060702845350439,-0.0062075423121863,-0.00444480118973061,0.0190872989720931,0.170860630194577,0.00284827891482901,0.0275983123140196,0.0445596243034572,0.0333871040716619
"unintelligent",-0.0618335295729469,-0.0295796940419495,0.0118570364750864,0.00809048065986401,0.0136744683227704,0.0233241060954411,0.0146794609206474,0.0299421161398823,0.0562573402769623,0.0164316919548823
"unkind",0.231400599499553,0.459728314892966,-0.0449058393596026,0.000864841286912901,0.0973408755439715,-0.078576667666333,0.114061652028598,0.0654215191896256,-0.000877851945768429,0.0269681907100812
"unrestrained",-0.0161011760268208,0.00651975405055128,-1.49660718283861e-05,0.381422526059883,-0.368697493203004,0.069492617277876,0.0234772753495185,0.000484349884465347,0.0548807074920484,0.0116896806617185
"unsophisticated",-0.0243448830718884,-0.0411485965169264,0.008631391153832,0.0157013422936759,0.0868306291157856,0.33968421709548,-0.0155939675658736,-0.0365268417686023,0.0764298290442892,0.187643107334515
"unsympathetic",0.123182195845215,0.474019357606711,0.110594703137359,0.00147378435236495,0.0141006817406167,-0.052529380560106,0.056182417460623,0.206957747960996,0.0821608818253372,-0.0491170291548481
"verbal",0.019753639232884,0.0249926887881207,-0.434273411410315,0.080000670890882,-0.0314611722315403,-0.264180145397279,0.00893228566564846,0.0424433405134339,0.027816326137814,-0.098917849510453
"vigorous",-0.0860137569049656,-0.0322830732386734,-0.0494449178627285,-0.146449098898741,-0.418745432807524,0.150378644590494,-0.108339154254667,0.0253701920289797,-0.00298198513948614,-0.0165542710196279
"warm",0.0485091923460264,-0.287047762901501,-0.424336440255174,0.0431446265570465,0.0119209887032055,0.137410477772799,0.015484001624027,-0.184556136739775,-0.0280717401354621,-0.034341796564375
"withdrawn",-0.00379936312319958,-0.191405267562859,0.66853437767018,0.00406215793752565,0.0591888966666157,-0.0121365197900107,-0.0271831244145796,0.0166916292246703,-0.0604905086345463,-0.0155211856857347
"imperceptive",-0.0552685476098043,0.0317941944323647,0.0121070062393535,0.0555458110733115,0.0385248981079999,0.152277424939894,0.00768270803390064,-0.00345975958525665,0.05329913693386,-0.031783600501649
"imperturbable",0.200924607512739,-0.241853717910343,0.160742587221575,-0.110727894291569,0.268261043221357,-0.0646658333362125,-0.029459412686458,-0.067415154907673,0.313257693509161,-0.00271939861181392
"uncreative",-0.0716021262710627,-0.0685554991747917,-0.0296512795343873,-0.074452207523252,0.0392842147050961,0.0782323428889788,-0.0198723972153155,0.0641599217151249,0.0776259387958902,0.0592757960117997
"unenvious",-0.136495388507296,-0.0529274655331011,0.0739172261406733,0.0916474245068154,0.0494847275344585,-0.0283392107110119,-0.0677062753345216,-0.0353088573630679,-0.0199424071885501,0.104427883517453
"unreflective",0.0349196964014324,-0.0021123594007826,-0.0550190115212154,0.118819494351921,0.0376560814974207,0.220205150784884,-0.0332448323134758,0.0345319353637499,0.0504701671216712,0.0177768750092608
"unsystematic",-0.145516295251246,0.0362735048655554,-0.0147743827761278,0.562342167155683,0.00969256849176825,-0.0655511405268065,-0.0484915528068821,0.000148353732060458,0.0324293426153343,0.0255546026603279
"untalkative",-0.0517429292895186,-0.0265905375301723,0.706829313265066,-0.086687512975008,0.0607875916211045,0.0628902922055887,-0.000871622611170378,0.0170771364626899,0.0182251482352934,0.104092447104194
"abrupt",-0.151611687311688,0.492062181118268,0.203365455777581,0.101198866291576,-0.244603589279053,-0.0191362808798242,0.00771458989047895,0.105489964309884,-0.0157122304940774,0.120794479074087
"absent-minded",-0.15271134390064,-0.120533580345063,0.0874504825302921,0.462492911725569,0.0548599160198655,-0.123381395436345,-0.100482486592113,-0.0198385481054287,-0.0206129660316018,0.00650057220082979
"abusive",-0.0297309196738032,0.0412741544788816,0.00451463996979672,0.0277006062637885,0.0099078234349523,-0.0112590321350481,0.0404009024650627,0.00713358047581524,0.046840260681013,0.0305751123848433
"accommodating",0.104335213530084,-0.480403572728597,-0.390373701135173,0.0483332931434684,0.116011000275681,0.0069046524544007,-0.0778414234948932,-0.0233630605088048,-0.0418940620799099,0.0281587868138161
"adaptable",0.155980083222987,-0.197535492818601,0.0575706142309213,0.104424059166308,-0.244138025478477,-0.16182289857755,0.0575691248905033,0.0843117878006903,-0.0133315472533859,0.0966319142975901
"adventurous",0.021062420961467,-0.125190390850767,0.102844965941641,0.132617766060387,-0.52922430577158,0.0986121824298992,-0.0494667108741191,-0.0572876366627123,-0.0527463344727983,0.0206398956367514
"affectionate",-0.0833473580519963,-0.190892959347892,-0.361610673816079,0.0403116594546547,0.0318339324634366,0.115834350885396,0.0759992368629221,-0.200946702344459,-0.0560525021080965,0.0121411208448105
"aggressive",-0.0339771829134694,0.310574721531821,-0.053571353467975,0.00721127446105094,-0.271825523586008,-0.0636077703250914,0.018874607084231,0.0481365063698366,0.163542267758189,0.0171176982792319
"aimless",-0.11474259238325,0.0212004604240756,-0.00530860582503003,0.221725839578076,0.0524390068645416,-0.0466098233279305,-0.0139236605812857,0.000584056703507723,0.0274920644868091,-0.0290667361014972
"alert",0.0433201907604631,-0.0212696182990676,0.0147561078978187,-0.119801181668969,-0.0643965565352214,0.0315775983483342,0.0267638158345995,0.0613457478677899,-0.00291192474538472,0.0498998273138337
"aloof",0.00346625373545368,0.0964798203258278,0.710969970397968,0.0433293346403895,-0.0149912952142677,-0.0427659972209728,0.0541706702993754,0.0203044713058766,0.0105590535619082,-0.0603219235264857
"altruistic",-0.258996704115589,-0.184650579843154,-0.176560327564157,0.0318168219053032,-0.0465134263676799,-0.0717572122995881,0.0485378983866152,-0.288961252087793,0.0193390424168324,0.1646942956518
"ambitious",-0.0176522070792305,-0.0221421333430478,0.0731180120935163,-0.0845997727522287,-0.329768075043141,-0.180892823369021,0.00433787518229868,0.106409710559625,0.0410915871715811,-0.142187759673612
"amiable",0.00867913380100505,-0.323332992973786,-0.440244450478149,0.0432799304664881,0.0825737324468392,0.125368310657715,-0.0522033705249438,-0.0830027606056156,-0.0144800208197731,-0.0496470348105707
"analytical",0.0276135940050293,0.00367293541590828,0.0943553404159643,-0.157357243393765,0.0226133421962451,-0.311178091791029,-0.0888669506231219,0.0997550497355399,-0.0796321421205004,-0.00937279033488745
"animated",0.083683367793869,-0.0700631331666832,-0.275974778935978,0.176413269354949,-0.32140685176548,0.120396204532918,0.0962721478518483,-0.0299186903230788,-0.0966319332784271,-0.0520643305793941
"antagonistic",0.204605439191505,0.575309066379712,-0.0265059255200326,-0.0179593214574019,-0.045696146380426,-0.0594874055343409,0.169738599719897,-0.00731765809146047,0.092698902265732,0.0346286614500812
"apathetic",-0.0895046981294692,-0.0232758000783619,0.113963231504792,0.0742501926222035,0.0419819189953196,-0.0117877091799497,0.0487698268689762,0.071406804688155,0.0757049753715823,-0.0104803298259456
"argumentative",-0.154744731385009,0.656715058085988,-0.13534480749304,-0.0348871323426116,-0.107983445932757,-0.00677690776597216,-0.0392173720296318,-0.0264846784780874,-0.0342411273453095,-0.0317151971526029
"articulate",-0.000919206110783687,-0.00731926025575381,-0.109647297613781,0.0368182365781825,-0.00984569363340652,-0.182624117322937,-0.00475438656126536,0.0222973073983553,0.0106133712466788,-0.0862075288513508
"assured",-0.00330445472871142,0.0282642240979465,-0.049749020740959,-0.0404792406261187,-0.0648242701162435,-0.000771355032305513,-0.0392214862672127,0.0397016720740657,0.124675678686647,-0.0411357742738734
"autonomous",0.011939853810608,-0.0543104247343405,0.15492400716591,-0.0070158821190608,-0.16143256006642,-0.0382981842700187,-0.00390574120622207,0.0758123847120664,0.0388211230285817,-0.000372104035549301
"belligerent",-0.120833191906727,0.309452212948664,0.0030491517778672,0.0359360485533463,-0.105892319012383,0.0414795140585719,0.0514211813340692,-0.0190580551640927,0.070190773741599,0.0704362290461947
"benevolent",-0.200679926600058,-0.263213270118928,-0.0803187381659739,0.0133464527694909,-0.00511886391263373,0.0107900267638603,-0.0514579482497391,-0.114824158941369,0.00835382257239555,-0.00664739034878533
"bigoted",-0.0763589620508051,-0.0123948549950493,0.0191970248571384,-0.011445806204934,0.00737441692155393,0.000393781294755688,0.0268339818543925,0.0251072974047854,0.0364803989491174,-0.0155520106674127
"bitter",0.100056634706237,0.265683212345575,0.0854769786786707,0.0235683050647381,0.0361958766750046,0.00217328356189331,0.0764239333487885,-0.0358520991860659,-0.00728585940176546,0.0468654156281899
"bland",-0.0508991676903312,-0.041889630173049,0.0519904901331852,-0.0384598406256117,0.15959201616464,0.0126384902243966,0.0219051384557155,0.0903728826757215,0.0358075964263087,0.0225585640893525
"boastful",0.149648278393361,0.0713866508161343,-0.10166318105139,0.0120849181448336,-0.146186710422842,0.0815761837366297,-0.0650441746611821,0.131434515692262,0.0680688956417945,-0.13682925474369
"boisterous",-0.0500097202687407,-0.0212648122464418,-0.113959822241078,0.15676107983051,-0.300474159040425,0.206586349214454,0.000464949457492169,0.149061234174634,0.0827911278278547,0.0011962180744014
"bossy",-0.0150204046187807,0.555679186545357,-0.198049275406994,-0.252469248007604,-0.151904703225051,-0.00596726804099996,0.222162604017081,-0.0253569190450523,0.124553561212743,-0.130575031308212
"brave",0.0244123908345444,-0.0513003974668713,0.0224274181877761,0.0357030120364157,-0.257395865369716,0.0612083161480477,-0.024834746804767,-0.0668750342625066,0.119004726378514,0.0838370801686643
"bullheaded",-0.00858267232311906,0.43204231498637,-0.04648251132352,-0.0881188810570767,-0.287992995797431,0.282564977340957,-0.11535111499507,-0.0578447651990382,0.134498730019419,-0.00213319815711955
"callous",0.216032209558308,0.264048006937816,0.0296213742835274,0.0477733957127626,0.0349076732881334,-0.0584670479060116,0.123459965599137,0.0584421220971815,0.112502068608209,0.0505048333219299
"candid",-0.601110135959832,0.14891634458441,-0.271613176533531,0.0908511917043626,-0.0274684484001587,-0.0946423129429989,0.0166772598129138,0.104802195480006,-0.0154008994882643,0.0864439755667111
"carefree",-0.0773298169825625,-0.15287297373561,-0.0481584815790867,0.352041317419037,-0.0854293940243316,0.127599137918161,0.0722754900794091,0.0952543224678318,0.106030071643245,0.021293594331605
"casual",0.110368570903685,-0.258681623081111,0.00900556469581874,0.442838193922846,-0.0155110117791619,0.10489032820616,-0.0036066928433868,0.0777022029926596,-0.0333559917841982,0.230268613337073
"cautious",0.0440796266748912,-0.00076453202863416,0.112413155090967,-0.329290523152867,0.369687675247377,-0.0814469618920067,0.100866591827943,-0.0907748435060586,-0.0538584882394381,0.0289212759294579
"charitable",-0.181788727572098,-0.1680548416021,-0.178171452185137,-0.0172218134047298,-0.048497085257059,-0.0242152172615194,0.0134429406237002,-0.20131550781509,-0.00880887325164908,0.0771776611742234
"cheerful",0.0259440973907389,-0.251418637676606,-0.399587795865073,0.0117957128983626,0.0036359626229973,0.205546234326136,0.0564354363100708,-0.0433376771922238,-0.00146182555946532,-0.0699420685163475
"clever",0.0416485374310501,-0.0183263058616589,0.0467240200083099,0.0499716342416771,-0.00902020308916855,-0.15731308244066,0.00102831555434032,0.08612525851444,0.0308799514966215,-0.0224886165525311
"coarse",-0.0463448216677144,0.156762827933318,0.0732141748466687,0.123057139391357,-0.0636469600075153,0.0976999786841307,0.00866019463704955,-0.0339964864413839,0.0739854849616812,0.132819159068932
"combative",-0.0887019845610419,0.412212585409797,-0.0409725865595362,-0.00406923198866498,-0.3009731332334,0.0138118088527478,-0.01399434572925,0.00764599039934935,0.152856789927572,0.0283240259386626
"communicative",-0.0364076998184567,0.0118776954424598,-0.609980884479575,0.0389288909601027,0.0172943594171749,-0.164474024307905,-0.0159769601098383,0.0523857340762729,-0.00630837062446616,-0.00475685641926773
"compassionate",-0.108461576960138,-0.292185241091803,-0.132673291492895,0.00742651079922116,0.0257472509986085,0.0372383704543655,-0.0202445795478326,-0.131607562889014,-0.0738214876858856,0.0673498023318065
"compliant",-0.0397767813995097,-0.374068219918383,-0.173783098686062,-0.2743174486481,0.311017912944915,0.00973052394246,-0.00362091430663008,0.170939139821553,-0.0994696466403922,0.0840578152824427
"compulsive",0.125706104447354,0.162739746718721,-0.00262388444044052,-0.309991851668328,-0.0642594517066089,0.0911512206561858,-0.131209872759233,0.146045104842673,-0.348094971153917,-0.0180787699422745
"conceited",0.132941828371374,0.1579416645554,-0.00449029482209327,-0.0108645510980316,0.0191108609356631,-0.0276718912611402,0.0831121551791643,0.0544800195036781,0.0661075612409649,-0.11337775555208
"concise",0.0594583840232914,-0.125124290700206,0.0547596079487901,-0.274339446131973,0.0747467159607661,-0.0937729312478998,-0.022185584957761,0.109813664930924,0.049264167887363,-0.0026964384569828
"condescending",0.175499321139842,0.536532292754942,-0.0302953802586937,-0.0239138192908039,0.0934145595062503,-0.16287145625861,0.12721733385575,0.0277094279047617,-0.00710261701311065,-0.047506900638616
"confident",-0.0111219161074628,0.0259481236559435,-0.0507622060466971,-0.0108973158944878,-0.124418294337929,-0.0022844314593015,0.00320918068031937,0.045411264631956,0.144169478930361,-0.0741380155290989
"conservative",0.0601428919305546,0.116721149593082,-0.109436848099449,-0.320407362232689,0.350646638617725,0.11123293917145,-0.146470915419202,-0.0839555266689453,0.163747682607301,0.0312670816576319
"consistent",0.0169399911624121,-0.0460094877372564,0.0227288884448701,-0.428426961159677,0.0297334202084988,0.108455933829407,0.0600659982642802,0.062979919277329,-0.00790137314361151,0.0264581578742296
"contemplative",0.0786916823866121,-0.0338684577721807,0.106014728964807,0.0696457786346662,0.158348605766426,-0.229257278337239,-0.037033139471101,-0.0960208206235313,-0.0264461465530681,0.0156836383006018
"controlled",0.0762789711004042,-0.108055353241267,0.0376890239416947,-0.430671746709417,0.114778868145119,0.0193413504324591,0.0292202088678436,0.0975684257709471,0.0584825912460608,-0.0606265939124302
"conventional",-0.0124635652695796,0.0238522935481569,-0.258352813516662,-0.393268441057662,0.447302467098605,0.18875942729758,-0.126135285656935,0.0563758171681802,0.0958947507731935,0.151698863551604
"cordial",0.00931733720805118,-0.274766712665008,-0.445124072856589,-0.00217318239875313,0.0430119149689433,0.0426368242009642,-0.0772999060626656,-0.0850110211744841,0.021943034992409,-0.0719365853066531
"courageous",-0.00754321458726741,-0.0238912238455876,-0.0144571488688787,0.0346805115773493,-0.259460039920804,0.0257615871869995,-0.0556448948101787,-0.0643240779067347,0.100080901862346,0.0547854655595947
"courteous",0.00299034968236609,-0.269518311058271,-0.161441157650525,-0.0419240800812643,0.105820055880768,0.0063869690522596,-0.0570412328556504,-0.0120533891826121,0.00193022876757301,-0.0619204894587827
"cowardly",-0.04510423413449,-0.0402875782322177,0.0158410470843023,0.00880099468471236,0.044071136339621,0.0057079770090678,0.0246156108686129,0.0463311797356462,-0.00866479423374994,-0.00466044523167639
"crabby",-0.152880154837241,0.557656006275017,0.0105968573548454,-0.0448526002495618,0.0328419081046431,0.0647119393249098,-0.00118945449321739,-0.0901835229274186,-0.178954408843003,0.0634362704832934
"crafty",0.447659674707596,-0.0308914060455095,0.1592495827524,0.0681204147286865,-0.116816858096083,0.017287688923827,-0.0532538800396019,-0.0255412503884054,-0.108672496806742,-0.0827440225534406
"cranky",-0.15847162394241,0.491418314777552,0.0273024475855234,0.0516251797285542,0.0399835563462579,0.106156116110346,-0.00768271310677533,-0.0854769014714681,-0.115773751548477,0.115366349800912
"critical",-0.0083530680052646,0.216477809654258,0.0538835165844165,-0.208074122439605,-0.0815823908022104,-0.170543428096811,-0.170272017931436,0.146567003948965,-0.208826716413517,-0.108353205644291
"cruel",0.0798318195265044,0.0588668039588079,0.0164178323350387,0.0203891077538983,0.0168250401353631,-0.0343630039760879,0.0878935912951039,0.0354005674372716,0.0940436198674454,0.0218721673595047
"cultured",-0.00955830484584411,0.0539606899442644,-0.0561071349514073,0.0345885516272534,0.0620241568899819,-0.243826605969816,0.0578120918067893,-0.165085222621324,-0.0288343391354767,-0.268962994881972
"cunning",0.666759476878738,-0.142145904705483,0.0645227807430003,-0.0456929026129566,-0.147135327633915,-0.123236215099274,-0.0892503061681397,0.0711585752030398,0.0675915413698296,0.0637320731610506
"curious",0.0949112981586446,-0.079747693694907,0.0349696846791094,0.111863021525208,0.00314299168858488,-0.209111622761841,0.0550838896488548,0.0343205890210604,-0.081683261862457,0.0559678701771415
"cynical",0.371983392359632,0.366119734390845,0.0596241156979403,0.0217344444139545,0.0932966379690257,-0.0788743343379289,-0.011483854292572,0.106226255835998,-0.0925442453796629,0.100045518741274
"deceitful",0.86853807103316,-0.197861822114696,-0.0449898235322444,-0.0273099847969563,0.0221152839042672,-0.040816068070516,-0.0200645559579075,-0.0571652981313008,0.123754201127135,0.0711019083213497
"decisive",0.101165017939027,0.0135363734327481,0.0169123035146435,-0.32241638664795,-0.203267305748709,0.0694247688893764,-0.0119553023986798,0.0818033124876842,0.0868874353433998,0.0184078506656768
"defensive",0.0707889715147262,0.306599270337568,0.158540941755991,-0.0822133636262096,0.045746195145312,0.16386265199896,-0.0175146688476707,-0.139265638518607,-0.152932879731075,0.0832224642517691
"deliberate",0.102839447939865,-0.0223837522107583,0.0394127510836826,-0.375932656175871,0.061114417057563,0.0483646914692867,-0.0131830788813023,-0.0181229423545341,-0.0276898624816911,-0.0333644747659992
"demonstrative",0.0873247540672917,0.0146336359119322,-0.4656863623369,0.0352590018766809,-0.125233222042374,0.0281784726426224,0.144778545581793,-0.159755718223472,-0.064761068112996,-0.0280157103226718
"dependable",-0.0802335673020635,-0.0399348181677334,-0.0340936392333856,-0.194137876291342,-0.00446477510624022,0.0293765155604048,0.0375911560283998,0.0511868623257563,0.0536334792596395,0.0782807864189568
"dependent",-0.0561610330612181,-0.094986023086686,-0.0654632685420671,0.0690465567860525,0.0911128489435436,-0.00408818806510081,-0.0223774843382965,0.00860509528658419,-0.0906415230560508,0.0219174981712313
"detached",0.0507274634043843,0.00503206131084214,0.668995466491065,0.063769610944319,0.0299381390857686,-0.0543141779398462,-0.017251779938971,0.0958800088850784,0.0166759486770896,-0.0154753536289067
"devious",0.905018508648505,-0.17744993016567,0.0546825837709662,0.00465014348733482,-0.0120137067628774,-0.0527585994582366,0.042301752245488,-0.0723155742195223,0.151752626996994,0.0836674868949986
"dignified",-0.0736959868324602,-0.0441059537439602,-0.039242369839131,-0.112398643436294,0.0249593866283302,-0.095783656232544,-0.0384703193842064,-0.0675588055544528,0.0663954850048612,-0.104489903840164
"diplomatic",0.111238658218472,-0.410677106447415,-0.279301236425708,-0.126114017067015,0.0988531597408815,-0.277478292842161,-0.0339794717293531,-0.0125071794130963,0.134751154321599,-0.179678544015913
"direct",-0.161940364411268,0.198684630112325,-0.262179870729437,-0.07588315631427,-0.0992659754881432,-0.0494140711052287,-0.0437020393451372,0.164112024191844,0.0813030592404014,0.0958119405326038
"discreet",-0.0731932067786951,-0.168068576606103,0.238964512473875,-0.100545397864509,0.15274024618057,-0.133415381539554,0.029910770104206,-0.0543457934065281,0.0814257598531587,-0.151697480302381
"dishonest",0.753589374428075,-0.159130717245947,-0.0830508157903291,0.00658174684336302,0.0363602761184055,-0.0266678984876127,-0.055518125537258,-0.0145853452388785,0.0747099036289432,0.0452117333485653
"disorderly",-0.120664298915857,0.0170980846127485,0.022065858910971,0.384644635389232,-0.0530615271183102,-0.0248849496723414,-0.0523986581600276,0.0177703772613265,0.0497486492764298,0.0348779338990375
"disrespectful",0.0632246843138871,0.25523224238415,0.0354253480373074,0.0766062586516476,0.0241189266861273,0.0131489833299154,0.124743463067277,0.0295173993869509,0.0225077737143221,0.0646784311150183
"docile",-0.0190245631779047,-0.193160333397526,0.013811561638152,-0.0704225439109488,0.254626808330638,0.0962000069160853,0.126331538852008,-0.0928172380031184,-0.00283168636485812,0.00358490104143902
"dogmatic",-0.0926677591400535,0.44338707543828,-0.111982697871779,-0.166971449440231,0.0745880011086343,0.15327731835269,-0.0667675912754836,-0.187641605073543,0.141294448146853,-0.0830891628152163
"dominant",0.0315818227385238,0.309956965687727,-0.0861482259493829,-0.103632313250281,-0.325870612705345,-0.0903707348485344,0.0369722482485799,0.0542742273611899,0.262477202084558,-0.0998478843964336
"domineering",0.114165162585123,0.509772048059868,-0.132445242037963,-0.141728360622927,-0.169178677716766,-0.110576942540926,0.160048950122923,-0.0227429221439589,0.24776926892645,-0.0469298089853072
"down-to-earth",-0.055891575986626,-0.105345456589111,-0.207896831969819,-0.0462318832215589,0.156500067477892,0.282414730204876,-0.0386314627032343,-0.197209084762348,-0.106420371271518,0.207303239925916
"dull",-0.0733419897098385,-0.0335588568872748,0.05072888130165,-0.0454338292773724,0.115688413785852,0.0531181228131025,-0.00134595685608859,0.0491168279719384,0.0438683874746522,-0.0118178342700821
"earnest",-0.170777588584324,-0.0314733002695062,0.0203413701112348,-0.0877567450280978,0.000507162095361406,0.0313141781685872,0.00209187293656815,-0.0316129231335208,-0.060107784664586,0.09398300400107
"earthy",0.0607555910757203,0.0194923387451293,-0.0437356957054252,-0.00292983432476697,0.0204201585290259,0.36921136284313,-0.00803741165384215,-0.491506976576751,-0.0978037105623689,0.149782576393845
"easygoing",0.185177426556547,-0.370367150035685,-0.195554360706098,0.411798672556609,0.13490684614331,0.0836704411164364,-0.0144985436007305,-0.0749138709920811,0.0396366326732237,0.122443644083861
"economical",0.0455549694176553,-0.00663823407666762,0.050354927124604,-0.201258228930665,0.0870905537768988,-0.00312255074871741,0.0730832608134741,-0.0203568380899584,0.0291391474031494,0.0345422346889515
"egocentric",0.355373635875306,0.291370716469861,0.0310067461263493,-0.0323704103020233,-0.0165227356544045,-0.0205610811049086,0.106304239156933,0.13374618431993,0.0662022727202002,-0.135562373345785
"egotistical",0.271753950629505,0.351972984440277,-0.0221704710835711,-0.0396356878571185,-0.0533890173142702,-0.071573694647529,0.0290330881391718,0.127052785156008,0.0745856438730538,-0.1528065316213
"eloquent",0.018768100092817,-0.069276143891935,-0.217792768540805,0.127086931103581,-0.0457275283038921,-0.369646640475102,0.0114184141500546,-0.0412552377904769,0.0611944982620945,-0.241225502731445
"empathic",-0.0450853012895771,-0.336044908761738,-0.351348520757787,0.0600906480722576,-0.0152046685271801,-0.0335068503931708,-0.00598724081683908,-0.25257875534683,-0.0253258708448872,0.0737748439189706
"enterprising",0.0360668514882672,-0.0343058408957064,0.0312037602108286,0.0222476789776741,-0.303417245333015,-0.105246084531518,-0.07233367948058,0.0318953078247248,0.00317441065287173,-0.0556333600596486
"enthusiastic",-0.0390747823763349,-0.0511661027380229,-0.0816753358965039,-0.00470184541440925,-0.124534740570798,0.0683632204847441,-0.00316512124508236,0.00816723522191519,-0.0604554385704064,-0.0566558380166389
"erratic",-0.0856284938151115,0.0564435847546625,0.00114760772180476,0.353747031802595,-0.113346713265479,0.0290402533297729,-0.117195313157617,0.0183412277624355,-0.0687806827927598,0.0241411024389912
"ethical",-0.521431144150963,-0.0373182360644502,0.0349476251051942,-0.0463781046875634,-0.0607801767378844,-0.0287693667146884,0.0112935014359784,-0.00672202529889235,0.0311510824813993,-0.0223615008468346
"exacting",0.0326327899994845,0.082317421726336,0.088392904009634,-0.479999657587767,0.0293495623364072,0.0150866180784625,-0.121106066156876,0.0571046885701879,-0.14651769183832,-0.127889535677279
"excitable",-0.103053165651049,-0.0629002007894457,-0.138880391273704,0.15263102499435,-0.242370028816244,0.117203776596865,0.11336649589502,0.134329074783034,-0.107691813725403,-0.0504923776249957
"exhibitionistic",-0.110920527438948,0.0025948301399151,-0.0501003380687875,0.0792922548560893,-0.134102938782318,0.0508136533032953,0.0555449469599928,0.132687361080549,0.0342389833295641,-0.159843566692737
"explosive",-0.121204324602202,0.119026555292615,-0.00233680977159128,0.138409135166155,-0.375738959071549,0.0755205595202161,0.00395619632931615,0.12619161233538,0.102999086850989,0.00122997735497095
"expressive",0.0317392307396126,-0.0397619423352902,-0.345979832071377,0.175670448267318,-0.130064395833594,-0.00944668009521503,0.107605083343637,-0.105485799554781,-0.143892846264858,-0.0955237743776735
"extravagant",-0.0470653814510509,0.00332064069547353,-0.0601539227798302,0.0432976061212699,-0.185873035314504,0.0498351339311426,-0.0608735747898422,0.0813749009998311,-0.0573644839576569,-0.414988876550229
"extroverted",-0.00722637898275676,-0.0298668532327745,-0.520794293692702,0.0370627794922031,-0.280419004863083,0.1525154884945,-0.000706364727874072,0.110182554366454,0.078363467770761,-0.151191209976493
"faultfinding",-0.210228071387477,0.604930489675083,-0.0689184931892637,-0.187899520742956,0.0693633999675962,-0.0580035890065267,0.0101333197798765,0.091483263484122,-0.305643679942529,-0.0443482834761753
"feminine",-0.120221027860437,0.047295885010704,-0.0618257821252192,-0.0749939814695351,0.0815969012984268,-0.0587973376016079,0.897412223764632,-0.171420104896038,0.0345035006099988,-0.129249770460867
"finicky",-0.116008384816544,0.275491447872628,0.0285815508855547,-0.251288978920094,0.265175824373547,0.045655068921916,-0.133138317998661,0.0593298229324654,-0.509969710273673,-0.255457673092337
"firm",0.0175669983392792,0.0429597008164925,0.0210470470637546,-0.256064872181729,-0.0670126570256906,0.0757714333872358,-0.0317681147349778,0.0571950890616778,0.0621669983345923,-0.00142118774015913
"flamboyant",-0.151931655569848,0.00270281933682344,-0.0261331440920724,0.063771621204589,-0.115159738425458,0.0714933733621561,0.11885864645984,0.08005737191641,-0.0340351348029738,-0.268764197485112
"flexible",0.237930258383344,-0.325104004735746,0.0293342712031022,0.134842278035679,-0.196217236791801,-0.135750656183615,0.191847658138591,0.116262563952735,-0.0257585754591828,0.099415598493257
"flirtatious",0.0111806366538291,-0.0769234484538919,-0.0890217883161103,0.0955702163965858,-0.0964988153579034,0.0688813760006624,0.00555476696736233,0.123024304468378,0.0109717657067093,-0.137291016972128
"foolhardy",-0.0207131114972019,-0.0362843212314066,-0.0514038137552911,0.203164815428884,-0.143733279432786,0.123077997986769,-0.123672878267396,0.0745999184527408,0.0093575948786665,0.0936636278084578
"forceful",-0.000788156213798276,0.363768375148287,-0.141530327600986,-0.125935246535666,-0.442037627759648,0.0218679162919414,-0.0284630149621915,0.0289392092512864,0.215566311625981,0.0215977444502309
"foresighted",0.0921142852621394,-0.0400187223065658,0.110997167333307,-0.34658191472339,-0.108902765480815,-0.128472274682293,0.0908541974757766,0.0294385021223414,0.000153775987389381,-0.0117461430598612
"forgetful",-0.134042409406172,-0.0780563351684267,0.0274962437981464,0.386672915987048,0.000616405399463055,-0.0447589499401244,-0.0209705344397288,-0.087327018455036,0.0378114492870209,0.0335173890994009
"formal",-0.0545226651772839,0.057118810363878,-0.145871044157806,-0.283561650484652,0.237995612230389,-0.361059401797886,-0.0397446069069689,0.123426948374675,0.147100651103203,-0.181470119394908
"frank",-0.568040033244059,0.190883328858056,-0.234654054158813,0.13980574902324,-0.0126201525641632,-0.110595485263371,-0.0177129816942644,0.0934011301874967,0.0193230664159389,0.110222607568727
"friendly",-0.00656120866537637,-0.132270200089002,-0.360326293176099,0.0597601253671422,0.0562184886721365,0.0206284230431849,-0.0213783787018042,0.0129564438620983,-0.0124595036344357,0.0350022789589654
"frivolous",-0.0828051751977894,-0.0491185167691523,-0.02144907934818,0.0680929262744366,0.00970511435001304,0.0596233147528789,0.00907696431601837,0.100003447096385,-0.0135281964324698,-0.0752609219985858
"genial",0.0718559333943488,-0.368123285171578,-0.443412285806773,0.0840423895632701,0.0953980626806473,0.1720654600984,-0.0699407852945219,-0.0694479120081823,-0.0149176266325849,-0.0581042949902508
"gossipy",0.154589821741061,-0.0101593223785808,-0.1662607218671,-0.062494610636353,0.117023737449927,0.0928340037878413,0.101878228504352,0.0693988419214428,-0.0875597302542245,0.0527457258990944
"greedy",0.343844080227591,-0.0553381279317233,-0.101473600986148,0.0221770318073526,0.0109928507388826,0.00459849379251334,-0.12594157471561,0.0816932803947331,0.0658224771940637,-0.0342121263983413
"gregarious",0.000576850535876072,-0.0829390186326735,-0.501699110567361,0.0733932511374028,-0.196388020377401,0.146619234138698,0.0465307263411972,0.0658708921617214,0.0466869028458057,-0.145626053466659
"grumpy",-0.120822729583169,0.396546691363975,0.122702166999727,-0.0367195975080089,0.0603544062949414,0.12314048035517,-0.0810360172840418,-0.0599021664701677,-0.102620176627901,0.0480995161287548
"gullible",-0.0532257055787329,-0.0816062411631116,-0.0320326305095986,0.0714680668484876,0.0501309105734479,0.0731126424174689,0.044199187867625,0.0179352068296474,-0.00392424101525567,0.00510192250614194
"happy-go-lucky",-0.021242979076431,-0.194049917541468,-0.220041568020908,0.285984845992906,-0.00434189628851456,0.207230677403853,0.0455847967892236,0.102662075189926,0.0239112833628148,0.0467284377360058
"hearty",0.0637621372283911,-0.0124767514085085,-0.258839022702128,0.0174453962642385,-0.0941460769948258,0.273883113168407,-0.084501236226366,-0.235572853804295,0.0412373984133599,0.0635904086062704
"honest",-0.60599663486914,0.0582387201978197,-0.0288568241200044,0.0151847667531881,-0.0106556904478317,-0.0492034448767931,0.0449160896505575,0.0747045794410167,0.0472954706224754,0.00433967288985216
"humble",-0.252020466310186,-0.370784239906415,0.0384969271760601,0.0763142661857214,0.116862504582838,0.0810889505988458,-0.0883286930298974,-0.117621541979635,-0.0686365143898397,0.137311859861134
"humorless",-0.0320664164336106,0.090363549576781,0.232095862031148,-0.102702467462542,0.0386746238289142,-0.0583403552985389,0.0442515274302997,-0.00486992002583086,0.103840171815313,0.0379878432048817
"humorous",0.0223943649433573,-0.185992860261974,-0.27725711748896,0.11426269654056,-0.0330247868766295,0.12489066706981,-0.0647934127039891,-0.0239557152407451,-0.0371522466055612,0.0274478085192725
"hypocritical",0.552882233161188,-0.0659198723877445,-0.131405110801373,0.0383718058792988,0.0814956237922135,-0.00755122923727782,-0.0654481333377947,0.0167040304362234,0.0548375770368234,0.0235994067559998
"idealistic",-0.189827786695519,-0.144853373097002,-0.017749840198815,0.214324711659598,-0.132959044464241,-0.139591846916796,0.0985693865440873,-0.251599839473769,-0.104456734596705,-0.015017467219879
"ignorant",-0.0729172934121889,-0.0147785705826204,0.0100669888631619,0.00928376304441188,0.0222102496050407,0.0291454176142991,0.00642539574053922,0.018714644893042,0.0455944582214342,-0.00683459525468764
"illogical",-0.0645648215803156,0.00407656482781231,-0.0395092317383187,0.131490664380986,0.0119546913820796,0.0898040211136786,0.0148009866537628,0.00900008736671721,0.0163479521352463,0.0247414197771215
"immature",-0.0528909863918384,-0.0308444216587636,0.0367030198288994,0.109187459985562,-0.0181306614871502,0.0163223005040872,0.0141597095094066,0.0637008365465006,-0.00577465193908323,0.00976396482554144
"impartial",-0.401403210333231,-0.384883190001552,0.128983665546391,0.0373045116007831,0.0531415165783403,-0.224120918728158,-0.0940825871028937,0.105452725867416,0.143138263665382,0.0496433055836111
"impatient",-0.319796059971212,0.359379601043936,-0.0708802937645024,0.193678424431399,-0.33311127971702,-0.0284719840081377,-0.0315168838949919,0.218377366908571,-0.0831220908440809,-0.0727991843791775
"impersonal",-0.03719864810794,-0.0236893885372926,0.61680240061567,-0.0276579208280431,0.0147025531539592,-0.0477957514426977,0.0334214836757977,0.157448454876829,0.098275723529189,-0.00480837155064731
"impetuous",-0.128981625924797,0.099901123796067,-0.0476824674707868,0.281844289584886,-0.294041252205809,0.0953110748680901,-0.0122929819678392,0.0670453536629685,-0.0222716947652956,0.0407656135475246
"impolite",-0.0393900103676869,0.38450108220001,0.103171915436638,0.0873184337564645,-0.0405397161886416,-0.0218908149176414,0.095869124652402,0.0510722574539176,-0.000756403920667746,0.0865168698543567
"impulsive",-0.0490036734583928,0.0425375671110084,-0.0936201762072114,0.45676161718393,-0.27035323680315,0.145319660426679,-0.0947521530868325,0.0580369865385874,-0.0544532889958051,0.0894323798948603
"inarticulate",-0.0669578512364825,-0.086910025039599,0.198614022198094,0.0308076053161432,-0.0246173744420702,0.10655895864808,0.00739092226447162,0.0495178536251678,0.0544509770466754,0.0458873629676788
"inconsiderate",0.198406271837929,0.332208879253828,0.0811182847730563,0.108761899508782,0.0159731347699132,-0.00161500940602522,0.0606505517920858,0.0512433634374408,0.0422774855194961,-4.24825359965038e-05
"indecisive",-0.158991569322413,-0.0845230879662603,0.0430206232362301,0.294083134482504,0.103638719241853,-0.0881466687833955,0.0261056398908979,-0.00733372465597144,-0.0431245357414401,-0.0764677122904922
"independent",-0.0379730450787234,0.0123880980365507,0.122827257235785,0.0248488146071777,-0.0912431699436702,-0.00698259607826242,0.0142213685020732,0.031935830834506,0.0496884241842894,-0.0245366263386711
"indirect",0.674919368533001,-0.292570855060236,0.250197669305038,0.069127942200528,0.0620673513927474,-0.00661409565658209,0.0142249298194937,-0.190930033542814,0.0155015618841718,-0.0384552420389973
"indiscreet",0.379436752457458,-0.0434585884007817,-0.156353890588123,0.145071400907062,-0.0394999024365113,0.179571643854307,-0.0810048703622517,0.0520633946289189,-0.115837107178083,0.144727762730527
"individualistic",0.0864394612041242,0.0792425935772607,0.270482729154446,0.165972135097874,-0.234609485451606,-0.0345915090065177,-0.106608065862564,0.0228021466176801,-0.0789611376270376,-0.116475715920192
"indulgent",0.139704677941574,0.00119172430618315,-0.127420574944149,0.237700474307145,0.00446647936966456,0.105990837028118,0.0213046389794085,-0.1420106563566,-0.0445322859176508,-0.239723274116935
"industrious",0.0236373063716568,-0.0192790147437492,0.0400733737261698,-0.20306467820754,-0.0493993888919094,0.0943966622116416,-0.0341988311536359,0.0411776612387082,-0.03173688577046,0.000175275852006384
"informal",0.120904819109097,-0.162178344200122,-0.00475011800988026,0.374862794370426,-0.194509678084305,0.264728069335919,-0.017554769777913,-0.0881544039650478,-0.077202807554987,0.176749582786808
"ingenious",0.0626285344415512,-0.00288613561314598,0.142706364178629,0.0724722884195677,-0.0999031836456683,-0.180770474242472,-0.00689102894994922,0.0408350137255668,-0.0734539595858695,-0.095875699389605
"inquisitive",0.0952498832366012,-0.0223247735380678,-0.0119349200709678,0.0851941472169397,-0.0198931887450114,-0.286918531564905,0.0449604749522615,0.0674642199715503,-0.0955233516501032,0.0910124315173964
"insensitive",-0.0176272819831727,0.425986814362347,0.111119791659766,0.00964203837642994,-0.00469802287632571,-0.0135920038318407,0.0398667481052199,0.170823664344079,0.0325834475172702,0.00355878902252698
"insightful",0.0152692157831417,0.000572706018165144,0.04104119997221,0.0519824833721852,0.00202722581883982,-0.195820742216593,0.000796633208885519,-0.00235486625847027,-0.00562739923609188,-0.00893100629711545
"insincere",0.681810304406323,-0.129287407201034,-0.0890964805020529,-0.04781842434622,0.0535018415422373,-0.0561998298970944,-0.0245471032459149,0.0300262472476973,0.0808650466167374,-0.0207778654901934
"intelligent",-0.017563129965884,-0.0127419246123047,0.0612049345253311,0.0485919506619084,-0.00217715774076636,-0.163195218677846,-0.000539713599104446,0.0943634510010842,0.0483148437592403,-0.0142531680257766
"intense",-0.0270569921960393,0.207327756962915,0.121796840809759,-0.0855292721955705,-0.502033674053,-0.0918740242832521,-0.0817194034260307,0.0487307939252773,-0.076384566215531,-0.042143992068723
"intolerant",-0.19421052910676,0.575949006152795,0.00936544873976891,-0.0692066254396525,0.0117401029823335,0.0690091965571531,0.0795944568385828,-0.032716536920836,-0.0878012522481392,-0.0347364879145303
"intrusive",0.29808218736619,0.338333682800494,-0.212609502963056,-0.0970420560974747,-0.0101398646813219,-0.0591437092011435,0.158632524225585,-0.0252033157453112,-0.0382119786189526,0.110193624896198
"inventive",-0.00539230540964121,0.0226933093038266,0.161126201930326,0.118361519177936,-0.129037873722191,-0.0801006320234669,0.0440525484445106,0.00698675808590823,-0.12772170392162,-0.104096551114963
"irreverent",0.1104343076996,0.0143522825454395,0.0664114892123616,0.351711147192322,-0.193883561353385,0.0515380628282929,-0.0790731878835994,0.0853347475063705,-0.00599444159108638,0.058752706662909
"jovial",0.0390706614086159,-0.176594174367384,-0.415240286820879,0.103727981370847,-0.0434551462287173,0.233428099270626,0.0242888801017975,-0.0538772639024468,-0.00303382763227075,-0.0493922727750797
"knowledgeable",-0.0180803444882558,6.44455734141925e-05,0.0447961259246346,0.0206362586389505,0.0157723384621845,-0.144723238474901,-0.0422265301354353,0.0352426182860636,0.0165534167739623,-0.0321280267332147
"lax",-0.0745475131761163,-0.0419356815808796,-0.0400628879629245,0.497099976722253,0.125046205548421,-0.0789909458996321,-0.0853858193947984,0.000992490083338071,0.0520980923222509,-0.0164724821802459
"lazy",-0.113044488602175,-0.00741651275741264,-0.00526266584828592,0.198867793962289,0.0650244890798532,-0.0541164436574127,-0.00923773846599382,0.0258993194136983,0.0653822109301441,-0.0225462784636434
"lenient",0.124725328039252,-0.371666911322845,-0.110578156394836,0.308573846547894,0.230691239892646,-0.0115153692581424,0.131491146378116,-0.131519972848322,0.109483008505321,0.0543928719529869
"lethargic",-0.0999089711095203,-0.00959150004209227,0.00956728954827549,0.145593931891948,0.0653032581975541,-0.0383262446223054,0.0242209413468366,0.0239561543821652,0.0773038559013353,-0.0138477044182217
"logical",0.00538884953988694,-0.015638778145312,0.0457393596720831,-0.120004156505884,0.0264762244086722,-0.161429497762969,-0.0467795834430615,0.127690069213439,0.0429269643533875,0.0458843218357266
"loyal",-0.190409863400487,-0.0539482715864738,-0.00636895722763651,-0.0292777213800947,-0.0249190498983575,0.0350390628025228,0.0259147520968569,0.00139064860468395,0.0442297702409749,0.0590308299797605
"lustful",-0.0572021494933007,-0.0408970105300502,0.00786406552642314,0.0797198710360786,-0.0579070810991625,0.00663493218244475,-0.0103567215557319,0.0658441787495917,0.0522463200777721,-0.0322493446308016
"magnetic",0.174390598950855,-0.102042996887734,-0.327132320215884,0.132598447297708,-0.236741901105829,-0.0542436471656979,0.00192551447143806,0.0101544468210628,0.0843075787392124,-0.103995920151575
"manipulative",0.887393692039781,-0.134878315658185,-0.0722047206581278,-0.0323400977129481,-0.00853784046059925,-0.121429291150133,0.0716254477672279,-0.002314815015996,0.204136626746603,0.046551938997389
"mannerly",-0.00829127391609676,-0.152857729542651,-0.175670223058732,-0.10365830399967,0.155071468072096,0.00302554968170042,-0.059408614121713,-0.0275378512551899,-0.001018374496531,-0.145157730392017
"masculine",-0.0274264179671834,-0.108010987362846,0.0468810421967782,0.0937794760096543,-0.13729414198474,0.126265303585798,-0.890032861496909,0.178311896132318,0.0621362996624688,0.0727397311955711
"masochistic",-0.0791371600061837,-0.0220067053241043,0.0169258300450475,-0.0106109408245925,-0.0070728849615511,-0.00135154602586994,0.0141216615536688,0.0312228626010751,0.0282116791061797,-0.0145576511560706
"mature",-0.0153357092851243,-0.0366208286415028,0.0103409116733205,-0.119365428967586,0.0879298379253217,-0.0370255813628716,-0.00357827476434758,-0.015748324805635,0.0739077247991175,-0.0254633133599505
"meddlesome",0.453950850362002,0.330435078705745,-0.263928512234227,-0.109573442020679,0.105472029276625,-0.0872371152063647,0.218480769321255,-0.0568215318160014,-0.0743446758373019,0.243237868428517
"meek",-0.0478618597175549,-0.154033159623153,0.0555881271488831,0.0111385391159626,0.197586473598326,0.0131776687360819,0.0526098990854501,-0.0174140041785063,-0.010963662021736,0.0234345049638658
"melancholic",0.0482622601232903,-0.0311013554766315,0.266719604019888,0.117431982919023,0.113593841406626,-0.0301132615537207,-0.0342797966174206,-0.239587311038598,-0.148107495831319,0.0592557933978246
"merry",0.0519788428774813,-0.210855410639645,-0.337740396370284,0.0401660446219072,-0.0634396041631273,0.246713862093461,0.0275221725223646,-0.071747804233704,-0.020487609312265,-0.0479561281851865
"meticulous",0.0726091246467361,0.0162750213220273,0.0805496147247695,-0.441257218587764,0.0625813815166104,0.0389312026344401,0.00845576386266847,-0.00570776296716348,-0.146925485915215,-0.0620619551028012
"mischievous",0.631387543526091,-0.11668766039308,-0.0575461044875901,0.20623687156205,-0.0591243784203544,0.0222885382409388,0.0947697295040139,0.0216394935200476,0.0203122004171508,0.105735163806916
"modest",-0.253091899505779,-0.25720310304922,0.0898353924917938,-0.00522371501608205,0.241585653838322,0.0578824993269841,-0.0156978721945367,-0.140848290211203,-0.0990738471736091,0.164021224700505
"moral",-0.464408615923913,-0.0636080206624956,0.0129285224748093,-0.0458576907576,-0.0219196505514739,-0.00818982514950121,0.02807465805156,-0.0322538116002669,0.00787137456995807,-0.00576781143496544
"moralistic",-0.3764782666256,0.0209839103785378,-0.0924117841302904,-0.115456486115605,0.0404823073068457,-0.0226637292912221,0.0915579504276554,-0.154045725589598,-0.0189809603263319,0.0748735156899408
"naive",-0.0794768490918436,-0.0608599470391137,-0.00334325477472109,0.105118454802164,0.00457081152903298,-0.00372161511323092,0.0340268438788269,-0.00508359768155816,-0.0261842668346485,0.0225255216139628
"natural",-0.00374904213275674,-0.0336138752037193,-0.0607449862005008,0.037422790069273,-0.0227410685782624,0.124926077074961,0.017302657984862,-0.185279689173316,-0.00150031087068948,-0.0183219610493135
"negativistic",0.459714643673008,0.372910685516437,0.101537504583125,-0.0710924027918435,0.0923250953838338,0.15963871725548,-0.0714862914870354,-0.123625148927463,-0.177372709882105,0.029334841876091
"nonchalant",0.158335661546403,-0.11445596888791,0.139815376788158,0.360759191167191,0.0540765464147408,0.000517138288933024,-0.0315294280524764,0.0122177612905099,0.127836114512418,-0.0635595950383175
"nonconforming",0.0106905572673257,0.0369558834641761,0.365444120649612,0.443532017648349,-0.206543815881471,-0.0495969335052689,0.0796383969572609,-0.189086109720511,-0.0684371545569714,0.0369827533401384
"nonpersistent",-0.138279614735885,0.00272452730765016,-0.0509230677635151,0.298956589444091,0.0776725547273142,-0.0777540183366447,-0.0531174691036439,0.0354801110129615,0.0308414558450271,-0.0358411585634162
"nonreligious",-0.0584778569603703,-0.027611957492696,0.0456394505753394,0.0211373507499517,0.00809921348438307,0.00929219405364851,0.0129302252549317,0.0548042313217333,0.0346139927650131,0.00660628827991619
"nosy",0.237746767393516,0.0986356385292648,-0.198374842382327,-0.051323404529717,0.0809936904598607,-0.0636359158122187,0.122667907639744,0.0470677075790211,-0.125719120950513,0.162088126916045
"objective",-0.300691200305892,-0.0811461665907944,0.0560482264485715,-0.151310282463933,-0.00739265921838537,-0.180948818433177,-0.038955371666759,0.213260600995244,0.094529357860341,0.0675002139477109
"obliging",-0.0560899976768587,-0.233626418684339,-0.211097083756896,-0.120501262428881,0.076842193878765,0.0816869974708717,-0.0765038164083655,-0.00134025784961897,-0.0700258894633451,0.0575777169360251
"obsessive",0.0208608337703797,0.163432394957452,0.135751563892614,-0.256917271943228,-0.065495018908067,-0.036689495515639,-0.11583646077207,0.108193316652381,-0.262077695416162,-0.0837012788929976
"obstinate",0.052302076891906,0.43390190874838,0.11004870679568,-0.0938385267390458,-0.0298156238085448,0.210726630572899,-0.0773218960446337,-0.17712895504535,0.0977099299412695,-0.0619549245303444
"opinionated",-0.0122685474972827,0.493316706113389,-0.130585768051785,-0.0501905621043238,-0.0928495493021643,0.0674577281020994,-0.013554025558338,-0.0502959342720653,-0.0297692771144177,-0.089574782453909
"opportunistic",0.557859765309628,-0.120980767633501,-0.0551558999223009,0.107406621606275,-0.268991202771505,-0.0740543937691591,-0.111530634369951,0.214326377123201,0.0909774132339203,-0.0142775672434885
"optimistic",-0.0076737649113371,-0.218711504174537,-0.200720269303444,0.0759720468994471,-0.127017651162968,-0.015158774699419,0.034658799088608,-0.0132522636967821,0.0641183076500564,-0.0611926970905792
"orderly",0.0460698281058482,-0.0608161566392219,-0.0479212438212847,-0.538399593171981,0.144179891238982,0.0760604004235574,0.031148621032721,0.0881064683165521,-0.0272863923147163,-0.0321901562517775
"outspoken",-0.152873088453464,0.419178800491814,-0.412263907297113,0.147383263955372,-0.329206032516934,-0.0552918930593471,-0.0387458859393299,0.0646595432361196,0.0383489339130224,-0.0321943435161032
"passionate",-0.0110796046677577,0.0366403716811295,-0.000264821250341829,0.065308554984924,-0.100695346441624,0.0144985359381034,0.00356441402462768,-0.0459070610343526,-0.072193627821092,-0.0441534212237519
"passionless",-0.0702386088960996,-0.0499729614388144,0.0427551997523002,-0.0248347919693676,0.0718614763261987,-0.0291570078759365,0.0137373875476844,0.0900971174376353,0.0592042544558715,0.0055831665576406
"passive",-0.00519514416201692,-0.147818737030797,0.0812843670521877,0.108231791071291,0.284150127843321,0.0400516017256084,0.0325636957492793,-0.0200122116157425,0.00187440176815386,-0.00456371350618602
"patient",0.209676586854664,-0.35518511332654,0.0145242339235626,-0.184081684042366,0.30202370858129,0.0206800420479236,0.00190376759690112,-0.100036388301275,0.0503680157506329,0.0355151208326492
"patronizing",0.331830826326892,0.458802259612188,-0.165191656849329,-0.0500141326511951,0.0774916958701765,-0.130723013839581,0.0846365777944861,0.0397565422213045,0.0146704356611912,-0.0244905506959707
"peaceful",0.0069088717947563,-0.24938250030889,0.0510365433252278,0.032364698330599,0.339431066564027,0.00657900680044938,0.057651171586952,-0.096263500202186,-0.00295336360451941,0.00171485116950224
"perceptive",0.0162886871454762,-0.000905186772617155,0.0272462724921079,0.00796798453167172,0.00140604979888013,-0.101931583131052,-0.00331902521252304,0.0203661881559198,-0.0258988203832505,-0.0179163657788758
"perfectionistic",-0.0669684978115798,0.117750801144657,0.165561412571164,-0.491786212171782,-0.0553973325449929,-0.0132389330194954,0.00205458847788297,0.0327872236428377,-0.218244360849716,-0.224050998788341
"persistent",0.0379841327741697,-0.00225364745779301,0.0261814716406581,-0.156776425692022,-0.0925672281939272,0.05045553549713,-0.0301624922879171,0.0267435704237369,-0.0180534844228736,0.0249830240224688
"pessimistic",-0.0517550821011915,0.196968843865438,0.0484878772387597,-0.0217889870868836,0.171888857158088,-0.0219873995555989,-0.0160036135733388,0.0154048545723573,-0.165116401084041,0.0850801486806079
"placid",0.137471977228578,-0.380514930190532,0.0763990250147586,0.0218278192065949,0.564226536785645,0.076377966258519,-0.0331843250810195,-0.202641315580457,0.0866762180395727,0.03273551247668
"playful",-0.0837290219008878,-0.149503018761545,-0.121756956171768,0.196568962979981,-0.131306186365116,0.114353356058926,0.167211325564702,0.0383647983113227,-0.109367872682712,-0.0808558717520352
"poised",0.0598382646395108,-0.140198433119408,-0.134655901158093,-0.233616386703703,-0.0241371854191443,-0.0704374576183818,0.0637685702426959,-0.0595385590770001,0.0911929147803355,-0.194612844829192
"polite",0.00981575332248565,-0.244975471180147,-0.14606280674823,-0.048033807441755,0.114926747504134,-0.025003028719265,-0.0563967730591114,0.00588267242262319,0.00173586711549755,-0.0620697216558878
"pompous",-0.0243799642122796,0.165998830473774,-0.0103595398435895,0.0224130486500046,0.0372522771388335,-0.0610843599778267,0.0269045646083663,0.020009722809083,0.0865112505781341,-0.0982880911205028
"possessive",0.119874292210532,0.139307078110446,0.0160141680202061,-0.122920653422598,-0.0386737448288087,0.0874617494282781,0.101463001353884,-0.102652602252185,0.00480808908802601,-0.0442526604444034
"precise",0.0713034683429932,0.00625522119225826,0.0748673660154136,-0.41971373417783,0.0710455013284889,0.0374044772209242,-0.00281380793255612,0.0777641358259431,-0.0977246302868126,-0.0149115025555643
"predictable",-0.138728770735385,0.044636002298776,-0.15886014313007,-0.333654950551282,0.448110300649927,0.113414713277301,-0.113000850056081,0.106288496963305,0.000147292091613061,0.134040084154318
"prejudiced",-0.0714835507325497,0.0960069062234274,0.0153256077159888,-0.0224063529659616,0.0589185610623554,0.0245897188492753,0.0536141312467447,0.0130731329765232,-0.0245424691581279,0.00666701925715673
"pretentious",0.0532417032911049,0.102727826152819,-0.0164141933016193,0.0322522868432722,0.0146636771371313,-0.0933075916491304,-0.0182496087171097,-0.00992661498225363,0.00135595377717051,-0.166782059405345
"principled",-0.476667761906343,0.00341898973787326,0.0390257465947089,-0.0980330134863473,-0.0384732220093599,0.00838321005509079,0.0139406372191693,-0.0459314441807466,0.0191883711972185,-0.000138713243723871
"progressive",-0.114550580279182,-0.136458390452848,0.0013416712374638,0.143503994393713,-0.262387864452208,-0.353188746931604,0.12091645810888,0.0742548745510413,-0.0068412541449024,-0.049241140948479
"proud",-0.028738348584676,0.0208157819099389,-0.0169282285918586,-0.0131428967776758,-0.0385826864776683,0.0388679072324849,-0.0140397971753402,-0.00511001600992434,0.0380445818213247,-0.0364381869601931
"prudish",-0.0148075761462277,-0.0221432727725433,0.00804367361235272,-0.0806394223982774,0.162120138865123,0.0126645540081778,0.0759313459704028,-0.0339283971852328,0.033394605856751,0.0220706882724661
"punctual",0.0530645588103821,-0.00816395230741608,-0.0360705779554394,-0.516587792617258,0.0838031535687102,0.126431951097304,0.0733729713285028,0.0731348058158235,-0.027640633280994,-0.0213392731162731
"purposeful",-0.00149495903639801,-0.0260286728352419,0.0313526277322199,-0.131020519556968,-0.0793846308566852,0.0195678271455301,-0.0215936604827732,0.0318772349318967,0.0310607631859741,0.00633578461578568
"quarrelsome",-0.14011257282031,0.528970725392797,-0.0711196544219188,0.00896449037992584,-0.0438634043186202,0.0336635664081698,0.0575908764419588,-0.0577520124804867,-0.117052245106387,0.0689845155978439
"rambunctious",-0.10303368368445,0.0178928444357001,-0.0215609156498407,0.17230687138909,-0.25785393626114,0.146196151523647,0.0727130845764619,0.132290728610642,0.0718749271662485,0.0731322267368234
"rash",-0.0719893692549136,0.135672663516612,-0.0930085494924761,0.268191996317618,-0.21698116531354,0.109208248972331,-0.0843721313627317,0.0731709148826645,-0.0600903855466622,0.12004219940443
"rational",0.000243335248973181,-0.0763308849284356,0.0408062848392727,-0.113388043212318,0.0340809397115501,-0.161381456073669,-0.0226749779755077,0.095229581974395,0.0841437310580048,0.0323315298908605
"reasonable",-0.00758217261628613,-0.221373470162794,-0.0326874569394707,-0.053185122338414,0.0919539890289489,-0.0836733276200316,-0.00883955003235592,0.0889850738910597,0.0550671057574136,0.0623299573529386
"rebellious",0.0362268832981732,0.141054596602134,0.159198763843563,0.348745029207997,-0.285684201581573,0.0100160832434297,0.0768769354380635,-0.0556687650271766,0.0371400130044037,0.0653884433838167
"reckless",-0.0261140907606742,-0.0261923545624071,-0.0336891749482012,0.257345477171444,-0.15971900054067,0.0776303443693835,-0.129370594053612,0.0962560758174954,0.0164966393857772,0.0823493223219984
"refined",-0.0712404214106526,0.034678900844687,-0.135876060657218,-0.145082034743224,0.189275562995377,-0.273681469819025,0.0794032187837518,-0.0486688844988716,-0.00966797098064275,-0.451695938646855
"reliable",-0.132695385702285,-0.0548560265705896,0.0389978689001341,-0.222094796091314,0.00419320200026829,0.0429744643309706,0.0721736892836226,0.0694223059672235,0.0527359745448958,0.0926338967843881
"religious",-0.106669139574457,-0.0323446110384402,-0.132365101444017,-0.185282250315271,0.104787991340157,0.041866737773635,0.0684936783140882,-0.173501145002152,0.0942117193189152,-0.0417202493576443
"respectful",-0.203755816332688,-0.175948303188766,-0.0681689260805743,-0.0529487355937948,0.040588847661854,-0.0107723720452885,-0.0461951448276487,-0.0223163737399269,0.021999414643491,-0.0658970778446579
"responsible",-0.10286387909772,-0.0482965050420154,0.0115985999470783,-0.266795685186209,0.00365259135393931,0.0175282919795258,0.0719426837772556,0.0295979145555644,0.0455729606134608,0.0101295735986119
"restless",0.032820700103299,-0.0220433477932493,0.0968950368629968,0.199114250613905,-0.55505137059765,-0.0398418771219306,-0.155130201029673,0.09402290928176,-0.19121982635553,0.065158485125862
"restrained",0.028655257069535,-0.178342388873672,0.249740990970386,-0.171103632539633,0.445757568307759,-0.083198996749403,-0.0192522808881772,-0.0640823397532912,0.11079569537787,-0.00864495069992295
"reverent",0.00509346279179375,-0.129224161748638,-0.0604625790500931,-0.114635898230934,0.184392372710608,-0.0412346977493084,0.0193999026860553,-0.359234406143788,0.070854987739859,0.0120719486314659
"rigid",-0.16975111869765,0.318177329806201,0.0650552359955806,-0.415646288894625,0.15325932323982,0.105949160288992,-0.197255153312146,0.0223117773518383,0.0166916811660198,0.00369895304655431
"rough",-0.0248029289284843,0.226421631212158,0.125021126306853,0.160242798700777,-0.255123412345495,0.206699580046425,-0.112243733233323,-0.0985888142420694,0.114078250446825,0.205601760468238
"ruthless",0.401497840006696,0.17031373167499,-0.0456830119578249,-0.0240811010868802,-0.066941853669154,-0.181688099407575,0.0910267137062832,0.0776833942998323,0.259029409018342,-0.0289570818686108
"sarcastic",0.105475953049327,0.219822241693201,0.0560485252179142,0.174179161450287,-0.0419062173037058,-0.0582103850109057,0.013702126737139,0.121713111808322,0.0155596091268328,0.0183789000194398
"scatterbrained",-0.193331562185882,-0.0306071408417946,-0.0070657041397868,0.418642636305233,0.0311396333649211,-0.128323078898627,-0.0378491579721152,0.0299517578980823,0.0128747235401762,-0.0344716906906615
"scornful",-0.00967205428606271,0.50486267115535,0.00896070315974045,0.0169907844108226,0.0425553167497545,-0.0250433254600305,0.12442485408156,-0.00799598327178713,-0.053910876379258,0.0508029296961812
"scrupulous",-0.380636802760848,0.0385097125697162,0.0695803987963458,-0.44488408053417,0.118601934853334,0.0266724786013707,0.110074148383086,0.0929356370578908,-0.149060725221245,-0.0480318053125917
"secretive",0.644378442787041,-0.217291528049895,0.463036295442826,-0.0494872877600884,0.0377663932378659,0.0371443301561167,-0.0560068391679156,-0.0388100402178985,-0.046402505257638,-0.0166667676776584
"sedate",0.120730803547704,-0.0568898333373704,0.0418517389420303,-0.135700670950703,0.606033714038638,-0.0769206402404618,-0.000696905939529916,-0.231084667876279,0.0801649209353996,0.0391407466313088
"self-critical",-0.207562719108771,0.0285926026864663,0.17986154524137,-0.0231262076857802,0.00288175473312864,-0.257327406176521,-0.0439826980025743,0.0375707479385404,-0.312371585824336,0.0227526258254541
"self-disciplined",-0.0434507855505604,-0.0438031492430959,0.0970536741509114,-0.465527313004717,-0.0308832740658257,0.0389325764171198,0.110320000271568,0.0710321809451008,0.0705867009252179,-0.0542814428208251
"self-indulgent",0.146381335187387,0.0185788074353685,-0.0472025062909271,0.200244085099735,0.00702332885413421,0.051006752763735,-0.0681151592935894,0.0944152313699479,-0.0317229984091562,-0.159287456442752
"self-seeking",0.723156569115039,-0.0560984383139693,-0.0590706246594745,0.0116897923527315,-0.0377538964182407,-0.0760655080801533,0.0375541549356272,0.109015098237547,0.165415546720176,-0.0521499526484098
"selfless",-0.362844713317216,-0.163166008862433,-0.0793576592526674,-0.0426991436291842,-0.0439585988726878,0.0184405399340362,-0.0294427314745042,-0.134510831971913,-0.0965530297348599,0.141797787792529
"sensitive",0.00857444282587027,-0.207180426650216,-0.118703845239722,0.0727124054352021,0.134861895386268,-0.0539981357986643,0.169001878808424,-0.324093121493013,-0.22360359567533,-0.0179633581690249
"sensual",-0.128457560776959,-0.0340415496802326,0.0514843785705006,0.119175753904801,-0.0885842513036208,0.0467464057585452,0.101958358490792,-0.00732212046795735,-0.0475560939205572,-0.233394497769985
"sentimental",0.0802803612198691,-0.0190303918230887,-0.174019126024483,0.1037389700609,0.269583240792595,0.132499228686932,0.134462515041322,-0.374580528006034,-0.214551510032968,0.0018057943330485
"serious",0.00436306971950835,0.0163401147735568,0.0978831472323142,-0.204610048400065,0.0119241792336782,-0.0950495977616225,-0.0392828016924236,-0.0329106694063615,0.00822228541872031,0.0170126589422027
"sexy",-0.0749067261683638,-0.0499499877947166,-0.0307380039301024,0.0460028604933856,-0.233682187002521,0.0278124866744214,0.053327851400284,0.110634583986223,0.0215762426124191,-0.13801200767264
"shrewd",0.193451708707813,0.0441222522276326,0.0783186216102612,-0.121688585060872,-0.0592880561847852,-0.167287735642358,-0.143025432420066,0.0884267569102568,-0.0491249411475297,-0.0579156554448204
"silent",0.0711070801921673,-0.122428044721853,0.556208206578965,-0.0620184008939251,0.162941157707304,0.0380529095980176,-0.0225405027506819,-0.0638915401340209,-0.0486899266310898,0.0743757304142144
"sincere",-0.502962585834043,-0.00466559786110643,-0.0835618917933882,0.0117084314898302,0.0261382123545633,-0.00329862849247642,0.0258302208394099,-0.0223586651377861,0.00454468585116775,0.0627373947985793
"skeptical",0.0443619432812117,0.169784676242844,0.17098960986566,-0.00535515776140806,0.186031159818917,-0.111413300390136,-0.161828121800953,0.0410921993987668,-0.124374124541545,0.060119775405784
"sluggish",-0.122156232670912,0.000468366599119798,0.00614242150368335,0.182851582785516,0.0816447763474921,-0.0431240442580805,0.0106389745589936,-0.000354942813281491,0.0705887320328278,-0.0316230406377629
"sly",0.944965693156536,-0.269370611900528,0.155545864281524,-0.0416891735926058,-0.100077241305323,0.0170010122457346,-0.025991905977007,-0.0280980367153595,0.101288714946824,0.070520915065202
"smart",-0.0208716724645621,-0.0305904377014336,0.0660642282218854,0.0141772075582612,-0.00449897407205482,-0.143863389841748,-0.00572406500710562,0.100091921778008,0.0405465703638825,-0.037385505202287
"smug",0.470569019080803,0.20522929022434,-0.071171678067941,-0.0341438883697101,0.0514876176303977,-0.0876807439187463,0.0861208543101445,0.0816375996564337,0.0990654664836655,-0.0890904407299639
"snobbish",-0.0589493192877091,0.262854574645289,0.0339252104139663,-0.00842655836457988,0.0459771341745809,-0.0650291525964292,0.0750949666547849,0.0249378298169393,0.0243723178279599,-0.1546620998979
"sociable",-0.00935171634631884,-0.125357667499658,-0.575130344150006,0.0391664739132676,-0.112762593023828,0.10147916697123,0.0182092608291657,0.0278490669627665,-0.00693978709015048,-0.12958771740297
"social",0.0131445990465701,-0.100351247446707,-0.59220759923066,0.0670612404389121,-0.104353472446686,-0.0192786837655936,0.0201842664619213,-0.00299918140535565,0.019837819587558,-0.0962975557568129
"somber",0.0594155372006225,0.0287473400296665,0.293828551485201,-0.0094327968124143,0.0826556676451523,-0.0602299770280343,-0.045398538389458,-0.133804899277646,0.0318881539977498,0.0501206512840266
"sophisticated",-0.105962249973971,-0.019846489481202,-0.0167984569389784,-0.0190261259788706,-0.0182893493764635,-0.438150525396795,0.0441943588759616,0.11192020240424,0.10345260894518,-0.382571468046055
"spirited",0.0272479080981833,-0.00452944533308721,-0.201278497954498,0.0720094735377345,-0.318948487413626,0.137195037292795,-0.0124580251478822,-0.110591525438075,-0.066864696030517,-0.0229439260747845
"spontaneous",-0.0286369787423575,-0.133137353533721,0.0150903575871969,0.377328202415495,-0.385522229813212,0.0450162339705915,0.0983643412015545,0.0372331823534272,-0.00157017275789921,0.012107382275322
"stern",-0.0700155689036456,0.426708287836577,0.0714439990936046,-0.237425377121696,-0.0652581008482959,-0.0116028946849005,-0.135181523808309,-0.0741626722667216,0.149411216866614,0.02716260103622
"stingy",0.156360696224561,-0.0136403849273504,0.00180358620197846,0.0242914277647079,0.114925830213013,0.0501709978051927,-0.0619556567774966,0.0769791363009853,-0.0215724403873291,0.0459683470675525
"straightforward",-0.678131217553408,0.166471600209604,-0.169522003511188,0.0479365944286369,-0.0146579494608832,-0.0274570467158464,-0.0423378820620352,0.162597724689799,0.0250343693409084,0.141267127327067
"strict",-0.068806480222769,0.188776682806205,-0.0056687383639577,-0.489993240154926,-0.0392681136736894,0.0577930642461141,-0.0762815956598591,0.0657995230835271,0.0688989567214715,-0.0246900719606298
"stubborn",-0.0142062385568992,0.319782879246663,0.0558681350594683,-0.182846761941094,-0.127729152174779,0.227445979981418,-0.11565193036541,-0.0855763071570768,0.0233155114541748,-0.0452417712967676
"subjective",0.3340465463714,-0.0415478892118905,-0.0196029024111675,0.190804686862487,0.047979942558184,0.089345150043887,0.046476285975633,-0.190408636098152,-0.220995338143401,-0.0957313111394134
"submissive",-0.0231458433042516,-0.135329074635885,0.00758863269204211,0.0154585057899076,0.160096738272278,0.0246375550620488,0.0535054875941137,0.00432980087367458,-0.0169491580897253,0.0208357970182401
"suggestible",-0.0214121164969352,-0.143063013227323,-0.0756118769453265,0.0608005076743672,0.017421951654102,0.0421919066184678,0.0724883463774251,0.081810409045432,-0.0288336801564423,0.00156066291728135
"superstitious",-0.00352860990494319,-0.0499759306811558,0.0336416626088233,0.00705690557985972,0.0194136006090835,0.0662444912052194,-0.0149057460755105,-0.00938259995501059,-0.0221446320528941,0.0508783352645243
"surly",-0.09469068398392,0.417724172324387,0.214439212484338,0.0397971482060674,-0.0232058339233015,0.0909285823933527,0.0658441175623141,-0.0513328566699837,-0.0462726001718291,0.0883300365074456
"suspicious",0.757095797904366,-0.0847450017498118,0.177218750173256,-0.0781487956777023,-0.00323572155247874,0.107802391358841,-0.0578479111926258,-0.0799262322595305,-0.0821787958184715,0.127153672208035
"tactful",-0.00735389724284938,-0.49190581606481,-0.137643670717778,-0.0764350413026382,0.0616297169022087,-0.171747556491746,-0.0557040785811715,-0.0491548787084513,0.164330610652193,-0.242797850383811
"tactless",-0.0935039227174796,0.53072367763559,0.0391571876958455,0.119800479823727,-0.0182654483026496,0.0730454509546698,0.0917006477786807,0.125244409729843,-0.116322299872595,0.196919553607775
"tenacious",0.065495912921333,0.0144014672995247,0.0507498718010239,-0.147986344993431,-0.182047385248241,0.0476490817869234,-0.0490923990011596,0.0109962037876943,-0.00840020262535572,0.0213940372974367
"thoughtful",-0.0109315029846372,-0.0954354147194868,-0.0434720283999673,-0.0374976459180845,0.0809601490577767,-0.0992316842601235,0.00463056869356787,-0.0787718759677746,-0.0510153514351923,-0.00267027540080998
"thoughtless",0.10741478767442,0.0368815531104817,-0.0538135394260197,0.166733991293355,-0.00232708352821659,0.084475165110226,-0.0275664582587528,0.0600064952318652,0.0153423361954059,0.0404913839356578
"thrifty",0.0178947847529217,-0.0264238425256912,0.0815079099985586,-0.139270532636534,0.190040701988629,-0.0212559993274001,0.10228606781059,-0.0682648435909796,-0.016237686629569,0.158321781498652
"tolerant",0.153224330679657,-0.548743208874353,-0.0240492139974835,0.125845443632744,0.0788167703899675,-0.0527457185304573,0.0242604440466839,-0.0525139108096713,0.145520768448006,0.0142371077671452
"tough",0.0342829937700751,0.070620765111285,0.0370353099069751,-0.147888286786249,-0.356166565010812,0.139748083599855,-0.0849658159744303,-0.0139457310249093,0.1986872131797,0.120500559477412
"traditional",0.0645184548659377,0.119133193074209,-0.188371319596492,-0.278353205917054,0.368145043242854,0.167714216374895,-0.196015536837679,-0.183408404193704,0.073083733344568,0.0107731884549316
"transparent",-0.66035861917593,0.0306907808647005,-0.310520584389714,0.0391884215420764,0.0105269936634934,-0.135689614629164,0.0244651122968128,0.132417438746459,-0.0116459882303357,-0.00161119547788212
"truthful",-0.561016850971683,0.0655027876792011,-0.0255815901638528,0.0066819118431365,0.0305583970975301,-0.0754086342752229,0.0775507479092332,0.10915571946108,0.0417579229796646,0.0274982396693773
"unaffectionate",0.0216988520992006,0.150330896943589,0.465654395180125,0.000542319513617923,-0.00380070478305375,-0.0559729031511482,0.00344266117537387,0.204794299324712,0.136591152077471,-0.069100556313698
"unaggressive",-0.0832378718709447,-0.284094580139195,0.0771019057869179,0.0836213032483171,0.424007394922443,0.0377508080854217,0.000135618881062135,-0.0090773082396964,-0.189421119475666,-0.00155390653023682
"unambitious",-0.0112962784961519,-0.0189548074536457,-0.0315195905829543,0.0785795869321951,0.23648094334135,0.0713889613328016,0.035120344292844,4.15222588293255e-06,0.0163475301219182,0.0586672403147634
"unassuming",-0.128916683082696,-0.359493131843023,0.139748460142989,0.0873903899149573,0.366743801496831,0.0929221941652856,-0.104616317437152,-0.151091051050608,-0.129546486578033,0.167297663497298
"uncommunicative",-0.0168228518280039,-0.0818545006530207,0.723270582987514,-0.0185978528001133,-0.0457191389287172,0.0936774200120064,0.0116601383818808,0.0167806442279157,0.0319394829912385,-0.023943839433071
"uncompetitive",-0.0861604285980266,-0.0415518740390103,0.0208398531419276,0.202320295620694,0.458549193955147,0.063908523756602,0.189900364406598,-0.240334647656394,-0.0710311008639819,0.0878602008231895
"unconventional",0.152377352481785,-0.0742684512919637,0.282970841161839,0.443629341624487,-0.319891134979642,-0.0970722894773983,0.0463031000870211,-0.159284299391685,-0.152833829149901,-0.0264099121129962
"uncouth",-0.0645258021605614,0.0117523546366229,0.0899163476177848,0.0592058817865709,-0.0203044191432712,0.0158217041955397,0.0349462366087858,0.0661704658984554,0.0574100473980403,0.0863262564016782
"underhanded",0.859595085202647,-0.159763747350911,-0.0475281495441585,-0.0226186350913615,0.0195836161356159,-0.0759555079742601,0.0323707495771483,-0.0338624891534992,0.139834346838283,0.0794161883183915
"understanding",0.0378233345604751,-0.355965500823283,-0.235633172889604,0.0717077774037977,0.0484748344970215,-0.0925405760386469,-0.0339332768863093,-0.0911546176508485,0.0464238682800236,0.0488550831345912
"unforgiving",-0.027733779263367,0.641059714939463,0.00234816026682791,-0.1472342893056,-0.0551697305177103,0.0216002605656216,0.0138251822678033,0.0146288812764595,-0.0594192024810244,-0.0364773727998491
"unfriendly",-0.0888003274744288,0.293871956277767,0.385736246485254,-0.0199257867528794,-0.00511498282900549,0.0205926256527353,0.0993629595585757,0.0262119639692564,0.00667053796183645,0.00387065213408924
"ungracious",0.0150967748934715,0.450406129001955,0.143941109847359,0.0301543179650357,0.0476916421609863,0.00649300027091258,0.129309891686392,0.0064118845582357,-0.063739662045971,0.0155130450046509
"uninhibited",0.0547542493879742,-0.0218814022125202,-0.138455345097756,0.366844665157716,-0.41140520215416,0.07060203270662,0.0323792058196605,0.0215956616221248,0.0687785740110144,0.00166197426528279
"unobservant",-0.0857465130899873,-0.0490688750511894,-0.00743132768303822,0.163398227850779,0.0447348419717764,-0.0184481845610443,-0.0328287672646581,0.0644317127712895,0.0402061644226901,0.0221040960922429
"unpredictable",0.175968251191345,-0.03476637938312,0.105492795143947,0.467301225875809,-0.329805921682101,-0.00678436609863151,-0.043779353899631,-0.0439483713267457,-0.0185434867861242,0.0431724876860121
"unreliable",0.0860330406258834,-0.0773817768986382,-0.0601184840911035,0.358439650307721,0.0775863059270366,-0.0327210503925881,-0.19398582390823,-0.00693670530435856,-0.0249592954014697,-0.0564359002753403
"unruly",-0.0762425358156842,0.144599351442951,0.0298548779910924,0.338892956801038,-0.163853905403248,0.0614988752070259,0.0238231733323403,-0.0447854676470593,0.092794674446976,0.126624902948097
"unscrupulous",0.837619104324899,-0.162146538893992,-0.0922365804012013,-0.0106849046542152,0.0192270545199532,-0.0806197840739293,0.00239065573430956,-0.00596071406734316,0.164964219512084,0.0953597759798675
"unselfish",-0.385042550587504,-0.140695430780962,-0.0613555564017884,-0.0314732376981233,-0.0408363995531252,0.0190618953472072,-0.00734377811717276,-0.14072186769134,-0.0689261490025766,0.109026601157233
"unsociable",-0.0470466487240605,0.0721452576145786,0.657865009159376,0.00358032803848754,0.024515866042898,0.0223527219892555,0.0342932928963016,0.0536809710196118,-0.0210817419318154,0.0220515964895898
"unstable",-0.0596851136107239,-0.00757541745314659,-0.00848900165977067,0.0958576561719642,-0.0266184844223736,0.0329135087132767,-0.081076845808977,0.00636042770159286,-0.0387778593474349,0.0297032002295559
"vague",0.0121029947258404,-0.13275434896507,0.28126625576967,0.195076587635767,-0.0483531167932237,0.0277999116489765,-0.0559145577208755,-0.157613487716074,-0.0288141707783026,-0.104920495705314
"vain",0.118730243946849,0.0212372622739594,-0.0416228684834972,-0.0266805571242576,-0.00429042177242708,0.0183394871838883,0.0195909537582015,0.0665920639867855,0.029182474224276,-0.21813499024643
"versatile",0.0609462122178604,-0.0694979550617855,0.0466432802206344,0.0686561271571792,-0.155454259860921,-0.0805478839351157,0.0286709930011162,0.0471001126394679,-0.0716790674885254,-0.0354474471618805
"vindictive",0.295253320144398,0.100826209564393,-0.0132491605060448,-0.00573860962093916,0.0600405151685241,-0.07620875963603,0.128519646383858,0.0295044566954938,0.126428145961653,0.0393335754602358
"vivacious",-0.104848784227682,-0.0421545267698573,-0.203708995843009,0.107207281656823,-0.230970040321543,0.0636256633509334,0.365344026286321,0.0452256318428563,-0.0209585103709955,-0.202026974777071
"volatile",-0.0679172818243299,0.186116354572575,-0.0159736058930756,0.124495907790887,-0.189197893499556,0.0636910082150585,0.00171196528276053,0.00050057324239141,-0.00955665389680328,0.0808631839998414
"wary",0.222590761252253,0.103210584099122,0.193690738346448,-0.127750457953111,0.240970728599646,0.0340674301989301,-0.0460330499022182,-0.101134669437714,-0.123305558295104,0.129275065203557
"wasteful",-0.0397345832242617,-0.0587290130150107,-0.0710200961211635,0.107423518350972,0.0161403290918905,0.0397419185338537,-0.14368515601408,0.0700156814332235,-0.0264427779989262,-0.0409569864012888
"weariless",0.1058877960621,-0.0542724649182803,0.040004357778479,-0.301602766513522,-0.00966309284283449,0.150851674560355,0.0543442777252929,0.0124437953457334,0.0706969189359551,0.025056260152437
"wise",-0.0118517474690966,-0.00824174091207746,0.02115993591787,-0.00879692752210908,0.0561350446651902,-0.100436045688395,0.00336138409051503,-0.00240185567291287,0.0674731379943204,-0.0265574360665516
"wishy-washy",-0.088110659601338,-0.0539857714124897,-0.013253930900624,0.0664420533043569,0.0673902823300986,-0.0214650289403099,0.0133830721868432,0.0312953027513636,0.0233717348598967,-0.0632188436966489
"witty",0.0653475152404036,-0.127283522709931,-0.0925872299377526,0.145492516626829,-0.0973148342717556,-0.217406444060823,-0.0130179510225888,0.0840492004928927,0.0229399712037175,-0.10153907314417
"wordy",0.0499612720643855,0.082404390839535,-0.246408206160824,0.179531739307975,0.166494686823656,-0.313314227276895,-0.110783184129956,-0.0448019921840159,-0.085653978446301,-0.0490107798002355
"worldly",0.0247141248534829,0.0394978002054904,-0.0994993626102653,0.160337109124288,-0.197220230657208,-0.269477524151332,-0.128325424362903,-0.0887185103097426,0.0479477263389512,-0.263689744313636
"zealous",0.0326807465566103,0.07407857221657,0.0133785851379001,-0.0660761440298463,-0.251788110639849,0.0414299446138327,-0.0187989440827492,-0.0391588744628992,-0.133638440472775,-0.0241130570705715
"abrasive",-0.0763049606900132,0.685850902029604,0.041855066563471,-0.0548287177897877,-0.158887973717653,-0.031812486434634,0.107205286114892,0.0267274317959629,-0.0298781340793809,0.0662246689417309
"abstinent",-0.0718530594550355,0.00185303265565314,0.0690772606078551,-0.0980482440808579,0.188646002886619,-0.00588446076917333,0.0731372774115165,0.0609584248673039,0.0376997021475178,0.119948362208313
"abstract",-0.0769744450186811,-0.103316412003531,0.239693673807506,0.442332334375641,-0.0237722122636748,-0.405367862201413,0.0854526565108171,0.0320476819179652,-0.00673896423504923,-0.116029571888432
"acceptant",0.0829645189152292,-0.433262500823658,-0.154012378570827,0.145145070224889,0.00222773952737838,-0.125844981686401,0.00922175323567019,0.0168847963235654,0.111690031044782,0.0659120577823848
"accessible",-0.0286670901592006,-0.12713821652067,-0.589911244137916,0.0188737460149091,0.0871321441235053,-0.0271014787206778,-0.0106876565995417,0.0295676571856086,0.0196004439433376,0.076877152998407
"accomplished",-0.0587913655958205,0.0151885200497097,0.0618258771074665,-0.0494645064650144,-0.0546611599430895,-0.0898265477046318,-0.0210112863884734,0.00247324634083591,0.0669549802591251,-0.143776295412986
"accurate",-0.0183119380668365,0.00509302590058924,0.0451529575492459,-0.213777262808412,0.0482827431082971,0.00296689398663125,0.0183814741830402,0.105356863512959,-0.0165434938392697,0.0126753026475442
"acid",0.0170500048866699,0.46312839630331,0.00606539302097563,0.0682824213258321,-0.0606094724198598,-0.13820741447392,0.134102868884896,-0.0421249394117577,-0.000676067565203642,0.0217389654412058
"acquiescent",0.10681820417899,-0.291017719132119,-0.0764112537898762,0.0483970050964655,0.317199453182286,0.013681743053203,0.094871389079934,-0.0769267872983781,0.0193407554569779,0.077051850240599
"acquisitive",0.442194236859727,0.0435440354985139,-0.0789069240911296,-0.0290828267564466,0.0610038692070923,0.00882044331828064,-0.199215343073208,0.180874233535614,-0.0202873488488597,-0.106874217037295
"adaptive",0.120809809245088,-0.178012532726351,0.0806083923705696,0.0456100113203258,-0.212501687323147,-0.191057058239142,0.0677598436523377,0.139115879701064,-0.0348789571009919,0.0723773846120175
"adjustable",0.160582715415896,-0.292751333342296,-0.00497643627154895,0.0434761672151304,-0.147924224372107,-0.133902852437412,0.0394909637580268,0.136710961197327,-0.0521233918747769,0.0662320203709603
"affable",0.0575079955893258,-0.310201366745913,-0.473073466991329,0.0586861878484089,0.0516953935428654,0.117419421785808,-0.0851396568558854,-0.0431212990359616,-0.00915783185518845,-0.0444192880771504
"affected",0.284824723238629,0.0341615117269809,-0.0620505459461331,0.0229211504281483,0.0344842216590129,-0.0747221936717685,0.0655183011914666,-0.0596922320441572,-0.0469654165958234,0.0101528437766897
"affirmative",-0.0176269878053571,-0.086219651913184,-0.180501034835572,-0.0512010031610755,-0.0563686013696725,-0.070463329874994,-0.02995254539565,0.0601844186139152,0.0702789203277324,0.0342502120262887
"agitable",-0.160735822827385,0.239601979632545,-0.0948461697790255,0.0965512690414027,-0.187547877935424,0.115210619885553,0.0376389782716068,0.00181813491409276,-0.232819899849533,0.0907958879890033
"agitative",-0.0113208709697803,0.329900645074996,-0.1232988343524,0.0775254440130818,-0.297049945652887,-0.0509814724492587,0.0443964027661859,0.0129003954864693,-0.0310839373449897,0.0792347770172142
"aimful",0.0215581254568473,-0.0278285404755232,0.0523154892050625,-0.220665748588567,-0.110779250422252,0.00845811896069635,0.00166101526279325,0.0625634792999227,0.0144111867611195,0.0203659529362027
"alarmable",-0.0442088396137182,-0.055395438384935,-0.0387633118174969,-0.0219973373034704,-0.00574213092320879,0.0164717400425268,0.0891625542696978,0.0110558325871819,-0.175512542997773,0.066424597237124
"amicable",-0.0598385650108519,-0.334356918336096,-0.474330125336254,0.0398876734920679,0.077525203209959,0.0281772538639005,-0.102430659012282,-0.0395358476303887,-0.00386664761752227,-0.0629133638403039
"amorous",-0.0917845566525896,-0.0301737151773801,-0.0386031958948717,0.0914046940540898,-0.038756224627633,-0.000928650401413986,0.0320712632994084,0.0343754669266688,0.00740837199113427,-0.0541586228248428
"angelic",-0.0599155562272835,-0.164697503072204,-0.139641041071704,-0.0848473149187458,0.0660978781431546,0.067795692369306,0.278378920754292,-0.164051701338603,0.00140666699960679,-0.0037622066144323
"anticipative",0.0506747813812797,-0.0896355081205083,-0.0135574234836171,-0.136259410995857,-0.168478892394282,-0.135880241068519,0.0275425541982816,0.0968451774273221,-0.0857036004130679,-0.011370375450756
"antisocial",0.0203759610048819,0.0187633534027819,0.593546492362986,0.0425581967031736,0.0111320727616084,0.00140745528112434,0.0239810310419685,0.0631318036449151,-0.00977202845254755,0.0463042221176914
"appreciative",0.00732464532256917,-0.155277327115571,-0.0570866902730534,0.0442851000572079,0.0276485395136482,0.000696501642729577,-0.00600499193383414,-0.0728451930084803,-0.00703450866260033,-0.0147768985071741
"approachable",-0.0298413669069357,-0.30088317354204,-0.502678700431229,0.0525862131336917,0.0666940542873442,0.0715665555029236,-0.0464075523729686,-0.0264581195431792,-0.00146715961396059,-0.0102284651384174
"arbitrary",0.0397160856315467,-0.00846492680900303,0.0443606454835149,0.194575046328586,0.0276119724859551,-0.00676036505524481,-0.000182714158119786,0.00925279016789454,0.00528296123858637,-0.0120241193029179
"arbitrative",0.146775453107217,0.087043937557183,-0.223587892583592,-0.104688898419594,0.0704314532935612,-0.392438305989407,-0.0571949496625004,0.0172475126745209,0.192980916186838,0.000300368471330794
"aristocratic",-0.0322592498994728,0.0297790089421927,-0.00995724208214438,-0.0258779686765199,-0.0331134116095407,-0.10948389186368,-0.0135356046467488,0.0120991557932933,0.166882630534224,-0.229345487871651
"arrogant",0.00816017199849139,0.422984675172941,0.0259067136822633,0.00787128639255671,-0.0849945824600186,-0.0947640516480225,0.0617268205575003,0.0598068947143731,0.0887116909587077,-0.0925613073714699
"ascendant",-0.0955971052370187,0.0018371158797461,-0.0360523852019461,0.00259002994352172,-0.404941837009612,-0.235118571112977,0.0151247615619312,0.127004534808342,0.158853959057001,-0.217288175766796
"asocial",-0.00734800723697445,-0.0070246874082758,0.647973623546247,0.0230356376426445,0.0313994000915862,-0.00984971269677313,0.00181725671766884,0.0611328160311118,-0.0393748628650413,0.0248033960283464
"astute",0.0854117991978829,-0.0209981666866692,0.0378651161797904,-0.130047990958067,0.00188979673921334,-0.138248704764468,-0.0514097144199182,0.0491361517927964,-0.00782828338408076,-0.0319869289400928
"audacious",0.200638631643429,0.0186641284795189,-0.0343501347531389,0.228095504341769,-0.529821796899929,0.00827450082017028,-0.0459848898857222,0.00841021572236687,0.0907159317168468,-0.059432065980299
"austere",-0.119697433140526,0.159462373942529,0.310210517187855,-0.120850032034839,0.045219303865705,-0.0875725792503384,-0.0608408786903681,-0.0171772288249184,0.184981368881952,-0.0163533084434166
"authoritative",-0.0426398179546501,0.209005371771151,-0.13243491514064,-0.191516003131389,-0.161070834577511,-0.171156390409216,-0.0695972476705424,-0.0777737718233173,0.191461719723929,-0.121584295502442
"autocratic",0.0833593619922753,0.461402318188423,-0.049935396677866,-0.148658588448592,-0.0413113503451537,-0.116796516966458,0.111914754695968,-0.0322110050769881,0.21540171573553,-0.071509716712043
"aweless",0.0340534588471472,0.110514830256856,0.0571823609137225,0.139806589003642,0.0586623550085913,0.0661085434570698,-0.0720801478419826,0.154037906457676,-0.00676904684037324,0.0877010701698548
"awkward",-0.0817988645377555,-0.0568452734258742,0.355076427134295,0.109220584957925,0.116984943358676,-0.0191187071653229,0.0133123986795053,0.0736741240286542,-0.141470983441189,0.121653234382854
"balky",-0.193558901537153,0.299310327873616,0.135170836681327,0.100928672581691,0.108024359571332,0.198311369380565,-0.0437902239280058,-0.161617270623646,-0.000400763095884262,-0.0589647643322622
"bendable",0.28459096834581,-0.237353814535922,-0.0907458030422056,0.131409388316418,-0.21004740751436,-0.125333408299042,0.168566291493739,-0.0850882864570787,-0.0119140336936382,0.0491827622811819
"beneficent",-0.176798234379069,-0.134965451020641,-0.203903575966175,-0.0216677866261481,-0.0231955986627005,-0.0340253266551214,0.00873179995444825,-0.264114522959942,0.00742933023384725,-0.0183307726660014
"biased",0.419187633015899,0.25186887211058,-0.0921020418885693,0.00664837203338777,0.119068005948112,0.0778652691457104,0.0426405978822359,-0.0554603833994787,-0.0113407916584596,0.0159130049704983
"big-headed",0.333958749007085,0.301866237725615,-0.0685504345069757,-0.0449003791662412,-0.051602994936931,0.00789208740355428,0.0712452768129339,0.103136529157686,0.0968705008178267,-0.134262824631416
"big-hearted",-0.140944773401609,-0.260839498349687,-0.25262480452397,0.0633678433183418,-0.0363234759275342,0.0973871587225137,-0.0210930863724597,-0.218245188198994,-0.0385050189999259,0.0841704122544411
"big-mouthed",0.121384245683639,0.133162431141043,-0.217966809887384,0.105897704075078,-0.0567587956226973,0.149159726212377,0.0262127712342517,0.124967982852667,-0.0599199074370721,0.0801344288876612
"blase",-0.0281817370232725,-0.0267702701627978,0.0800073310265617,0.108358865199787,0.0777747123425845,-0.00644659411344431,0.0158990626951515,0.0631416366952736,0.0730348787416208,-0.0161036407990445
"blasphemous",-0.0729959275889709,-0.00333322810266545,0.0299178611725386,0.020274712326887,-0.00727244403085253,-0.00562064587133144,0.0288105317236107,0.0203930340659123,0.0416302587271114,0.0010436990490216
"blunt",-0.0911944904877925,0.41368289629313,0.0494792780118764,0.00650776908456753,-0.130558785736735,0.138021472819131,-0.109682845135239,0.0304634900181082,0.00552646448432697,0.110125144558515
"blunt-witted",-0.0590956472572489,-0.0174397402289141,0.00507272876420005,0.00959270692524198,0.0186523976799438,0.0514415155511188,8.88738680713624e-05,0.0151965876119985,0.0387167214744432,0.0187705288264757
"blustery",-0.00178630466608783,0.205154125673147,-0.082990197890534,0.0939993797817914,-0.14775439349229,0.109645460344188,-0.0901708897727519,-0.0476175689253887,0.0171839476959566,0.100792758202681
"boastless",-0.257239969755522,-0.142878025059239,0.205772685323698,0.0314098874209328,0.145146978718147,0.0163630117661082,0.0297714417728214,-0.073371259264421,-0.0696756725109101,0.157751805474767
"bookish",0.160474268543311,-0.0498064799147861,-0.0695382815771138,0.023528973466159,0.286095762531158,-0.621719427749696,0.115797105108617,0.065829751213062,0.0521047981946155,0.176332797408947
"boorish",-0.107837298096639,0.182709497974645,0.0932635621487481,0.0540263158611841,-0.00374644699736316,0.0567239963792808,0.0656441948571053,0.0403838428261147,0.0360114777373351,0.0790925105153809
"bountiful",0.0709554215095605,-0.0920797794133476,-0.228266502004057,-0.070733298542674,-0.0554746935963841,0.101572363948292,0.16249833286804,-0.270373120031087,0.046949436375205,-0.102122427715208
"boyish",0.00745055884450993,-0.182603691953868,0.0119478443571775,0.172252446469589,-0.0989256764723605,0.0405501550596165,-0.183174582272942,0.100661649672356,-0.0672650319127512,0.0830671005087577
"brainy",0.00493262428930022,-0.0160470057860607,0.0907852629735084,-0.000531149964473367,-0.000739257688020424,-0.447547583597122,0.0191634450317632,0.106576562744199,0.0238497739852801,-0.00966823395467661
"brash",-0.09810807032664,0.222600060107279,-0.0512953049808001,0.162223803465682,-0.301250041593996,0.113032214514015,0.0162874251546077,0.0721249625273594,0.0687316388329482,0.0629280913459194
"brawlsome",-0.0865161551010738,0.0907647165727156,0.0141027768065116,0.0655742261543752,-0.0647036926081953,0.0362231282774,0.0381110614566304,-0.00498699175806802,0.0612504964890434,0.090524720664615
"brazen",0.416665976722872,0.0712385141050724,-0.0721382199868083,0.23026487861641,-0.352066421687803,0.0302830784506144,-0.10395570315273,0.0735719772035179,0.13901447781095,0.0826916705177999
"breezy",0.0741774933549033,-0.22209868944593,-0.222035354954703,0.259308116649966,-0.0651931227363985,0.138409254001774,0.101754264778465,0.0657704770324373,-0.00263691924984118,-0.0263576597966921
"brisk",0.0392125234623666,0.0228641041852929,-0.120578500411715,-0.283499918214432,-0.352754123600105,0.0616040251350946,-0.0946417027657626,0.242036497214707,-0.0143440338797693,0.0606178618569947
"bristly",-0.0908051884718623,0.436883394983072,0.139843505212336,0.0652148897171701,-0.0833385067719669,0.0478203477069741,0.0295987825015685,-0.111524787397615,-0.0166967951726253,0.072367274664031
"broad-minded",0.0889351791879441,-0.277046760710852,-0.0740942060116308,0.219448543501708,-0.171242539634929,-0.20008616224902,0.0280226967420454,-0.00110470088934998,0.0616198901903524,0.0125701591964951
"broad-spoken",0.149772432395418,0.174300688891937,-0.366019189699754,0.179745055698743,-0.130193131773859,0.235992561931474,-0.244270748471038,-0.0773807166342018,0.0553859055463182,0.141093135268674
"broody",0.132917323658901,-0.0870691134504954,0.437484510843762,0.0780219372762907,-0.00737035624173342,0.039754049976914,0.0956571226505905,-0.229553375471569,-0.0499664806549718,-0.0125261852315044
"brusque",-0.232537063262173,0.587807212164661,0.268542185467729,-0.0102708916631259,-0.190798529510779,0.0202100786003725,-0.0439820141674358,0.0579660749028474,0.053390036183151,0.0588790047524996
"brutal",-0.0594946112691331,0.231280181079145,0.014258275035579,0.0585615742158756,-0.13104961693266,-0.0582205931066675,0.0509344080640042,-0.00203988943157805,0.136355230132766,0.0283443182802887
"bubbly",-0.0300505059741286,-0.112249233009146,-0.21608913496793,0.0544266761225215,-0.0319652189111732,0.14692404463706,0.32658794318015,0.11735233185109,-0.0495078587705868,-0.103723378696979
"bullish",0.0212612421929288,0.124323849846837,-0.147838496967009,-0.109481572794045,-0.454239109095939,0.113447362784597,-0.228476289901543,0.14937447698847,0.256281384655409,-0.113751134586661
"bullying",0.108457182039267,0.177708298400193,-0.0259652466153301,-0.0149788521298046,0.0253202424262482,-0.0474472010210043,0.1309614207467,-0.00444207062357409,0.0890722458796169,0.0199191285859351
"buoyant",0.0367139012192521,-0.228411265599383,-0.269619505108801,0.115364343400197,-0.268719180840666,0.147005208170251,0.0857342328246045,0.0380456763692364,0.0924060643152648,-0.0817071726505375
"businesslike",0.0505721585511583,0.0205729649085804,-0.118529696450458,-0.447761027250256,0.00820259625881892,-0.118319688589532,-0.203769052165589,0.268854955853133,0.00751808025158183,-0.167227728106536
"busyish",-0.023577216660288,-0.026910102737968,-0.00213777091864314,-0.0374161525175797,-0.0645127304980904,-0.0252899333776003,0.00925422828521142,0.0735698622382001,-0.012651018044439,-0.0185296974919728
"cagey",0.797338483389173,-0.211396739279205,0.268030173697789,-0.146900431486266,0.0472921048608344,0.0242390468178539,-0.115454535921348,-0.0391953267341055,-0.0645722800772186,0.0352903872220677
"calculable",0.0632661027254073,-0.020844605328637,0.0275716408106207,-0.431534690747163,0.0952608937991034,-0.0679353773758001,-0.139476208552271,0.24747977051184,0.0163756615499091,0.00172764197439301
"calculating",0.367529533054541,-0.0254332026269852,0.136589096960774,-0.257427169018883,-0.0607766691950183,-0.23040747338316,-0.158362223428569,0.271140794684158,0.000961815869835363,0.0303592550640423
"calm",0.100659264651438,-0.204980007055829,0.056253153779413,-0.0238971663191571,0.245237505280093,-0.0342142654439593,-0.0192433565038477,-0.0580331564284381,0.13661309762364,-0.0527116615406504
"canny",0.0863926613223998,-0.0381269921192583,0.0402322726945023,-0.122641985104108,0.0381492917015151,-0.051911407785714,-0.0186274233900897,0.0352577407078591,-0.0520206070730002,-0.053269627992006
"cantankerous",-0.178166497042771,0.572795565786029,0.0641555700395958,0.0156562503401238,0.0480108269190701,0.169689946671555,-0.0392308879858468,-0.179414960597221,-0.0109803119644827,0.0405958711470054
"capable",-0.0262334277336812,-0.0380712363168094,0.0327908267417749,-0.0496161129245646,-0.0317680446402715,-0.000403291639177495,0.00627508819848671,0.077961864060328,0.019628971626726,-0.00163873130180225
"capricious",0.0969139883632584,0.0330875450735555,-0.053664756444549,0.31380189395533,-0.0441109045559913,0.00577150016094142,0.00648885728039682,0.0171607583272222,-0.0708845953886366,-0.0769310973208645
"careworn",0.211252130938701,0.119936392231606,-0.041583422192893,-0.0604642964571013,0.233118116188289,0.0372485345838766,-0.167059212829216,-0.367992196971497,-0.0570687898934174,0.177132126554105
"catty",0.154976987886581,0.110481875905051,-0.0395479934941406,-0.0602985514262574,0.102868452220149,0.012761685049219,0.228099000941544,-0.0109477137518655,-0.0295843805098254,0.00341928778588872
"caustic",0.0285877743200082,0.64844792708521,-0.00565859032298684,-0.00372494069457541,-0.04579643280848,-0.149507195184808,0.0593771823599325,0.0176600524118629,-0.046901231391149,0.0555878384395653
"cavalier",0.15819889029306,0.00909552369978711,-0.031575620656184,0.229351673922216,-0.16665973186666,0.0419165898665194,-0.0659900022668219,0.0690718172081511,0.139499319530036,-0.0169473317504506
"censorial",-0.0826930913093133,0.548936180672989,-0.10664248232713,-0.216380093269278,0.132941780229339,-0.14578192547628,0.0286206382965465,-0.105938500344454,-0.182088894688534,-0.0411102360380288
"cerebral",0.0529664897727901,-0.00602784857469133,0.170035913649659,0.042195277051921,0.0557542997237973,-0.509193101533067,-0.0389732521619262,0.0454194039534577,-0.0260017833361346,-0.00754149456608936
"ceremonious",0.0180470777895298,0.0300386102291802,-0.163490806832502,-0.121666871686984,0.0914594905963214,-0.14917591016684,-0.00673161322032598,-0.0984665770303714,0.145799162700884,-0.21598646554725
"certain",0.020344508902772,0.0306122691568961,-0.0459301632708697,-0.217351935068322,-0.0270885778691126,0.0286334899737174,-0.0219454586476681,0.103284909764651,0.102367251452849,0.0217371497179771
"changeable",0.0800352194706508,-0.0876741385844246,-0.00818780825398387,0.397830861723034,-0.230068648738742,-0.0931301588916329,0.00995644676082566,0.103345722128267,-0.0301991984336422,-0.0856867400839637
"changeless",0.112611500237475,0.123237582261256,0.0242219086044934,-0.203965706972008,0.458678670793892,0.277580051218262,-0.0839279623628763,-0.129600582322129,0.0522717598946443,0.0762684692348515
"chaste",0.0394045185660276,-0.0531741207475076,0.00828665400198664,-0.0113217592618845,0.121737814313292,0.093368547756531,0.00865431975357149,-0.0352973628037786,-0.0454730284501112,0.0766388467721499
"chatty",0.0673748377186997,-0.0373220537029092,-0.49500209236412,0.106496318523998,0.0128398712095009,0.104222285585755,0.0924578218268814,0.0798375971866858,-0.132411694949041,-0.127454844401454
"cherubic",-0.021061443233809,-0.0549747772649537,-0.0442107632672789,-0.0279838150622608,0.0541087216988938,0.0741576678748078,0.194075938991603,-0.0786801858806473,-0.0265312059967749,-0.0301068500371344
"chic",-0.188782105672772,0.0042392149876548,-0.0671698721047694,0.016086855390422,-0.100192882873006,-0.0930639709290791,0.275571577365225,0.0537284151523273,-0.0198004372703423,-0.49550286375514
"childish",-0.0663518287371363,-0.0352907288245386,-0.000968419317199738,0.093601761797375,0.00702591130088682,0.0106355697866098,0.0289273342222184,0.0490667503560203,-0.00764922887875732,0.0106187103629552
"childlike",-0.030246436022723,-0.100152367193911,0.0215044924978669,0.131753811249734,0.00888454713167338,0.0432786865536922,0.130695883699179,-0.0650578022770797,-0.0430060161215102,0.0378255950203263
"chipper",0.0241919739496843,-0.202138280008824,-0.395306736279932,0.0444289561373373,0.030327386031974,0.255382952272582,0.0895912103686898,-0.0359895902567363,-0.0754124801588319,-0.0401588014049107
"chitchatty",0.148581785811901,-0.124141776119866,-0.472776343367336,0.0762310219425889,0.0748483703340122,0.184633498620166,0.085795109499859,0.114986957089879,-0.182832720810221,-0.113326068681897
"chivalrous",-0.107233983320927,-0.180245528446384,-0.188677758154771,0.000551512504498647,-0.0296064652048982,0.0260865165357042,-0.27698228759178,-0.178995405041444,0.0237468992713119,0.0989720143855956
"choosy",-0.0315500701628586,0.080560301723333,0.0524967208177082,-0.071152693737336,0.0241609912466585,-0.0399937672610733,-0.0176736716841969,0.0308329651409239,-0.121300100347982,-0.154919596308545
"circumspect",0.117280361034053,-0.0594213215653068,0.102924247816341,-0.282913616950895,0.287688813149325,-0.130458726980182,-0.0665700018867749,-0.0922812541501586,-0.0579600279769761,0.00918503842858967
"civil",-0.0378400590243421,-0.180624883533516,-0.11924043531151,-0.0338506666271677,0.114575437766226,-0.0310028848070838,-0.0523521608930371,0.0288892965672025,0.00610084122778002,-0.059854198517918
"civilized",-0.0690279956047504,-0.087082328019709,-0.0916049095699215,-0.077123063937823,0.0941016443270752,-0.0637329207690209,-0.000778719785767515,0.0319186065545541,0.0353995250317971,-0.0872551330369591
"clairvoyant",-0.0238560465722114,-0.022761545812805,0.013858451827695,0.00116092564200323,0.000761230172034426,-0.0518740147832454,0.0288081276087736,0.0135698071089163,0.0820824914269805,-0.0188074798805145
"clannish",0.108223840235524,-0.00877232044768642,0.274970766742121,-0.0390343836028739,0.0034591130614813,0.264944359143924,0.0298469213141293,-0.211166947891554,0.00890593134706275,-0.0603936129264452
"clear-cut",-0.0675499331164562,0.0634341639536871,-0.110333689716428,-0.338711110792005,-0.0340010647087155,0.00313415097966154,0.00752476552243871,0.187374512720984,0.0277904531317216,0.0449532532639948
"clear-sighted",-0.0056804442886471,-0.00053464479910973,0.0250479975771194,-0.0794975147340406,-0.0185222292711947,-0.0563728613362259,0.0162153947907929,0.0671976096734074,0.0317555552349706,0.0157255096095009
"clear-thinking",-0.0130948804526913,-0.0460354714682536,0.0342295043425941,-0.144253229450128,0.0147609950885251,-0.0867925554834694,-0.00510616801490726,0.0991727087208464,0.0512346388637795,0.0251218909575235
"clearheaded",0.0335992369443662,-0.0180050322396198,0.0245167991344739,-0.249716847062882,0.0433073610653598,-0.0590859882606012,0.110838514928238,0.0528855371889441,0.0962181769534887,0.0316927960886632
"clingy",-0.0296856311489702,-0.00234399637862347,-0.0405190219151308,-0.0266078043982737,0.0265442485065601,0.0137804030832109,0.0956937225503845,-0.0296829456574664,-0.00719258039355328,0.0514591926925809
"cliquish",0.113279764785493,0.0337650464813207,0.31196056423201,-0.0676284420952707,-0.0156260066938156,0.148788650664543,0.174250796362798,-0.0071223794483911,-0.0152467495019149,-0.204440228566856
"close-fisted",0.165157356288582,0.0674054678501999,0.165016014030769,-0.0160957166915359,0.14123310884963,0.109019914195791,0.000808085216109228,0.0150720155815163,-0.000839246752573422,-0.037430915639012
"close-mouthed",0.11268426553662,-0.0323328425539515,0.603244259360983,-0.146139270039446,0.0794986029450241,0.103114655337394,-0.0357454131184266,-0.0541164607192014,0.130930757500297,0.0676121193216054
"closed-minded",-0.151785932312552,0.263686768269046,-0.00687639295540695,-0.103267865787277,0.196108881678015,0.251035592145279,-0.0194263028208744,-0.048256954495952,0.0191577293942098,-0.0429510540998044
"clownish",-0.0629493640349798,-0.0520654408968445,-0.0405099239133703,0.0506540282674235,0.0335981556035398,0.0496017072895015,-0.00759051777448144,0.0867792330654275,0.0388608113786285,0.00763855318025914
"clumsy",-0.128244766814383,-0.036221642165168,-0.00443732507378966,0.210869178616829,0.0444191930721125,-0.0520135964458025,0.000259502290479039,0.00316332026986249,0.0435468121490278,0.023333177344328
"cocky",0.115610726119917,0.166198541508425,-0.040846243530278,0.089125520281745,-0.215941205583538,0.0415916706503522,-0.0393210493935086,0.160666930716086,0.108110105393565,-0.10294873793791
"coercive",0.586013436910265,0.184846617614177,-0.145556356088058,-0.0748204750811901,-0.0515513986587641,-0.170987250082497,0.154879289969609,-0.0244713459759208,0.226194360738982,0.0843386614954019
"coherent",-0.00465392711371995,-0.00927867117748121,-0.058648636939385,-0.14433421094733,0.0521952008510457,-0.0482733159550128,0.0274027482193813,0.0735216208809714,0.00690259605788358,-0.0116361904799246
"cold-hearted",0.209292173112246,0.132773562229655,0.0600297316960177,0.0261170140351761,0.0227766567873815,-0.0825557805620958,0.11236046316685,0.0633340916108978,0.169267972759665,0.00682924973598878
"companionable",-0.00574129346109658,-0.218651760608494,-0.514846439999658,0.0508229230308605,0.0152657584549602,0.0545148085264904,-0.0294223706241799,-0.0490159558383263,0.00199163428886505,-0.00509235399940172
"compassionless",0.207630759091842,0.219409787321857,0.134010311185298,0.0456916595116487,0.0248127032093222,-0.0976556077591702,0.112568389418528,0.149590333781984,0.158738563611703,-0.0013650493290775
"competitory",0.0184420272883147,0.154829095515694,-0.0699594470230902,-0.153055681397452,-0.379998176898948,-0.106387738582527,-0.126069170613999,0.381291600581893,0.0576959821559567,-0.12291579959439
"complacent",0.0451166404023341,-0.0346413903484462,-0.0615608857622734,0.139778951756869,0.236370473516244,0.115347879073729,-0.0057325056742325,0.0065555170212461,0.118806937657335,-0.0754616925164918
"complaining",-0.199384230661635,0.400616656146818,-0.116809280856317,0.0189304273231659,0.0969968560892367,-0.019232596710221,0.000647849772925355,0.055426452424053,-0.212700631766809,0.00199014651130357
"complaisant",0.288013929146998,-0.393688511747327,-0.273162980127645,0.025383812587366,0.307134202323773,0.0946849478419057,0.00522749060200577,-0.071819913800182,0.031681338902322,0.044779982692153
"complicated",0.252404459587155,0.0749559332394824,0.188615022290363,0.080437197473853,-0.115788040191369,-0.200531800520239,-0.0321341555321698,-0.079969932579494,-0.1507616153301,-0.0348883023187499
"complimentary",0.0811440227841216,-0.359714805321278,-0.418121111023699,0.0196491564979851,0.0182283332656753,0.0870790095402239,-0.0545528318679854,-0.0345362760333574,0.0387090447872388,-0.073574449386555
"comradely",-0.026779526944365,-0.252807131150595,-0.4673478740137,0.0849857192042879,-0.0220486863149705,0.0485049998746345,-0.122574662522855,-0.0553697316930066,0.0445734260843346,0.116856288136133
"conceitless",-0.42551191559039,-0.331454457607305,0.0789517139910638,0.0711524728433222,0.0639890558395171,0.0101855764004904,-0.0634215430427347,-0.0248547442846404,0.0474787263979208,0.0752500792649626
"conciliatory",0.0769834336221135,-0.438887304448266,-0.269216460674407,0.0891220299570578,0.14050139422084,-0.192096638655971,-0.00363302958291946,-0.128701336190711,0.00964812187011486,0.0122908759574296
"confusable",-0.0606730240401311,-0.114825463921818,0.0289149331477047,0.284784581032663,0.06215308858915,-0.028791192390523,-0.0262743954878512,-0.00577443250945434,-0.0478478512703669,-0.0402942736802101
"confused",-0.100445017688167,-0.103187820706638,-0.000699140606498187,0.23926521439993,0.074244083154401,0.00815456217165914,-0.038703840626214,-0.0193670256115908,-0.107648065522938,0.0290974188144495
"congenial",0.052523244156589,-0.342661677466372,-0.469173703335114,0.0418617319217572,0.0313164523102673,0.135066927368797,-0.0384880985813722,-0.0724549327164509,-0.0299543748976491,-0.0583824586592292
"conscienceless",0.421485998002927,-0.0129296368383514,-0.0521943969064769,0.048843387503834,0.0632162452023409,-0.0401442618482853,0.0278122933701307,0.0551151151375657,0.120228111421051,0.0419909962264881
"consolatory",0.0824003564418578,-0.329285847642007,-0.384800830205812,0.0104710231920007,0.139666839053893,-0.0429002431293609,0.0268970027096698,-0.221824810454438,0.0308554175329194,0.0626265876885968
"constant",0.0598723085286205,-0.0603440680190454,-0.0283760857760049,-0.322010708739529,0.0480234531108763,0.0975506363044986,0.0126848747095987,0.021563183690957,0.0228255627548326,0.0504457568380695
"constrained",-0.0724315827578584,-0.0143321994790924,0.269208245186018,-0.216313034952873,0.286621373940501,0.0964810350881525,-0.0279646328423415,0.0211649021159905,-0.0253099959112742,-0.0403332018907867
"constructive",-0.0287617284061335,-0.193996803491682,-0.0506104617669012,-0.0907752630715743,-0.0441332896110584,-0.0699439073008303,-0.0547837768570844,0.0476768686963051,0.012789077289071,0.0264453105461392
"contented",-0.00936337222521325,-0.0840015562020846,-0.0433032398489879,0.013684407247029,0.141125695552778,0.107817503662705,0.0588573514147806,-0.0510576120671838,0.0387245839286907,-0.0226855155135455
"contradictious",0.226244180763744,0.428232832147953,0.0195548705642201,0.0458938081937856,0.0122214867451659,0.14391615488666,-0.038274916170112,-0.188645689813011,-0.0899350594620887,-0.0502375556898629
"contradictory",0.572705637914861,0.0358311662909677,0.0822681392558417,0.0646139404968709,-0.0610580507448738,0.127267229907323,-0.152430631217048,-0.15835222683002,-0.112549433004549,-0.0355341443671323
"contrary",0.14067846667456,0.380122575841704,0.113230213417266,0.0437535064842379,0.0340432436771114,0.127602592690322,0.0252051521781886,-0.138670642980535,0.00621492471443395,-0.00629268748809771
"contrary-minded",0.0987697013939742,0.47050317839538,0.154260235599141,0.0498041173306865,0.014868417701933,0.107758882480402,0.00265541134038091,-0.151221342341606,-0.030224855100638,-0.0049794651305621
"conversational",0.0673022320017541,-0.0667177348161694,-0.574309930499148,0.127135062462239,-0.0266246000318841,-0.0672417579894959,-0.0645596754615053,-0.0096972431529339,-0.0227993771076323,-0.0284049347087513
"cool",-0.0213540066313449,-0.0904652278519689,0.0242386493570031,0.147299956610911,-0.298185302456743,0.0406412657218477,-0.00226796820068294,0.146786516653736,-0.0203934547886188,-0.0944445344611191
"cool-headed",0.12864988448936,-0.216562000586731,0.0576217934514746,-0.102578651972466,0.197211565298299,-0.0911032183158545,-0.102402560920762,0.0216942381628175,0.124522616282611,-0.0189986972820395
"corrective",-0.0061602407563498,-0.0151474985064849,-0.0371873764374113,-0.274411175986916,0.0306434440785891,-0.136419630744643,-0.036007136727933,0.0377551363423322,-0.0608369413766474,-0.00257431712607092
"cosmopolitan",-0.14489708091428,-0.0204897230802542,-0.145132553515096,0.107261094020211,-0.210855141795957,-0.295346238845914,0.063503806110901,0.0820315117773592,0.0486184338505888,-0.407516749016522
"counselable",-0.0423927477212362,-0.302856356973921,-0.320586857725847,0.0147820435129499,0.0499521756178465,-0.150298697271946,-0.0129045988660193,0.0811253203799333,-0.116818593246447,0.104949934066798
"courtly",0.078308212366793,-0.0190919895015147,-0.148072395934699,-0.0764369012571186,0.0147704944040509,-0.18657382690716,-0.031260846614446,-0.054827018424153,0.159039089258475,-0.216680516848192
"covetous",0.607245713463067,-0.0730130407510648,-0.136143550629062,-0.0452735276612809,0.0230480062531491,0.0112056611781854,-0.0809796825161618,0.101896716131259,0.000862657149547671,-0.0506044696430209
"coy",0.4698471469258,-0.266298540145105,0.290979683803762,-0.0323074783134587,0.0580769131996535,0.101131745502303,0.133213208274753,-0.198408837215797,-0.0325268651329476,-0.136166000254742
"credulous",0.0938440558545993,-0.121962060044402,-0.0942248421336992,0.0850384807273527,0.0528751241123724,0.12335486472386,-0.0109389438114287,-0.00420651986130287,-0.0303604682637776,0.0133524578891459
"crotchety",-0.188323766034903,0.488131865183066,0.0509132829414926,-0.0279608532679127,0.186406882267992,0.234651775433799,-0.0572405810092766,-0.164860831654883,-0.108383753335355,0.00938058488545886
"crusading",-0.00129592488580205,0.0269086536292876,-0.0266628913037914,-0.0535343312073772,-0.399540137909629,-0.230759605670498,0.0749556754799156,-0.198659407390589,0.148240230528466,0.184562713024667
"cultivated",-0.028442499490917,-0.0323637911056103,-0.0186818542838294,-0.113818476192957,0.0405511007996054,-0.152266492643479,0.00264912322147498,-0.0286628777661299,-0.0321910210398248,-0.170801275697611
"curt",-0.0986913609013065,0.465263678623221,0.378915580507105,-0.0515831641277548,-0.157830538649324,-0.00576623178138754,0.0184133509013571,0.0177897950741411,0.0690583505824412,0.0648505452973104
"dainty",-0.0879581626105765,-0.0207382514972472,-0.0112394608253215,-0.0334991127544933,0.0729233074441157,0.0328227161650984,0.272507367747752,-0.0129940008003825,0.0125204088333102,-0.123368403626561
"dapper",-0.0241436899430772,-0.0756323692080176,-0.143167496910656,-0.104710126266634,-0.0326448038870596,-0.0427079821299819,-0.176262548007022,0.119219177054476,-0.0226083029731195,-0.449922480331081
"dauntless",0.0163303374919888,0.0385541088423967,0.0299881005475734,-0.0155362143509289,-0.430980587928802,0.0550129688034661,-0.0609351802667231,-0.0536847883256949,0.13205050118757,0.0774314845609024
"debonair",0.0502663419630955,-0.0911783292473218,-0.147139397056042,-0.0258400936064919,-0.135921816149928,-0.0376756913250798,-0.0554918002863072,0.0224830432376893,0.0842900377851624,-0.386899688809946
"deceivable",0.0664552761351393,-0.121125209485964,-0.0666685268425404,0.0947317960586481,0.0431235549837731,0.087894819477864,-0.126898252020354,0.0184616614477393,-0.0941702400152132,0.00257953181894297
"deceptive",0.928909557824889,-0.217276729188998,0.0423224447774819,-0.0132277962555588,-0.0169658262957424,-0.0262475607428167,-0.0363278354388859,-0.070627932947362,0.113170675167153,0.0779528661198824
"dedicated",-0.0205307307263213,-0.0414015548489586,0.0348154757101842,-0.117545379440675,-0.0144155061841151,0.035764701750783,0.0115959872119398,0.0263835789578355,-0.0024397749051868,0.00748112493112088
"defiant",0.0960405899790966,0.339466105091231,0.0693319289235528,0.157088398270328,-0.284872480946591,0.109143856696073,0.0387473922689963,-0.12762513016601,0.154398123575994,0.0995345454424176
"definite",0.000525558674011595,0.0499003925418678,-0.0449542843913628,-0.333372151921873,-0.0225498484996164,0.0642166984924668,-0.00166717022006043,0.111579062989988,0.0095704074678235,0.0513879196099333
"deliberative",0.0992961160649813,-0.0215801599851587,0.0801983339445228,-0.3179681832583,0.119196173663689,-0.0875213342952776,-0.0710433194673955,-0.0405706630693037,-0.0354067967613196,-0.0188081155821475
"democratic",-0.055170786708491,-0.192997126344693,-0.147571486525731,0.045989036845261,-0.0255215931321374,-0.0904735199411843,-0.0513542890069607,0.0514827521044103,0.046896419748625,0.0723718238243688
"demure",0.0334805811163357,-0.150556755633594,0.15204062554833,-0.0475868156238694,0.262367656541082,0.0315911420590867,0.279800253113175,-0.14632980868554,-0.0358968875682342,-0.0685764180130484
"derisive",-0.0229391059955569,0.426822046317949,-0.00536640869057374,0.044800418018978,0.0315148330655867,-0.0384010075572815,0.0955995136094972,0.0115030212034303,-0.0504766856439077,0.000886125261885148
"derogatory",0.0196530950548279,0.121186731161217,-0.013017847487839,-0.000299602630243724,0.0407456253837645,0.0118876639995499,0.0898786336422154,0.0301789364790356,0.0190616858557246,0.014987881850692
"designful",-0.00110043089937794,0.100436651485375,0.16881461144943,-0.035743935493791,-0.109655208158503,-0.159716108076118,-0.0903224196102979,0.0287619236704083,-0.18104813807362,-0.337653311204125
"despondent",-0.0270982629874461,-0.0407964477561537,0.06294804638882,0.0369366820472714,0.0359615751785893,0.00681476020249745,-0.0563533638069381,-0.0232634286596795,-0.0578315229560216,0.0536176999291158
"destructive",-0.0454926066127422,0.0061370326983723,0.0185363808311115,0.0278289241977957,-0.0231283817206192,0.00503499116302645,-0.00170876709712696,0.0123069751969283,0.0710738397763839,0.0183648192041375
"determined",-0.00211918682733185,0.0114321906533017,0.0504832789416376,-0.120756633516502,-0.152684092306624,0.0312116900163162,-0.0243426612103579,0.0340264848017776,0.020893074365845,0.0156151641358882
"devil-may-care",0.00775342308314525,-0.0092502691087896,0.0189525950657175,0.462356233697747,-0.2569903958767,0.0927750401332563,-0.0541329180382099,0.100339396489334,0.088447467282999,0.0694967835888226
"devilish",0.640149347273254,-0.025950291468816,-0.0167617736173075,0.0915291666708107,-0.0705860987977752,-0.0717724505667238,0.0691750666046048,0.0503551055578551,0.211253591217532,0.0806917273530716
"devout",-0.0651057347008667,0.00278524525438866,-0.108972704889178,-0.0892586034439561,0.00514849949842927,-0.00869841686747643,0.0804265595189548,-0.269841780864718,0.0741588207247214,0.0829757985464867
"dictatorial",-0.00181155200008693,0.465451551001684,-0.050754905598685,-0.0929616384881846,-0.0430264136566399,-0.100904498405436,0.134820306516852,-0.047200657442631,0.158525469300582,-0.0459698614808357
"digressive",0.0383878378084543,-0.0105529281691108,0.0149318118910357,0.464435976482269,0.0435791115095755,-0.104234253004048,-0.113792057350451,-0.0899935799115587,-0.0453099052535419,0.000951612472566555
"diligent",0.0383929173977805,-0.0338736118170295,0.0291386039625393,-0.306611662512155,0.00837544198057268,0.0683730348644116,0.0145742552213174,0.0229795032237924,-0.03911599326229,0.0104744100240873
"discerning",0.0124403602603812,0.013530786336797,0.0596976677830721,-0.132653282604053,0.0218587533577527,-0.0972876734806373,-0.0337378185101517,0.0312462451071031,-0.0798449855096999,-0.0820651410313296
"discourageable",-0.141883005135419,-0.024201633532917,-0.0281685823763217,0.127267696751496,0.136341248373993,-0.0286342998034549,0.0491698947160941,0.0359391443906846,-0.14109418234668,-0.027042768519859
"discourteous",-0.0347553037679191,0.345787256301623,0.0924503317805704,0.0858966933344486,-0.00493288344031396,-0.0192253593257187,0.137886560252539,0.0124862585017828,0.0354835915834131,0.0602321528668429
"discriminative",0.112905965243947,0.300425970409063,0.0882747890755797,-0.112703085940245,0.0965651507154903,-0.120879753029309,-0.195866568107567,0.0783844050979563,-0.216711720609546,-0.12138190255173
"disdainful",0.0147647807623974,0.476825985130753,0.0729966544497768,0.0413258371028472,0.0784391954883848,-0.0826306215067092,0.135397513515951,0.0254773861643298,0.00892219520408039,-0.0088801767777842
"disguiseless",-0.548191629399456,0.198342332490438,-0.223481620630195,0.16317004470762,0.0303830491443004,0.0898830404012015,-0.0653371590956563,-0.0367354182221289,-0.0161052040421428,0.188673694981379
"disobliging",0.0434324963312245,0.495223628537306,0.0921685315849335,0.0632935830632188,0.0738629019145022,0.0348007042859378,0.0950593281458997,-0.0420816848423954,-0.0596996405633823,-0.049119645986706
"dispassionate",-0.0576341510731805,0.0345148720106367,0.255859031653843,-0.0776404604568728,0.22798124028886,-0.184587650296657,-0.0260897564200848,0.280502427289957,0.156857120522022,0.0439245701512369
"disregardful",0.180663662646271,0.247378165980057,0.0999542920932752,0.389167530829389,-0.0460614168274772,0.023644254525564,-0.0846068876342871,0.031093069018769,0.0799479963529261,-0.0401604675085938
"disruptive",-0.00927575373598098,0.192526720182717,0.0511844298929181,0.270314791445834,-0.312167720658126,-0.0871705509149945,0.0696398749103891,0.0813733921990006,0.061590669011131,0.0411075321578697
"dissatisfied",-0.138824305277985,0.277688951262859,0.0188772402109637,0.03369167547486,0.0364112936911987,-0.0727005244842607,-0.0751306216176466,0.0232073680880185,-0.172970986373292,0.0734706025934594
"dissensualized",-0.0460297455409596,0.0143714123931781,0.0317168609309151,-0.000335744689056564,0.0152295659959095,0.00844965010337678,0.0346084131276421,0.0253007782862064,0.0277741003907109,-0.000948523687058058
"dissocial",0.0794732034058177,0.0929629254941407,0.638379734634574,0.0295032390697499,0.0162242066112201,0.00631985133282184,0.0826127662425932,0.0547593301651247,-0.0302992482324149,-0.0107147472452981
"distant",0.0597246296125442,0.0877931405992177,0.672676767242188,0.0676312320125913,0.00551109750056918,-0.09130084820252,-0.0561815518799412,0.0343513368861671,0.0223015095478007,-0.0315075160610144
"distractible",-0.118572753184031,-0.117323619809304,-0.0613659120967381,0.52345559317843,0.0219341707960225,-0.0583406950257132,-0.0867912588448438,0.0453872752080548,-0.173135204799448,0.00634576640496414
"divertible",0.0995182130182443,-0.0982830627566712,-0.11234184353712,0.228016787578323,-0.00155578090767729,0.0559923913385098,-0.0419028671129937,0.141130968836028,-0.0836813084645259,-0.0156716733450194
"doctrinaire",-0.152178746949673,0.337270908179516,-0.0768822538111949,-0.0693033511390433,0.145227097265354,-0.156287949384367,0.0154166121892918,-0.071038322363937,0.175273336758631,-0.105047007696508
"dogged",0.0790780385703529,-0.00931235127875706,0.0455118196386678,-0.212053134419955,-0.102691995197945,0.084852853465818,-0.0556691932258667,0.00669819976788438,-0.0165565625185604,0.0827112880630234
"doleful",0.00495278488699588,-0.0199872309369113,0.0671671524166791,0.0331363103697033,0.0697919652109902,0.0288063038836804,-0.0294904131215448,-0.0822951444338345,-0.0688073038979196,0.0433414196160046
"double-faced",0.843583242280034,-0.1648655059568,-0.0615888626135747,-0.0273900030827557,0.0541768464356917,-0.0634237106916496,0.0197002960491431,-0.051257809438915,0.111642763375734,0.0178440655173527
"double-tongued",0.835935846758554,-0.101910027468353,-0.0954133778840789,-0.0217907141920926,0.0702895647812675,-0.0757242900041314,0.039041118252178,-0.0480239938051202,0.0581101831774363,0.0373381426308475
"dreamy",-0.0560408207395204,-0.0994425388722883,0.0286471642179698,0.293781863011556,-0.0906239811244703,-0.0333422265420946,0.126283865211972,-0.12635107050871,-0.124820618179114,-0.153287275550362
"dull-witted",-0.0691457478443535,-0.0268682098042656,0.0103158516106959,-0.00211589521695182,0.00857730103820979,-0.000955147974770141,0.0162124258427135,0.0298617399370741,0.0412128631582372,0.00206155797739383
"durable",-0.00204502791532731,-0.0248910640716182,0.0135390239148809,-0.0811975586531531,-0.0574234254907888,0.116443605770228,-0.0486985777263805,-0.00419791184575325,0.0357813040369535,0.0225437039385778
"dutiful",-0.00705321126526283,-0.0651014167175508,-0.0637816051267677,-0.320220790133389,0.0580548362587663,0.0756905396476271,0.00310491510418055,-0.00955131699004873,-0.0280143203725624,0.0711531898579246
"dynamic",-0.0234884522053299,-0.0509964009263753,-0.0248063640891588,0.0907541612617595,-0.477081986515878,-0.12780107852642,0.0292004917299881,0.120793934578519,0.0075858524989242,-0.100398464929185
"eager",0.025013610734184,-0.0379341100110167,-0.0638143816670022,-0.0694032530790622,-0.252565631393292,0.00877778346840133,-0.00777363417700076,0.0824689896493826,-0.124941064565538,0.0499300844743059
"eagle-eyed",0.0687329635487024,0.0786339577739762,0.0966555964861347,-0.307784309343155,-0.042813666380288,0.119337959857243,-0.060326599795254,0.0570648098045226,-0.16387765296171,-0.0478825814858987
"earthly-minded",0.116355803481901,-0.0344953643844614,-0.137107860109841,-0.147220029903307,0.230129569792043,0.22851274116251,-0.0127825116458485,-0.233134867349084,-0.0572115057016348,0.109523583780864
"earthly-wise",0.0485477615884976,-0.00363456604279816,-0.0662986292635891,-0.00745865323714346,0.0246765062894602,-0.00598259835753074,-0.0678198319689731,-0.102685466419306,0.0270396162276694,0.0288988461648578
"easeless",-0.12914231758362,0.0252513080738365,0.137315396796129,0.180971450391807,0.0348174014334618,0.026665114877125,-0.131724406897974,-0.121054118583665,-0.0712769481127598,-0.079689853125524
"educable",0.0146813956459003,-0.183840321560537,0.0207544624522775,0.0616588328191694,-0.0768781084528158,-0.203152839126494,0.00538113954916949,0.127518426984308,-0.0503776546008131,0.0460497049952514
"educated",-0.102251941217794,-0.0177865885953407,0.0268573418553441,0.0101278298904591,0.00402112451484122,-0.237329331406171,0.026983365347204,0.0800156906811363,0.0593039718442338,-0.0618358002332768
"effeminate",-0.0580230228177497,-0.0263358102388786,0.0213920305337613,0.024379289972495,0.0267746772146663,-0.00954559923745495,0.0567682353780995,-0.0155559553115416,0.00105438829190296,-0.0205111831702725
"effervescent",-0.00188455630021885,-0.131165253021666,-0.302993710355938,0.0835243947330392,-0.233829811796674,0.121249907112796,0.142468628584628,0.0848977749450392,-0.0717804296785151,-0.214887435280562
"elegant",-0.0747412267702613,0.0126329790075026,-0.0799952077780651,-0.0910972693971511,0.0416528616268303,-0.157236641616387,0.276636550435491,-0.0545297796384312,0.08898197038806,-0.449206612101582
"elfish",-0.0701655605112101,-0.029216846955607,0.0355705060750343,0.00373680195918123,-0.00106312769523495,-0.00474042699928363,0.0176926218931501,0.00876994892597423,0.0308870725337025,-0.00434468809137456
"elusive",0.444847651401173,-0.258960778890464,0.572745260179878,0.149263135652261,-0.099186764369944,-0.126402362607071,-0.0903262062996329,-0.0680396379684251,0.01662313179122,-0.103442202160397
"embittered",0.0473698180084626,0.131713574671153,0.0549653489391566,0.0483150543496581,0.0217918401306264,-0.0097870138723731,0.0391772857559193,-0.00820850015914044,0.0371932463684314,0.0806931370073168
"emotionless",-0.0373044891986425,0.0231938688720965,0.218865291355464,-0.0276232675775664,0.0554329576282882,-0.0692331678098139,-0.0251915339621931,0.153102565069209,0.0815413126056191,0.0249445962275845
"emphatic",0.0398745145836832,0.111482544478147,-0.273455214667493,-0.00122386316374682,-0.0953542576494669,-0.0366375748344534,-0.0125105939821712,-0.089883239230983,-0.00807383368527993,0.00147124985324656
"encyclopedic",0.0795016674541321,0.0972234004928662,0.0385409082018427,-0.0382784574431289,0.190550129148034,-0.405867378283089,-0.115044555596093,0.051664447987547,-0.0334217389947691,0.00961862082703352
"enlightened",0.0133529584369189,-0.0450300224074214,0.030857380999442,0.0241528825582226,0.0186260494422334,-0.271564994478407,0.0604331975526379,-0.0580899025240246,0.0169167287059618,-0.069822249679725
"equalitarian",-0.223618785319103,-0.280371744176415,-0.0826276118872409,0.0404974465945354,-0.00183705121035853,-0.0778744332234337,-0.0448977128682951,0.0129716646065548,-0.024385880875307,0.0684000616663542
"evangelistic",-0.0292069338543617,-0.00286641466045761,-0.180190668479371,-0.0437079775858974,-0.236327627079282,-0.070764575412485,0.0187752349689942,-0.0503108448155844,0.0822834182977195,-0.138006615557438
"evasive",0.817449337121518,-0.284547952041551,0.325126522622548,0.0199312099273284,-0.0277178807754395,0.0700888674945242,-0.0727599284755469,-0.0756984880736648,-0.0284554189051644,-0.0667105761375683
"exact",-0.0159743099630545,0.0313188158932508,0.0373718588315617,-0.390026414284283,0.0742143471110277,0.00677223982536993,0.00206836613891997,0.130106187254587,-0.0566708933279175,0.0518304149381349
"exaggerative",0.315041561320863,0.052958761893971,-0.232086587427924,0.0382098500505871,-0.108080206409748,0.0107564477612326,-0.00346001429296862,0.0424294529622303,-0.0816410228119142,-0.067522847587545
"excessive",-0.218719839538364,0.310557895054962,-0.258795083110585,-0.133324512978423,-0.109872729143789,-0.0662185555100745,-0.0886675642858527,0.0960048622869353,-0.245254746293981,-0.0858764113140779
"exclusive",0.069334140351526,-0.0566779848604998,0.301186053879439,-0.0627595119087429,-0.199566783642484,-0.0241566985292499,-0.000270542102943454,0.0769580282770049,0.0473444964559654,-0.37722756817157
"exhaustible",-0.0150552733999098,-0.111957347494664,-0.0508643624696927,0.0919906685513477,0.119637095275151,-0.0780974510405344,0.000223686326426897,-0.0489798711390116,-0.264584941208874,0.0234426881238835
"exhaustive",0.101005494611487,0.0357645625415699,0.00742913641166845,-0.271840729370552,0.0399580338374581,-0.0839876163610716,-0.11224632801814,-0.0127022039506314,-0.107584805442731,0.0076087690376075
"expansive",0.00823715841294408,-0.0138722173699902,-0.198030989336332,0.215922747376513,-0.314936852982622,-0.146690948002579,-0.102452729577738,-0.0809026528907009,0.0499916600206635,-0.221662410569652
"explicit",-0.159140843757653,0.195104849303739,-0.295817110421247,0.0145441594478924,-0.121663519142018,-0.212898034279242,-0.128224386833226,0.241589481392721,0.0147584498761833,0.0525311831668477
"exploitative",0.754414389576381,-0.0955413044463677,-0.091097136062233,-0.0184394407020082,0.0287410144513134,-0.0941372832718031,0.0790415495978774,0.0175672601184025,0.185284647050583,0.0698199298722159
"facetious",0.179094298369715,-0.0171221342742726,-0.127186946973173,0.179254347118792,-0.00908543781198252,0.0136516743370708,-0.0521426027098031,0.167266610634592,-0.0709493220656923,-0.000232710015512313
"factious",0.358343322157647,0.129626781895588,-0.0419216070239616,-0.00481517449507879,-0.0207930627952733,-0.0694137832710087,0.107754232589017,-0.0264913938618761,0.071329597462876,-0.0159978988913225
"faint-hearted",-0.079003900518499,-0.0584882109139233,-0.00469990945477985,-0.0204435189290967,0.0777343485541156,0.000479975407519948,0.0519236932215604,0.0484307980940356,0.0175789922141307,-0.0116410130392754
"fair-minded",-0.510641285301358,-0.289289193363537,0.0521308557780327,0.0461945179754156,-0.0311366916199722,-0.067728117076412,-0.065107508591376,-0.0002674939304885,0.0427062418347473,-0.00566614782136608
"fair-natured",-0.385380440875511,-0.41389277412117,-0.0857328264645759,0.0234236940177544,-0.0218503208214085,-0.0197473785889066,-0.0669172387177473,-0.0172758284785555,0.0620251091937181,0.0438598984412823
"faithful",-0.316632589772612,-0.00292348913704427,-0.0123984962445502,-0.0793742553335143,0.0198819010428543,0.0222261256476069,0.0786611601526233,-0.0021361181422522,0.0280034378267591,0.0177072235226172
"false-hearted",0.676975500074672,-0.121765256163748,-0.0678245158106402,-0.0297619049671244,0.0613577945987107,-0.04103177876094,0.0331726600828649,0.013420833939969,0.101919246295443,0.0198538663754189
"fanatical",0.0911228932177598,0.230566551573645,0.13098557750983,-0.0546178571437362,-0.27388242094768,0.119153287219813,-0.143418398753558,-0.0707601905501848,-0.250273180503557,-0.0951573948687152
"fanciful",-2.60943554246505e-05,-0.0654557694915082,0.0295952055918417,0.228553496689984,-0.0267212022751165,0.0347092340982831,0.117802447968777,-0.1174642737438,-0.272669718744088,-0.336323761679474
"fancy-free",-0.0208910014283549,-0.152523531129383,0.00252966018564982,0.341863746422163,-0.0897089582542919,0.162576892144011,0.109297424859762,0.0135106660952982,0.0452518131973409,0.0309985622841797
"farseeing",0.0593442596734108,-0.066889584855459,0.0533048573328877,-0.164567462934735,-0.13351617127485,-0.235006168682621,-0.0238024834385657,-0.0260477778850249,0.0263772140417593,-0.0297148890375201
"fastidious",0.0574528553924284,0.0616994813238378,0.0631601399738147,-0.473463301035665,0.130996024439644,-0.0189202508743042,0.00346107900582225,0.00777687902023185,-0.264566654014439,-0.172342575041581
"fatalistic",0.0909141746325973,0.046188631693073,0.0502373809303189,0.0611662869060991,0.0746883661411819,0.0401199005387836,-0.0378950088973732,-0.0429404295542507,-0.00284540151295608,0.0897537497252536
"fatigueless",0.0913478497838994,-0.0756216724619771,0.0959686890997553,-0.186506491744714,-0.133281341011277,0.256552339515935,0.0683402096164589,0.036437709985084,0.0859465687310092,-0.0323431712681527
"fearless",0.023636254030525,0.0681795648842375,0.066817692213733,0.0958396797168373,-0.464348161380983,0.0275115911755095,-0.0276850225551015,-0.108845395807011,0.118351874864658,0.0195317338018187
"feelingful",0.0430264541903876,-0.1233519491638,-0.248757516341212,0.088168923619154,-0.0566320482545005,0.105771185643835,0.0975910144095093,-0.284667991073404,-0.143712196505518,-0.0470188927553655
"feelingless",0.00876454761283538,0.036288275575832,0.145410385279898,0.0174288870185907,0.0262223558275702,-0.0383707242980325,0.0941303719985498,0.122804142390171,0.122025440608665,0.022298588740656
"fervent",0.0414975120023991,0.0984932447651993,-0.051165424107867,0.00313319715575301,-0.231421344358091,0.0275886401377534,-0.015399023370646,-0.183212640070394,-0.102063827282891,-0.0434141176303464
"fickle",-0.0116956223574187,-0.0306241798083181,-0.0517648127246644,0.165127969946544,0.0170841947547167,-0.0115795033950474,-0.0133988760703455,0.0645003841692583,-0.021136656418099,-0.0971179819653108
"fidgety",-0.122292418890474,-0.0465339655061217,-0.0133808577448265,0.233960419355965,-0.145070210150646,-0.00991225030012118,-0.015172645802502,0.167107173100766,-0.153244784468729,0.0588735997580872
"fierce",-0.0769120873755001,0.184649641727592,0.014704680541355,-0.0329549122938491,-0.604175526133126,0.0170656126977741,0.0591289172130573,0.052202069033731,0.180422843097999,-0.0869656263691225
"fiery",-0.122719870383899,0.286496321363193,-0.0833491630275583,0.113538656962351,-0.528016492780555,0.114149259585587,0.0762637277590092,-0.00876732576810083,0.0233466284373641,-0.0861652438488085
"flatterable",0.239653154634165,-0.132440272598323,-0.225093321088457,0.0644458248483318,0.0515935668138396,0.0654854287084814,0.0691929874159798,0.066853747589952,-0.0517173286497647,-0.112696818789811
"flaunty",-0.0670675583632353,-0.0262592167195891,-0.0384142715392352,-0.0116609209652428,-0.0574565185948227,0.0709084805587652,0.0724344155407287,0.117381392571661,0.0507422154179744,-0.213718647819782
"flighty",-0.143453037529363,-0.0104936099805897,-0.0016056244666215,0.244284345110232,-0.000813763446159703,-0.0384465346985457,0.0138233277487277,0.0661550845275071,-0.0112587090620403,-0.048872638330546
"flippant",-0.0257969573366043,0.0151220508449933,-0.00528126348734114,0.196060359633107,-0.0317624455101293,0.0406791048774572,0.00129689331835078,0.132166556946738,0.0270620351508245,-0.0136951895485067
"fluttery",-0.0970422996640346,-0.0372294442311521,-0.0140127270654586,0.0731043573290134,0.0178067683192869,0.0210148186287949,0.259339163667624,-0.0257851885397595,-0.0395751878677709,-0.0726208684589201
"folksy",0.166646233095114,-0.0644033330937865,-0.216611160518704,0.041466692748731,0.222868717755227,0.461404379829541,-0.148198489008345,-0.347816418303244,-0.0795445960418883,0.14865283560203
"foolish",-0.0414386743615097,-0.0350590275261126,-0.0898889054170483,0.150779398121401,-0.00259555774210958,0.104143839034316,-0.133328074493241,0.0260047769233802,-0.0816364469730366,0.043294014330633
"footloose",-0.103354045025593,-0.105347676112669,0.0482477129435902,0.410353896752654,-0.286955612186311,0.0313559823832738,0.0517685621360352,0.0261254424792176,0.0214408944961977,-0.021331384943575
"forbearing",0.143878609434121,-0.558084505278356,0.00892793889255047,0.0307673403918113,0.301870217086432,-0.0470620903017636,-0.0611450845807878,-0.208092392475405,0.0855977940623701,0.0415901191611812
"forceless",-0.0538127291368933,-0.0679634713006167,0.0286295656050275,0.0706730290578349,0.168291295829364,-0.0160527484602357,0.0449900050231515,-0.0154517136304598,0.00842579462858136,0.00259160408075778
"forcible",0.0213525152191776,0.280503020777923,-0.110493171664998,-0.0901477750312682,-0.41205222735928,-0.00147214646378332,-0.078765869943126,0.0150198783125811,0.252465438360851,0.0118337874313768
"foresightless",-0.102968685434832,-0.00706412728352583,-0.0814607352528525,0.405597884505089,0.085037176757396,0.0701796983462323,-0.0867259057129695,0.0538248528493106,0.0147128254671707,0.00629327962299725
"forethoughtful",0.0591233929011374,-0.0652940318898179,0.059346914647776,-0.369469314635765,0.0308466012820991,-0.024792759087403,0.0726646621501877,-0.0131138856837793,-0.0174037582947738,-0.0163126963962802
"forgiving",-0.100135474596366,-0.581482418620907,-0.0173867280787862,0.174010669909124,0.0826716175340296,-0.027116917132266,0.0133252253819833,0.0212862538337714,0.120103708198822,0.0583119086245869
"forthright",-0.614167163472362,0.237887368350627,-0.23624620349303,0.0514007951192085,-0.0450324072140863,-0.0824461548049315,-0.0437240430031236,0.0997464853636189,0.0195674203235965,0.106735287156675
"forward",0.0505008984903207,0.140352753210034,-0.36743917130541,-0.035670566030873,-0.389512851419693,-0.112935326287156,-0.0724576211985717,0.206340089130351,0.0102499869640459,0.0857246051152998
"forward-looking",-0.0465875047418595,-0.179227312950076,-0.00150784758446957,-0.0273235658087454,-0.324168149402879,-0.292119582760332,0.0411834286745957,0.189654098422056,0.00559158426205303,-0.0655133076902766
"foul-mouthed",-0.0902947427833935,0.0939018429645227,0.0149349117475086,0.0698092887324564,-0.0486373483212789,0.0381985497954195,0.0255657460986557,0.00377291635622412,0.0453887907928242,0.0833378193096376
"foxy",0.140562092476088,-0.109070220561907,-0.0141297381499697,0.0490451317676942,-0.31143584444803,0.0866147102868769,0.154878365974856,0.0926295650480953,0.0834823891955661,-0.256044626085428
"fraternal",-0.0637357058396082,-0.124047871735421,-0.370513228859515,-0.0119229694488568,-0.0347527413596273,0.131394562780908,-0.137074179052222,-0.118216992462028,0.0582486734704438,0.178020351764012
"fraudulent",0.463561368186018,-0.085115296653781,-0.0559071171138907,0.0406249111134343,0.0413883753863673,-0.0168648868081943,-0.0598881915926007,0.0354567278335548,0.0591315278001703,0.0667860789676352
"free-living",-0.010048573653118,-0.109951223151661,0.167590584868581,0.382257729343182,-0.36698962275589,0.137004561799919,0.0498200451087794,-0.0711351609579621,-0.0252328400305253,-0.0270303132736799
"free-minded",0.0674452081209103,-0.186350271868525,0.0531233158958625,0.390079857866375,-0.247892574981912,-0.154791820496791,0.0657410111891183,-0.0161636751036044,-0.0411299772898178,0.0473788760264911
"free-thinking",0.073398619911512,-0.149444653037819,0.104190942637152,0.215447224614489,-0.181649576473877,-0.21802784245256,0.0109092562850056,0.0362488799190294,-0.0310802894172663,0.0301772816645919
"fretless",-0.0367313649452486,-0.0423097713777311,0.0684356332108344,0.0324693357493394,-0.0135869519154893,0.000859201881411541,0.0428689655487741,0.018849648195135,0.109319338680567,-0.0156533335590759
"frightenable",-0.0835470956646515,-0.0955378136405621,-0.024294821319237,0.0436951818695103,0.0719200023240808,-0.000346786771998566,0.0731539831110631,0.0423830976665684,-0.106088463290574,0.0480292218489149
"frisky",-0.0307265798205024,-0.0891200809398474,-0.0348877876122942,0.13534457861539,-0.170323139315047,0.139974579249406,0.12766823155441,0.0616679486605026,0.0010792994412799,-0.0105952602670975
"frolicsome",-0.0911723828220742,-0.137794321843955,-0.13484305457138,0.170080180533175,-0.0933290715717974,0.135668748764375,0.190498242731008,0.021508820187593,-0.0287825039376287,-0.0809922385436065
"frugal",0.0625511787714776,-0.00650223693857186,0.105216129356413,-0.050844847290833,0.288718260318977,-0.0347438162824542,0.105461380706551,-0.117754389857779,-0.0244503076028996,0.228071482035812
"fussy",-0.0533289924225613,0.294605698934177,-0.0767608360647439,-0.382524783238832,0.299164747421533,0.128990455004695,0.00826581370837503,-0.0467570009377101,-0.452657548463298,-0.281246095509352
"gabby",0.112974504001478,-0.0394761171882217,-0.489995476295358,0.127869926718185,-0.0271583011109803,0.114697204922341,0.0497065853495276,0.115353606298975,-0.0859350862643837,-0.0978859222991545
"gallant",0.0117833839827165,-0.0760287409851092,-0.207726383909385,-0.0452530617276036,-0.23358321685294,0.0180885291301399,-0.0970333467899816,-0.199056317168041,0.0978029885962511,0.0311997176161186
"genteel",0.0088660132108734,-0.122585155209507,-0.249072614908284,-0.151492987271277,0.287901450736296,-0.163128607908191,0.0594263330012546,-0.164998862826608,0.0375064931420054,-0.34151313226102
"gentle",0.0237731588976132,-0.409333773273836,-0.0264195547727809,0.02724553299656,0.258900870852558,0.114998439712177,0.00642256486710081,-0.19445889074355,-0.112373365619047,0.00562556600529883
"gentle-minded",-0.00515268776881872,-0.394993025392345,-0.0334794539571222,0.0662919289194664,0.282429292945845,0.0855915048368112,0.0434687909119146,-0.319526184079004,-0.0923353200415922,-0.00596254510209757
"gentlemanlike",-0.0479913628520153,-0.219600831956675,-0.0302348856565099,0.0605233699222115,0.0275108719256226,0.0346181874069586,-0.963365163985314,0.121428443995262,-0.0307859646595336,-0.0186394696552956
"girlish",-0.0924790283934882,-0.019254915382475,-0.00493752303925098,-0.0131821549237973,0.000534339066554991,0.0336838681186383,0.262071935738665,0.0133239822620175,0.0163282422896185,-0.0489451328641358
"giving",-0.1309892872644,-0.150106536313419,-0.271389102883904,-0.0123884314418606,0.0179262675258262,0.00764337161467992,0.0253872509438049,-0.150914139997115,-0.0627642923065771,0.0561633580707475
"glib",0.648253705492444,-0.101866690266463,-0.156486753353893,0.0192898140788876,-0.000667103266711918,-0.025678758131029,-0.0273918327482328,0.0596157453005245,0.0613887341521634,-0.0776648295570819
"gloomy",-0.0634193711463435,-0.00310707826354932,0.152993725534069,0.0168783446343999,0.0331911660132665,0.00815375464266085,-0.00650459288332309,0.00784160896438969,-0.0333479011142568,0.0289172559853298
"gluttonous",-0.0489878562445048,-0.000973987740822564,-0.00694709488470216,0.0134669181679638,-0.0122855871778635,0.0228305746817978,-0.00306396010853208,0.0166496293375882,0.0292258258182344,-0.00644095979584628
"god-fearing",-0.105014231440923,-0.0063514355471337,-0.144234945578661,-0.151617605060164,0.121062302598952,0.171672973914492,0.037348362889214,-0.158859661781961,0.0715240202366595,-0.00204697036306149
"godless",0.0552785027486796,-0.0104271747108719,0.18001991791184,0.132521627706393,0.0305464340338521,-0.122088707330721,-0.053356172628738,0.198921251283392,-0.0670311496173075,0.0286864647417398
"good-hearted",-0.271168994774948,-0.13594073455896,-0.108925607496586,0.0399718922023363,0.0256887753209513,0.0789085117698674,-0.0142064594254698,-0.113311565805715,-0.084268709952889,0.0458307903793447
"good-humored",0.107115179567336,-0.336748564662284,-0.276047181961575,0.107804628215861,0.0383348995705459,0.152928616187426,-0.0398683743483685,-0.069248213825726,0.0417730024521081,-0.0429412517020346
"good-natured",0.0049134881570312,-0.421873091251892,-0.199747811841563,0.080344342744877,0.0496653408278617,0.130524026508869,-0.064881965033206,-0.0987441495759921,-0.018563363059733,0.03048824893077
"good-tempered",0.0875780110722002,-0.587612921568508,-0.12228031628614,0.0876166737189234,0.143065770608624,0.107508899680051,-0.0339389960031454,-0.0125267463114997,0.126546591103042,2.15984595620784e-05
"graceful",-0.01470008375971,-0.195269772988388,-0.0092854913151026,-0.0522861016253042,-0.0963967374903067,0.00742145312836659,0.301913640766985,-0.13001206664391,0.0781374620531432,-0.232160966440858
"graceless",-0.0835006062004348,0.159823090451343,0.147437179548547,0.155336941242089,0.0439595564397572,-0.0264621309171316,0.0254552790036993,0.12006393725812,-0.00410711241497718,0.193018648096309
"gracious",-0.0424478367732236,-0.293735168862459,-0.32877115815847,-0.0157941640924815,0.0905920523797112,-0.014713717445869,-0.0288560550238644,-0.126838579599916,-0.00271555401515348,-0.137823054835834
"great-hearted",-0.168124128530261,-0.124426064971145,-0.171866347325048,0.0154715529167438,-0.0374216277501724,0.0191500122990958,-0.01568942759369,-0.100928968540614,-0.0137140855726232,0.0473978580015094
"gruff",-0.0425154263572653,0.391663302193154,0.216806713975379,0.0113348716526849,-0.0926015893580347,0.22768774365414,-0.162192504858668,-0.137618117369092,0.0624447614014228,0.145544759120413
"grumbly",-0.19985815621401,0.526207538824225,0.0788025138573207,-0.0115637505990573,0.141705654638559,0.265011850915202,-0.142003674853577,-0.186178232605515,-0.154798443361091,0.0688848342255302
"guileless",-0.531602447761125,-0.150752868941333,-0.0814844039890752,0.164188814409536,0.154780648507775,0.070668618126127,0.0856819107516308,-0.0725249895660252,0.162438331493936,0.0975619011644314
"gushy",-0.0195429128434952,-0.0649264953725564,-0.16809533802444,0.0403090307580715,0.0266952584404087,0.0809351376197034,0.195211879466447,0.00560891029360039,-0.0610763187198738,-0.0657226800189357
"gutless",-0.0518347291938001,-0.0144596737553148,0.00790452449390334,7.61464224222137e-05,0.0316252228399515,-0.0010546599892154,0.0221159100875532,0.0249720694882337,0.0287891355607871,-0.00701118285132908
"gutsy",0.0899930137891437,0.12029496066212,-0.0408155995138913,0.0676674251265866,-0.49003985755542,0.136504447441322,-0.0618295444329477,-0.0866856584760976,0.0612612988492603,0.039181301958619
"hard-hearted",0.068239033022186,0.227360468312337,0.0680442862490171,0.006093536100149,0.0107626622672767,-0.0438879416137488,0.101710594731417,0.0666930498235589,0.124346353282897,-0.00980481351124382
"hard-nosed",0.0728871523848071,0.399362002728376,-0.0495592539317873,-0.294998018411208,-0.235695569216732,0.0730254762285075,-0.215332205883301,0.141394139562776,0.186552428633161,0.021114952746153
"hard-shelled",0.0777999290674284,0.269057770500909,0.270046819872518,-0.141238194261321,-0.031621478031953,0.122771007502261,-0.190787297657552,0.0244174074976555,0.100624058516768,0.00854096189267954
"hardened",0.159723557157737,0.176440412292996,0.122861237076337,-0.141321249402426,-0.233137310766647,0.158225220656347,-0.293078000480706,0.000525999735865031,0.22975859539669,0.0860124731232742
"hardheaded",0.0446249298965284,0.322088317871104,0.0269970276748757,-0.209655776713052,-0.1824171216787,0.18974867550609,-0.215231557851629,0.0945715660433214,0.0264715130718585,0.011871842753771
"hardworking",0.0010251770877275,-0.0345684917760461,0.0234391580151919,-0.189159001374133,-0.0345409159100793,0.0619466272865424,0.00100167212091441,0.0308583093117217,-0.0132288993576958,0.00502210772538828
"hasty",-0.140495485050857,0.0140187331768501,-0.0959816685328896,0.362192378822195,-0.238987251086651,0.0645960423944237,-0.0526872629479391,0.147764840513734,-0.00348955841978664,0.0589279650967657
"haughty",-0.0159324861956211,0.343585624221286,0.0224308003507599,-0.0189320475235273,0.0186673115750149,-0.0865907777321041,0.117409124674702,0.0224959195843124,0.0868542636385825,-0.133777120808808
"headlong",0.0189214518546976,-0.0285903062396482,-0.00295295839639719,0.322449142160461,-0.469397187825366,0.0063211138302532,-0.100538691487404,0.047437842229918,0.0264884482170154,0.0876611539517865
"headstrong",0.0498204839813674,0.304191284568392,0.078060527998866,-0.0288712433675161,-0.459148664978035,0.150407237899267,0.0537982364580587,-0.0519292901204154,0.13659549363195,-0.0417795923522216
"heartless",0.162090521784795,0.0660195944472382,0.0249753623285968,0.0406981843174256,0.0222565766883402,-0.0687235224969613,0.0659732889181389,0.0559047005563223,0.151142598376983,-0.00393430371968587
"hectic",-0.0446434101807598,0.0452998589901959,-0.167397574602767,0.00129156662530617,-0.57167183249558,-0.0763678789908936,0.0904139124430008,0.132031808831608,-0.0253945681672914,-0.00635884986610158
"heedful",0.0823366769032972,-0.0786310644150164,0.012249042966535,-0.389481707276399,0.0727267593482326,0.0263445044781015,0.0316487990741058,0.00512088906708198,-0.0567573273540581,0.0100880618108503
"heedless",-0.0718509759612312,-0.0122371646084017,-0.0121105312907773,0.505880991262044,-0.0310998072594342,0.00497557086818226,-0.176292028922881,0.0715727065596279,0.00158657861847977,0.0301590445202597
"heretical",-0.074226446761553,0.0375988780976287,0.053373155713587,0.0640277457292276,-0.0109241621129882,-0.0210415207336457,0.0409445282546571,0.0114613903015987,0.026059942543717,0.0154924016496566
"hermitish",0.0189498157755298,-0.089854412329592,0.619480181599837,0.0579664898842486,0.185692810382471,0.0342946040006328,-0.0316395059724679,-0.0510904893978124,-0.0369173616653793,0.0413571895060158
"heroic",-0.0320392343501515,-0.074573665923228,-0.0310318805891323,-0.0909224215559551,-0.293230968969627,-0.0127753122922297,0.0695037598215818,-0.147998207437654,0.203957503328538,0.194375126056063
"high-handed",0.304359459489697,0.55033709132343,-0.135080395061947,-0.15143427739821,-0.0233499851072195,-0.137331577009373,0.142567494665837,-0.000745056043962464,0.126675026185348,-0.0414473102264496
"high-minded",-0.141670043661885,-0.0998626862124993,0.0609345667395299,-0.0834372430166116,-0.124279965703434,-0.282805756304437,0.00259733707561492,-0.160706422912206,0.036321279127127,-0.11803267666743
"high-principled",-0.604346231217202,0.00259447635441322,0.0736674426438837,-0.0807748356980911,-0.0635423644949613,-0.012165971950285,-0.0170306317181383,-0.0342771822714355,-0.0285929273439265,0.014268432475278
"high-spirited",0.0193484565257605,-0.128792362685765,-0.274373034879683,0.107803585711567,-0.32991403979357,0.233832003085252,0.0402101269581365,-0.0213607757504754,0.00826169205548757,-0.0779960567792948
"highfalutin",0.0212612914492639,0.0394030350615617,-0.012460826610214,0.0326989559246484,-0.00515632844616596,-0.0610914529290227,-0.00848366867272807,0.031046060731334,0.113354759733985,-0.16803316895378
"hit-or-miss",-0.0214305823004544,-0.0428633993562029,-0.0362492982357903,0.591739061790983,-0.00772167500991045,-0.0296928594753953,-0.142886617610119,0.0371805040748615,-0.0525780521662474,0.0203566620403503
"hoggish",-0.0499306494812348,-0.0193735871805986,0.00276184482136836,0.00113609836078078,0.00399700147002859,0.00129540731232986,0.0144638919712402,0.0396208901859962,0.0637079615600574,-0.0146926409280043
"homespun",0.182505720366753,0.0820290699970242,-0.0659337277642865,-0.00550709992648288,0.323544973988712,0.490472232892083,0.0401133568712074,-0.488204681936946,-0.147542819309478,0.215368016610068
"hospitable",0.0140897542661333,-0.0584159828438994,-0.425067625751041,0.0199198224929353,0.080274875186331,0.085413505151439,-0.0106992068853622,-0.128458373110877,-0.00568404140262134,-0.00695730451222293
"hostile",-0.0618272829531582,0.3390847742639,0.0535135343003983,0.0615527313367926,-0.067668566224891,-0.00280632981128307,0.126049168209195,-0.0293967041151613,0.0325856777423884,0.107433350642238
"hot-blooded",-0.156930707519774,0.194835894358659,-0.0647601700528104,0.16608978869838,-0.479639226332357,0.188548461443421,-0.0247919725413945,0.0656710763346252,0.0385038762965649,0.016441430903072
"hot-tempered",-0.172448445689005,0.401343983659659,-0.0291194927585178,0.0300683467043857,-0.221988087501782,0.13206735329068,0.044027010891483,-0.0106114534012251,-0.00522909883105653,0.0411375836217622
"humane",-0.145102531133451,-0.15335840375456,-0.0813373650387521,0.00978413048159239,0.00381968942961821,-0.0057579540526119,0.0139404209557567,-0.113545837280638,-0.0124474117759397,0.00180770396190493
"humanitarian",-0.139165877307104,-0.205795783917404,-0.225682036003877,0.00697986947272029,-0.0652090281312389,-0.108825884937837,0.0655225957609603,-0.277359276384665,-0.0139257586088889,0.0996717326083253
"hypercritical",-0.167694324422033,0.526364824314865,-0.0388474419056832,-0.256494396172912,0.0270448169988827,-0.152733116734889,-0.0387271851343893,0.0671712268307247,-0.264986170243134,-0.112252034298743
"hypersensitive",-0.11540312902373,0.134420132670655,-0.077086922944422,-0.0566427263464705,0.0367579598546892,-0.066819516328884,0.123395129959298,-0.116442178562323,-0.287698365129869,0.0606303946826018
"hypersensual",-0.0640173455734187,-0.0470399573458565,0.0945264352561155,0.114828932493833,-0.161156805604839,0.0813458592046118,0.0887165905290202,-0.0855652789481506,-0.0797425267031048,-0.224120276506527
"icy",0.070574178184527,0.275945569777828,0.460081176653726,-0.0142425706576938,-0.0387766505168064,-0.12243283018859,0.146143737812356,0.0479590004176392,0.144261828553974,-0.0248305244819463
"ill-humored",-0.126273030139558,0.388840106939084,0.108276566508722,-0.00108276162288254,0.0131815971368214,0.034737795439723,0.0426439701576857,-0.0123673820215775,-0.0472109206123547,0.0381727280894203
"ill-mannered",-0.0350252100585063,0.143378971978361,0.0793585242855345,0.0645840146598569,-0.0136468688482791,-0.0236971944312967,0.0786197059476183,0.0318025978952056,0.0427520438681759,0.0593955935967971
"ill-natured",0.0968254133150492,0.16531315646111,0.00310456919935402,0.0105616579073498,0.0537886888180473,-0.0215886673769269,0.12436654745065,0.0403882442821819,0.0381979749023113,0.0518387803777794
"ill-tempered",-0.153817769054832,0.47843210110407,0.0450035215125016,0.0315077390455185,-0.036165115536972,0.0340853101359157,0.068638410295391,-0.0817459835542052,-0.0339192405956851,0.0519696208756349
"ill-willed",0.532364839635848,0.0734583229449059,-0.063836387314195,-0.0151267585214449,0.0866071956435664,-0.0691768399927137,0.123442027597293,0.0358126639467268,0.117164504069831,0.0782252056109163
"imitative",0.122352172885463,-0.0977628319590333,-0.0620973073240523,8.76470138380347e-05,0.0820114427141963,0.0282873802909993,0.0241921429432564,0.0520215455468826,-0.0259137237777079,0.0388151799797303
"immoderate",-0.0111428889290966,0.236626829552781,-0.178487969187115,0.0738984786061835,-0.306817634433173,0.0422799523352002,-0.162823213360882,0.0707160487201318,-0.0216349802403952,-0.000185400811482978
"immodest",0.292059929839378,0.0598829073644087,-0.0369215802211145,0.138719382523419,-0.104798701884218,0.0402582241037332,-0.0620426111891272,0.0738336425357064,0.0684722267909719,-0.0978965656973693
"immovable",0.0486900079129269,0.223020231137579,0.126804291759879,-0.179004271497713,0.146870370765749,0.137805882870767,-0.103443422863233,-0.15312144003165,0.158099697083506,0.056432243591269
"impassive",0.0256476160954304,-0.010103891170926,0.396887767925155,-0.054777475496729,0.124528893375092,-0.00588119554319368,-0.0538695939293051,0.0905167760736806,0.167515658229557,-0.0240008142750974
"impertinent",0.138639740052343,0.291252299123226,0.0327316720060812,0.0981230306525918,-0.0393779869924813,-0.00234052471455291,0.126260682944755,0.0122151841529073,0.00746798833727689,0.109862187923159
"impious",0.0398695947152656,0.0236076447734199,0.0249211266813474,0.0660456912071596,-0.0186701101560198,-0.0168612313187683,0.0202193988177847,0.0237688655391256,0.0860199856113533,0.00474535636118149
"impish",0.195507450545508,-0.0892138591027297,-0.0726262816726054,0.156067368310214,-0.0124741198306878,0.100871138990874,0.0459115249450898,0.0518947069126696,-0.0699245262167967,0.0956894715283685
"imprecise",-0.0679886987620361,-0.00163144804307807,-0.0607521509069729,0.455860321802923,0.093444468158322,-0.0300894825926628,-0.0776313808438094,-0.0440943569814033,-0.0112648022828749,-0.0533285130386853
"impressible",0.108674992886201,-0.223969840195082,-0.20821377286133,0.149892306632647,-0.155434555283425,-0.0411085669660787,0.0641025069615156,-0.0338272508210685,-0.161807691595994,-0.059532374778677
"impressionable",-0.113089859091481,-0.129969331310466,-0.0638818574467,0.192098992840138,-0.0476701818972739,-0.00935379204500207,0.0952384458655688,0.0344701018482318,-0.113609180603863,0.00367017239683219
"imprudent",0.145159555372001,0.0100540683754778,-0.142049214319253,0.309435177720235,-0.103821351255441,0.157160610544968,-0.154909038858637,0.0236929883574713,-0.0494710556119812,0.13976047092665
"impudent",0.263462337310625,0.177107616933634,-0.00964369406185928,0.226446660818719,-0.110855468497272,0.022597660301025,0.0528046197673716,0.0594264618043807,0.0724778143376529,0.064522969135588
"inaccurate",-0.0053283456004823,-0.0573649009764128,-0.047627896740996,0.229810289184096,0.0484323827406156,-0.0105486673392011,-0.0725378366379828,0.00241892014733095,-0.0154329838317861,-0.0315882071044104
"inaggressive",-0.104638339592605,-0.220169765797483,0.0521033856736281,0.0552567169428101,0.389485439621292,0.0277348928445647,0.0591131641959254,-0.00300658156034941,-0.177692949887434,-0.0628510651843305
"incautious",-0.0144268109025239,-0.0563836742958,-0.0998951327603338,0.258813248314075,-0.0641843751271461,0.0914669424411614,-0.163552218478749,0.0942292681563709,-0.0379752357622254,0.0995016249014006
"incoercible",-0.216679431030257,0.029199129658206,0.11311413960628,0.113142598361367,0.0565585831409051,0.0635938492677728,-0.0273906180483354,-0.00308942795218981,-0.0718889090869017,0.0219193010863887
"incompliant",-0.0398236256242179,0.420734397207768,0.142987064868254,0.213491914011043,-0.0302991497911817,0.163127277197629,0.0175079742850913,-0.189654104876573,0.139585936524093,-0.0853665951531589
"inconfident",-0.0914940716469685,-0.0607579346015444,0.132825137747144,0.0376703125455383,0.0737729332048039,-0.023155975113742,0.00767582472501128,0.0784541147615014,-0.142737262051973,0.0065007495905134
"inconfinable",0.187188004756636,-0.083183474422134,0.179041596038075,0.432912865617674,-0.42631057792981,-0.195980426839686,-0.0252786549343997,-0.132718821803403,0.0374980986610189,0.00507415672632996
"incongenial",-0.125900227563284,0.349617465539762,0.510801441268191,-0.00702740306373173,0.044790976695874,0.0165178814665048,0.0950058714140231,0.0845102266710998,0.00887894461931721,0.00440773089551564
"inconstant",0.0557711014075716,-0.0290236448432633,-0.0727107468832853,0.296189154706601,0.0255609139364809,-0.0299773506909723,-0.136448780193556,0.0285250221591873,-0.0308827833948194,-0.0504307319005404
"incontrollable",-0.0794551024360767,0.116325191524058,-0.036784828736435,0.22608053766376,-0.163551253334522,0.102219554148415,-0.0889103902250871,-0.00504081785796362,-0.0148291361718178,0.0213889768753604
"inconvincible",0.13705519585718,0.2857024221817,0.108621585361888,0.0104165325697912,0.0499406232441501,0.258349811979423,-0.0766645392983731,-0.0806826080105638,0.024969637852462,0.0192253298752992
"incorrupt",-0.80504999347134,0.0597679839819659,0.134128916231848,0.0114313466442638,-0.0331128372160793,0.0185222810292325,0.077224702220373,0.0778533789102454,-0.0362012852433886,-0.020529249662364
"incorruptible",-0.725464871601539,0.0547271646409591,0.131628392705898,-0.0139793201796413,-0.0236313016142376,-0.0056365321538938,0.0808336033410436,0.0512744093106082,-0.0129324712508141,-0.00521180905124068
"incurious",-0.081220093297515,-0.0212398555822283,0.00826537729141136,0.00422303339915978,0.0364982256884867,0.0527915964253972,0.00969634153924577,0.030207924698765,0.0780217153678942,-0.014531152770419
"indefatigable",0.0884005018532047,-0.0556060682244466,0.0406662894492873,-0.22954329960378,-0.110943482647282,0.0941690108830088,-0.00194300429760215,-0.0161037343822898,0.0741593654580043,0.062831452847325
"indefinite",0.0470119895429578,-0.105977665159604,0.153708541292794,0.100619806084234,-0.0127321183944413,0.0591512393306233,-0.00856857930899977,-0.0924588038488132,-0.0531913904669122,-0.0547744578799165
"indeliberate",-0.105769811058334,-0.0437886668671854,-0.0576864906272709,0.40115687768625,0.0499963158753251,-0.0385050219156228,-0.0923050505608387,0.0152335009017305,0.0175850871360572,0.00758912542656342
"indelicate",0.209233436826096,0.259449377325375,-0.0230863154911219,0.161319466119772,-0.0158586687084163,0.0162768585321903,0.063262753954778,-0.0185230687036468,-0.0622649493591419,0.249493972915187
"indestructible",-0.0776526189306253,0.0854219626586188,0.014928779039652,-0.0749585940497462,-0.224793029320525,0.090777495853374,0.0581891980253131,-0.0790571270991545,0.158659965634236,0.0120553164092935
"indifferent",-0.0413241982081621,-0.0186381787881804,0.23793406674364,0.0640512433188403,0.0669222417867767,0.0228291347936562,0.0597887605528082,0.110788084246671,0.105837479808681,-0.00997711390543969
"indivertible",-0.00862570952150057,0.0212143792220076,0.00481337507098228,0.0155365743548416,0.022420623874854,-0.0507013538973015,0.00364217530269892,-0.00793769935378537,0.0758456533211317,0.0216799636458946
"indocile",-0.23041799232789,0.498184562735378,0.205939367968435,0.26071672962678,0.0552689794514909,0.297824107152602,0.0232283767245186,-0.243915776850244,0.0369315406555661,-0.105481744109441
"indomitable",0.0261267070183669,0.0424817270869978,0.0354338071706734,-0.0568490873317033,-0.292409694476037,0.00779863547247331,-0.0180119310190408,-0.0475173833679053,0.128255735012155,0.0202497916454668
"inelegant",0.0602945537205458,-0.017780890495991,0.113688624253992,0.143619656598059,0.0690533948812703,0.0918303225285564,-0.0530788856258477,0.017991027178244,0.0991093025567242,0.33788267205155
"ineloquent",-0.0975105220926804,-0.00798085607489039,0.274273445725257,-0.014753846952501,0.0156646656252645,0.271555004943233,0.0219953016772796,0.0788753726384828,-0.00105893150650626,0.165197520631367
"inexact",-0.0092517615657186,-0.0422027863898582,-0.042321602846841,0.416673328831012,0.0325156844218102,-0.0477822056928046,-0.126099982555873,-0.0425503052314654,-0.0239563575310414,-0.104352684645084
"inexcitable",-0.0807162980634487,-0.056979224784928,0.163087691674519,-0.102602232795403,0.518493499339537,-0.0405723272148844,-0.0132346784286731,0.0428301236557014,0.124046776631088,0.0492989551946911
"inexhaustible",0.0289951247697598,-0.0594021050504622,-0.00334589818108897,-0.157282970527018,-0.111922288076341,0.0567054033152611,0.0359590136390693,0.0286153201400935,0.053435433641172,-0.00907332947780005
"inexperienced",-0.0956891155367971,-0.0619684421672257,0.00350409067259621,0.158894572695648,-0.0386661647884523,-0.0547260519918609,0.0635446972716078,0.0824114273715894,0.0121586693119941,0.0738126969822951
"inexplicit",0.138015316078285,-0.181403555245202,0.375571798422584,0.0177224999101404,-0.0596071111975977,0.148501978119218,-0.0305199540018697,-0.155772860204212,-0.0347034802071892,-0.111312059287998
"inexpressive",-0.0810317130911693,-0.130568577881208,0.408516880713601,-0.0792292858228413,0.0603033656395178,0.015466225263957,-0.0253058593100477,0.157023310389745,0.062193119234534,0.030094602426723
"inflexible",-0.236520327691123,0.445676910719832,0.0944778625765436,-0.248352359896652,0.135502584629777,0.162653687721508,-0.0552427989333184,-0.0821138016368203,-0.0162767997524528,-0.0940720896579451
"informative",-0.0374590763469873,0.0058941549939035,-0.119675250719516,-0.0378801443433772,0.0450861462196109,-0.170811552582386,-0.0395571057535043,0.0705182075448301,0.00715939108392045,0.0121165620457181
"informed",-0.0133457285307474,-0.00986937396678981,0.00823183607654164,-0.00331024932066776,0.00921686181773412,-0.157712352989386,-0.0136267449276864,0.0630488041938121,0.0284127913595737,-0.015427199154371
"ingenuous",-0.351094456766816,-0.10319165249252,-0.175063694703828,0.218351252336677,0.0245585342180544,-0.0212684285284793,0.0580035124411833,-0.0534179835154784,-0.0162838711457819,0.108114667304598
"ingratiating",0.672996899232803,-0.132287041355844,-0.297176657825256,-0.001887880694284,0.105466768229146,-0.058599128263054,0.0300168448400074,0.0304707697024873,0.0368362145299362,-0.0442368949099528
"ingratiatory",0.66586205161117,-0.168707724424741,-0.294579689706123,-0.0204223735691496,0.0885524816883113,-0.051615368779055,0.0616923891887827,0.0275344501016452,0.0612995666927773,-0.107644448902765
"inharmonious",-0.0787117543232392,0.179951466791287,0.0735774962884211,0.0199610954951567,-0.00451991886905419,-0.0412118097045106,0.0455580248296931,0.0111600439950094,-0.0164946356432265,0.0487103385673959
"inhospitable",-0.0266850822373276,0.179533525014033,0.418227691002336,0.0491945781211168,-0.0447985382919225,0.0255482890949489,0.112904144742858,0.0432055453648718,0.078940945770914,0.0220823967083351
"inhuman",-0.0714312667590496,-0.0245362339818174,0.0227550988003073,-0.00488948730226514,0.00734755293919229,-0.0106718164209083,0.0254114786929433,0.0325942514815362,0.0414471695531985,-0.00569600720576121
"inhumane",-0.0624666686491558,-0.0238318523772513,0.0117285696218054,-0.000995289277870867,0.00871198228518731,-0.0143986409346069,0.0178492991082782,0.0218006899115342,0.0434423609780585,-0.00899516146371629
"inirritable",0.099247210148354,-0.271936588608783,0.115788641921314,0.0194918624781805,0.148438732765684,0.00170574250255148,0.0414419193651355,0.0170163452290734,0.128977485244696,-0.064763405914261
"injudicious",0.160997497554264,0.105068821127386,-0.222087126338548,0.255533212231983,0.0788372590983745,0.182260498413087,-0.175635033482203,-0.027483228296166,-0.148652447234307,0.067463511186421
"inquiring",0.052569629165498,-0.0212518497161155,0.0455012284911456,0.0322529006173662,-0.0233118042024859,-0.28676502155832,0.0313976296757971,0.063009707710575,-0.108510912261807,0.050841614778938
"inquisitorial",0.159125929214947,0.185578883092733,-0.143500091660231,0.0621066256490162,0.0349184778507185,-0.499809011373734,-0.0394517032635087,0.137706620355311,-0.066639793235088,0.148699515747694
"insensuous",-0.0601112974101583,0.0101403560286973,0.113101703030423,-0.00906320041483979,0.102427317067144,-0.0623848751515292,-0.000383501465205036,0.172263591526818,0.0906009394161046,0.0924577552085347
"insolent",0.0314638347610161,0.203338924194278,0.0791178682705004,0.113133083611865,-0.0389153994751598,-0.0154266205506896,0.160051734713147,0.0206643410256121,0.0876529460111165,0.0598543115159538
"instructible",0.115245090944474,-0.212918159707688,-0.0608211796869971,-0.086627977698002,0.049742122431332,-0.219116166043474,-0.00072734703862072,0.140421959810557,-0.0556544149913562,0.185079887740942
"insubordinate",0.0198309537051609,0.0757596975289533,0.0869570793607833,0.10276540151959,-0.0217302185127064,0.00967979174177318,0.0616848309314135,-0.00574013209993434,0.0544637980084881,0.0459718176224293
"insuppressible",0.150524272469293,-0.0243207438943202,-0.153502812750319,0.0957775927851585,-0.386473763735629,0.000661213134504152,-0.0206913321933401,-0.0741743374877131,-0.0087935991384669,0.0222459041026389
"intemperate",-0.0726088594639226,0.282696304959846,-0.10076665863554,0.125068975251744,-0.212818918321115,0.103691476595709,-0.110181940922941,-0.017913400640391,-0.0537752692855018,0.0850293365889104
"intimate",-0.0702107719426488,-0.0594444335996074,-0.326510496384333,0.0861999128692861,0.0375456084738404,-0.0775822237336098,0.179309680304108,-0.0878128249221586,-0.127938585545398,-0.0735643357274829
"intricate",0.0292817388211414,0.0726106154458573,0.165520972549641,-0.0609878696458838,0.0684849867353183,-0.196790271370396,-0.050059903796486,0.0132265952329143,-0.229785097826624,-0.152220400128126
"intuitive",0.0914462923877468,-0.105198106011373,0.077345599637204,0.075012101528458,-0.138375787648699,-0.138796129520035,0.0617434693641071,0.0221786166592923,0.000156062229306161,0.0135572253881173
"invariable",-0.0653120976499461,0.0413197659678001,0.0745088891654145,-0.141096610221577,0.264831686094514,0.242848257947393,-0.11032447079918,-0.0802090446623003,0.0950968180655546,0.0398187983707804
"invincible",-0.0399745499785879,0.0579074586939265,0.0171918689124648,-0.0398884902962209,-0.319816585333853,0.0182315579273395,0.0913091413413161,0.0142881670440464,0.210754232965451,-0.0626299314240884
"inward",0.136050735800229,-0.16833058364934,0.554460898468806,0.0677765315175075,0.237372032102607,-0.0856109457251014,0.0135916235907917,-0.126427515624582,-0.08045344535495,0.0125207319297296
"iron-hearted",0.0917134880413277,0.181076433297334,0.107825746062656,-0.0169957970068041,-0.115556166173438,-0.0457197897586155,0.00762453443049045,0.0400667869466706,0.223251658454435,0.0301161691670083
"ironical",0.25885749041335,0.0457309653805744,-0.00149543737144493,0.182560818681805,0.0952295028711965,-0.131500681414467,-0.059801358196711,0.0818867580756405,0.0241497708729945,-0.0316534084139768
"irrational",-0.0164787911555168,0.0288900494685184,-0.0629594781047128,0.115896491576251,-0.0517118293335741,0.128850669007925,-0.0706963663996812,-0.00152752101470646,-0.112890075403448,0.0743783585226814
"irreformable",0.18641462781259,0.360457944468138,0.0702322306281634,-0.0682843261419985,0.172618940831378,0.190065399683251,-0.130720554238383,-0.21765948223136,0.0259540040150117,0.000402129203135529
"irreligious",-0.00825140531240404,0.00377669258146399,0.0892877742213976,0.0723127604720624,-0.00993013670170401,-2.18254265097272e-05,-0.0170636998443443,0.128663659399306,-0.00467272677686381,-0.00139470768553056
"irrepressible",0.0932100852316023,-0.0586734400854346,-0.270631584041603,0.161482261656276,-0.387724841055025,0.150001979167326,0.0365057909529223,-0.0591967960197152,0.0428556007275669,-0.00959211734734867
"irresolute",-0.147666057172332,-0.0500045521063559,0.0121499654736469,0.276705777735351,0.118319264246065,-0.0542813316961172,-0.0239655108407861,-0.00542165207891692,-0.0166997587842494,-0.115296868604652
"irresponsible",-0.0141825556144395,-0.0483906306803259,-0.0609630660940953,0.289149680374452,0.0216464193026865,0.0394781203043516,-0.194013351186067,0.0222479775113745,-0.0321903736319652,0.0152971435762901
"irrestrainable",0.0434121410158124,0.00328048723971311,-0.0300766444389554,0.248973628140686,-0.518117263963657,0.0392870388270947,-0.0123300835669817,0.0508312688016897,0.0464850056274183,0.02302422014123
"jaunty",0.0564140343599007,-0.084211266493019,-0.250269801928463,0.187582190275076,-0.160264091933994,0.170458611881474,-0.0398270571673605,0.0517975256018603,-0.0866507535288661,-0.161748756761215
"jocular",0.0622061109034397,-0.156529666648718,-0.284048794009124,0.186900550110317,-0.0805090161535718,0.221743279622615,-0.106643183796375,0.106625455352916,0.039403841126284,-0.0588238809177623
"jolly",0.0346209133022169,-0.241034073323662,-0.361618465908738,-0.0170833952619875,0.093111882853301,0.330369803199351,0.0384839389723831,0.0165780861862397,-0.0139979514680162,-0.0591838177463439
"joyless",-0.0375129960267168,0.0541708869429266,0.137467933525471,-0.00742861652265106,0.0721404864763255,-0.0517485033853282,0.00656670937571733,0.0905391180992322,0.0377329923644379,0.0391357553661352
"judicious",-0.00219104083652305,-0.097596763809111,0.0567515514143104,-0.272507272096229,0.0715730007415304,-0.138516161631419,0.0213609554063745,-0.0155716061036012,0.0298062159066158,-0.01940054951119
"just",-0.451497446388719,-0.0409246591211051,-0.0380946735080947,-0.073067608104235,-0.00588300726737467,-0.0483376932837902,0.0159724490957857,0.0459778641105183,0.0429709211821548,0.0303687188554114
"juvenile",-0.054898917725981,-0.0420264672543852,0.0232628241975664,0.0653672148944416,-0.0102859906092235,-0.00149196529469891,0.0473801553879055,0.0510255505149903,0.0237781672880286,0.0327592311413537
"kindhearted",-0.125553894048026,-0.202250929148903,-0.10591602726729,0.00115091596059512,0.0305996055615091,0.0564938363542103,-0.00306112849837511,-0.118622321938783,-0.0706279779558041,0.035883619888878
"kindly",-0.0816670691963886,-0.195003266790948,-0.161585057982301,-0.0064896355662621,0.0753566010205758,0.0630527516558782,0.00272737543484236,-0.0605942858197855,-0.0348238051998158,-0.00659471596817818
"knavish",0.746689319017973,-0.134050914262522,-0.0938812089020541,-0.0265818325948262,0.0549610023515029,-0.0656229653806643,0.00670844746061275,0.0120130608744006,0.121571211504441,0.0461403307514411
"know-it-all",0.079039307202394,0.364533266436261,-0.0703634840410553,-0.0543334704461623,0.127512812575627,-0.185354065360081,-0.120362421671925,0.141229022690869,-0.104906109909371,-0.0280840009822544
"lackadaisical",-0.125151822549035,-0.0163557559166247,-0.0221783063072903,0.350129413477504,0.099848895756814,-0.0880982344602693,-0.0387708449110165,0.0298930269455615,0.0797384988570707,-0.0132061526204165
"ladylike",-0.0914355610415588,0.0191840913312409,-0.082891829547254,-0.162663306065687,0.143133041920049,-0.0243641174549789,0.797078006109368,-0.109939803581015,0.087924549295903,-0.116227496662238
"lamblike",0.0376309869407397,-0.213185876231438,-0.0698560807730119,-0.0212358556384752,0.236323595258667,0.064647957059391,0.267889581517965,-0.247952353681668,0.00551571579722721,0.0866703401499816
"languid",-0.0308514071531053,-0.0746693557057427,0.0614358804626145,0.232564037399108,0.230313781549636,-0.0349103396560263,0.051540963265868,-0.0975429301066248,0.0866076705124049,-0.0674815490854163
"larcenous",0.263662864878648,-0.0221798647539061,-0.00673846196295331,0.082196865621305,0.0313876741965639,-0.0415030484777328,-0.0184542635776287,0.0251367146822395,0.0921591172193964,0.0747241367813548
"laughterless",0.00522483460089239,0.205499529087746,0.436921879322428,-0.0887354823311271,0.084932284941687,-0.126458466507378,-0.0387126665224045,0.0810900805937806,0.0508231076871049,0.127526942990204
"lavish",-0.0493052984062259,-0.0201698109376772,-0.0682231364259913,-0.0642656620277066,-0.152279645235579,0.0150927706150913,0.017054921603227,0.0444592962402169,0.0354851095251365,-0.493160375929852
"law-abiding",-0.396322584063693,-0.039976835184523,0.00402903508088886,-0.148796151152436,0.0764286894086012,0.0163474951676992,0.0717108777796989,0.0614724853932965,-0.0294049401980114,-0.0875490904007208
"lawless",0.201858520901958,0.0113987339906123,0.0283784416124996,0.135727938633717,-0.0244201582424511,-0.0040212688093334,-0.0123472890081439,0.0157863650450298,0.0862888171128934,0.0862535180997971
"leadable",-0.166458221287376,-0.320732535096546,-0.0964967773420634,0.0659063541948002,0.0778369138794021,0.0380006739202499,-0.007145056412529,0.170207674506514,-0.138968352686129,0.0727408698235136
"learned",-0.0573512571023247,-0.00900385530082428,0.0763712481283738,0.0218735412961088,-0.0034919557425014,-0.274080020978051,-0.0507043375894764,0.0211049456856871,0.0290634015175019,-0.0406681657786947
"lecherous",-0.0586625403635965,-0.0321795802184363,0.0127638090816033,-0.008045429047221,0.00326062473789754,-0.00902827679178001,0.0236041847589426,0.0187152924794256,0.0285777247672492,0.0054260604073999
"legalistic",0.0719759344031834,0.15849489313972,-0.0938680733223706,-0.159632413639122,0.102536684859752,-0.263127006047396,-0.00372233310010005,0.0556517114627397,0.163480395175706,0.0120466043591833
"leisureless",-0.100458513126116,0.186156853258653,0.0588086730117545,-0.158968920600943,-0.190533782317608,-0.032506261781832,0.017894971752817,-0.00424201218864442,-0.0650423612700662,0.00136480593647173
"leisurely",0.0831306316186924,-0.165801344650383,0.0392440058312573,0.272382188816688,0.440562174457985,0.0401067287862268,0.0228211665842141,-0.222252906717151,-0.0247534335913833,-0.0669539514438949
"levelheaded",0.0880363690937751,-0.198582556863805,0.0251278450210183,-0.305497448030017,0.174997723824229,-0.0282779307846026,-0.0402904003287724,0.0545102465644991,0.153052135355542,-0.0180193177242098
"life-weary",0.184507408929489,0.0457737320441617,0.0618856783443309,0.0750774390818416,0.132769096633842,0.0157873635845452,-0.113278079176669,-0.0836953905032039,0.00882918949848886,0.132246771949359
"lifeless",-0.0763909397972023,-0.0385781602876584,0.0472915502948466,-0.00794809779384968,0.013689249180216,-0.0152766137130503,0.0252323410663329,0.0515042039815258,0.0449436608720105,-0.00696410136989053
"lighthearted",0.0169870229112784,-0.310634864737674,-0.246335761276652,0.206033255963045,0.0619204926722576,0.190514367442326,0.0885200446153582,0.0427057396187313,-0.0128298716513441,-0.0541117434896024
"lion-hearted",0.0256299821658138,0.013657198011853,-0.0636203425082244,-0.0694361500183746,-0.492073735510861,0.0958969820611547,-0.084833896678484,-0.126944168820232,0.148871996374955,0.0763554360805638
"literal",-0.0235385160116934,0.0243427175222277,0.0497981147722176,-0.174970359423661,0.102739419801571,-0.0711214727117793,-0.047700524343519,0.0710275053549738,0.00731718420544713,0.167319432995367
"literary",0.116126815244085,-0.0490889420251312,-0.10958907851901,0.146584451536014,0.17092917326157,-0.54181117113631,0.110441313875696,-0.0313047471155347,0.0656555028457455,0.0582272112668294
"literate",-0.00472674326413326,-0.0424258798437831,-0.00476465611182285,0.0510093558367429,0.0488423702088892,-0.157090254946202,0.0213920904012091,0.0563589464936862,0.000127487855405177,-0.00543105478755366
"live",-0.0891301152794425,-0.106057315983478,-0.0329132319898055,0.136598473845111,-0.264950199221013,0.112585144650844,0.0221897371821522,0.0118838406578917,-0.0425429032310858,-0.0261310309484553
"lively",0.000781453369391264,-0.146340444904533,-0.274663275175761,0.093133087061746,-0.301272382779607,0.184164859678449,0.14235301992531,0.015767228064997,-0.0182357908593654,-0.111237046358179
"long-suffering",0.120498036655959,-0.0168017469082915,-0.0752165472111573,-0.0870733058665064,0.262505650103626,0.119863983585863,-0.0516201251828672,-0.385586198419496,-0.0776787895437352,0.228969178460223
"long-winded",-0.0319173880833735,0.183079132237474,-0.132158553771531,0.197284913930767,0.178009241377343,-0.17748334514339,-0.158122237514445,-0.0514923351803379,-0.0424592611886053,-0.0491079819522663
"loose-tongued",0.167941661543064,0.232833506811002,-0.289000101118296,0.225610807977933,-0.0302269795707099,0.134169162435021,0.01491264476541,0.0872716977848853,-0.107056109322538,0.114549353202585
"loud",-0.107870758740099,0.114462001158639,-0.116008780147628,0.151742244719384,-0.2458535085953,0.144345990184313,0.0321872571528566,0.124349588696742,0.0879861493293347,0.0201757641083323
"loudmouthed",-0.00889325667292029,0.0858445104113782,-0.135597433218028,0.0822347771333889,-0.0724811319222473,0.137553006345161,0.0253687155112827,0.113623635370695,0.00177970783082587,0.0654495018330457
"loving",-0.0561088666411394,-0.0639198727773989,-0.155307751787865,0.0137607673221016,0.0439445893229385,0.0488770744574589,0.0689532054748735,-0.0860804535661058,-0.0336599045850945,0.0273074629880028
"lucid",0.00361976566712618,-0.0164396856808388,-0.0260364501508807,-0.105997368292692,0.0151852760125855,-0.0745034311605015,0.0168020354518368,0.0668527679726577,0.0183608778871381,-0.00355314571564752
"lukewarm",0.0173143738674385,-0.112447765719856,0.190113044165566,0.0591911215034371,0.21538029626716,0.0686178818533312,-0.010404483906708,0.0333200210968288,0.0167583094117767,-0.00508266873037582
"lustless",0.0519156304262378,-0.0744367121715289,0.11584317982738,-0.0827547085076549,0.393251304599852,0.121531094543457,-0.0783882348665505,0.0419208134004317,-0.00966218585098297,0.0970900003481926
"lusty",0.00726704688953332,-0.0145357505405863,0.043175388187139,0.0582065064975302,-0.099965117660237,0.088384873544713,-0.0430859019922129,0.0219765910702345,0.068245567731615,-0.027472793297983
"magisterial",-0.0697798604022948,0.245357483913499,-0.0592877873527909,-0.0320856616140903,-0.0233099163731057,-0.288565265238704,-0.0845000824771658,-0.151684429718279,0.266163258337009,-0.245030887920508
"magnanimous",-0.212219700305917,-0.258329657554217,-0.244960566508756,0.074642415549313,-0.0619688249999583,-0.103583224694964,-0.0481323693742138,-0.210623862476598,0.111704163414992,0.00303738866480102
"malevolent",0.343327331286822,0.0182524493757503,-0.037577002927275,0.000289966875078399,0.0562629708267723,-0.0797632894318287,0.089028578312341,0.0438111122795071,0.152447564186256,0.0335966257207515
"malicious",0.312286319723706,0.0120904144835311,-0.0427057710146004,-0.000437556729278232,0.0988349785569896,-0.0520812387509617,0.108709365533905,0.0327120756541382,0.0880439383536238,0.052641131041929
"malleable",0.299061316377353,-0.332780928529575,-0.0744053200714944,0.244826041700572,-0.0104496021177815,-0.133808675282685,0.02215405660505,0.0360199215112475,-0.0168345873854578,0.0440644751376848
"manipulable",-0.00602492535254924,-0.0397446877057453,-0.0160808662014725,0.0398272167136102,0.0327045999909666,0.013114319082174,-0.0347929276148809,0.0381957137300669,-0.0111430860263113,0.00319056221095516
"manly",-0.0391945475125716,-0.123847081295654,0.0654409036464588,0.076519910289773,-0.171653226926155,0.149991983210883,-0.886018336694603,0.137005700144034,0.0608312623126126,0.0608793049487269
"mannerless",-0.0463087825918327,0.0667872979551159,0.0756175621026537,0.0662573355042997,-0.0174745370905502,-0.00701815402188185,0.0710168015773547,0.0643070565561757,0.0430170974253874,0.0691627848517897
"many-sided",0.0496954463699687,-0.0380447447785064,0.0238031016930477,0.0803374259850821,-0.0790211328739344,-0.165503547184734,0.0248230833902625,0.0337316543000521,-0.0528501537684851,-0.0308909890376426
"materialistic",0.169571694640058,-0.0553204982195823,-0.098449858228186,-0.00595974794033595,0.00982273294230436,0.0451278812640006,-0.10310698969643,0.157436919293988,0.0316367425321154,-0.196160682269903
"maternal",-0.0327921530529435,-0.103776181476448,-0.185144678512969,-0.117176841101919,0.142662528346503,-0.047363840786038,0.427401289667932,-0.318809624998632,0.0453667403484031,0.0721425748010093
"matter-of-fact",0.0189352953127729,0.026696139522376,-0.0235665475115161,-0.134127642568448,0.120903679717613,-0.0439803389686153,-0.090035358219003,0.095229884667753,0.052836131416801,0.0830041883464013
"mechanistic",-0.00857250460875639,0.199048447437177,0.153487640927813,-0.22918559230723,0.126724950220894,-0.0792582179129856,-0.233546990868086,0.377054622895697,-0.0173608871599192,0.12367077222392
"meditative",0.0556558544701183,-0.100025658979571,0.148534873301844,0.0224648969694131,0.259162344028136,-0.157513194092833,0.0631819065670642,-0.224339675605425,-0.0607506025974011,-0.0212995441671218
"melodramatic",0.0503739514669276,0.0452295145724601,-0.076948768713875,0.0522690364458917,-0.0512793237157478,0.0104333505829991,0.110943284295396,-0.0622378350326806,-0.094719754997269,-0.0268298685462029
"mercenary",0.445233869911073,0.0174342625644308,-0.0321339703728893,0.0372337039618105,0.010540874647152,-0.0707921708943984,0.0465234389661246,0.0719431443757885,0.191392425680642,-0.0390525773767135
"merciful",-0.153778702295948,-0.301984621857198,-0.0535422582057633,0.00115221324510603,0.0237148987455203,0.0603519663202082,-0.0536351548043509,-0.0937026311069159,-0.0237250357869268,0.0185193703813729
"merciless",0.180529503951795,0.421138429153722,-0.0140898601062395,-7.75982065258655e-06,-0.0604947334385771,-0.151207295637961,0.122504316278441,0.0526228701135808,0.147577808718004,-0.0396578802948945
"messy",-0.0936354234451196,-0.0308976694817507,0.0859293221505583,0.59885197159885,-0.057862780154055,-0.108582630697764,-0.0709603357766546,-0.058374361689209,0.00900997056631692,0.0835640768155464
"methodical",0.103301495509123,-0.0525325893549415,0.058495766761078,-0.406424832403048,0.119756759513861,0.022486290949908,-0.0278201931075175,0.0222503557117026,-0.0353217049592096,-0.0110875650362134
"mild",0.0705899680995139,-0.321386875655197,0.0170141295748964,0.0303440350570935,0.615309025368294,0.118922880082909,-0.00937510182469146,-0.137288420291116,-0.0381723264379361,0.0781203089156933
"mild-hearted",-0.0834858721802393,-0.395362354137409,-0.0655996363010852,0.0416236599265532,0.295843708040722,0.0853314668609956,-0.0513271984420576,-0.170393655876553,-0.117087723139287,0.0474271455623213
"militant",-0.0997805130408571,0.123755672189015,0.0130680975823146,-0.0233132639180729,-0.130748584861973,-0.0755221603650803,0.0428097064888026,-0.039175201523444,0.147583394698357,0.0836927120084436
"ministrative",0.253934450408906,-0.0312418109037302,-0.292345559839217,-0.361020976543918,0.293271828381375,-0.121442357578736,0.167716513797678,-0.170205776821578,-0.0906894527363723,0.0702490131646431
"mirthful",0.0314837372480371,-0.242715699919835,-0.311109837977132,0.110297430070953,-0.0137198979151318,0.193128963355588,0.091225239449829,-0.00271243435626103,-0.008473321290673,-0.0564706949174234
"mirthless",0.0549538624034446,0.214149070702524,0.359808224410962,-0.0398698271508103,0.0494909672156428,-0.122026663035513,0.0208876117141067,0.0599223185647888,0.0895509951135129,0.0833278648884077
"miserly",0.0830612823826153,-0.0308016168388126,0.0197974929602697,0.0285638702340995,0.0626726621608162,0.0346042528597026,-0.0115769683549012,0.0537456445200164,0.0395587245396756,0.0358621959005064
"misleadable",-0.0819880819596854,-0.0842078906377217,-0.0223777087521381,0.119656137962098,0.0490268579586558,0.0461402494109019,-0.00422358019663423,0.019921692495022,-0.0323421449802982,0.0366385888309817
"mistrustful",0.603439755132807,0.0806676421373063,0.216100509118618,-0.0826113392124035,0.0655135062521723,0.107562841670088,-0.067503184655787,-0.0452493662522162,-0.125568418911551,0.0721605203078158
"moderate",0.0554353414633503,-0.23588706606152,-0.0448514171351102,0.111546051363675,0.361130728269535,0.0388300289823042,-0.146076338961123,-0.0616575329960015,-0.061224305100731,0.145829018044294
"moldable",0.169255217686132,-0.281336735451461,-0.0396045503959583,0.238636422505444,-0.0717897790754318,-0.0658414818251724,0.101805674332256,0.0644506992467671,-0.0462897634631784,0.0538797379161444
"monosyllabic",-0.0456849813798579,-0.0573257271018198,0.314664677171691,-0.019690404431023,-0.0269795420047216,0.107378648645913,0.0418166019912084,0.00864476693229638,0.0734396573162121,0.00391247155670404
"moralizing",-0.100078997105342,0.235580335290844,-0.186293618685853,-0.0648472472548388,0.106109846560202,-0.0926082446997336,0.0623542667882274,-0.124502743176558,-0.0196034362485784,0.0986893050241937
"morbid",-0.0040315118344782,-0.042619691633512,0.0332691748182074,-0.0139848365527373,-0.0175889057330152,-0.00438871690732424,0.00180828566766858,-0.00248947145076112,0.000947067141622607,0.0292699045747663
"morose",-0.051484587551887,0.0365068802553743,0.169636381130401,0.0261438204932829,0.0325156147938145,0.0182742717621653,-0.0321685333810278,-0.0134453997214835,-0.0346641531373062,0.0128102739067038
"mousy",0.0132359818553208,-0.0842090347101806,0.143858622659048,-0.0420320424976498,0.158374672521093,0.0188148063890293,0.123622296409762,0.0113296314447501,-0.0276402298458119,0.0095518012410869
"muddle-headed",-0.147203564168472,-0.00142363729758984,-0.0118421783424032,0.29089530437359,0.0567583187813838,-0.0754735846609251,-0.0514584528787814,0.0143227253141432,0.00978967635366332,-0.049657846735327
"mulish",0.00133312170696996,0.470996752355266,0.0919746951720053,-0.00772531608122296,-0.0623570180379946,0.197579999837561,-0.0777043371432382,-0.166437146392241,0.0957284606750194,-0.00704727101376699
"mundane",-0.0169218596464934,-0.0164634580883788,-0.0465199348125868,-0.115395366881702,0.368747989558936,0.124478975431782,0.0163420345661026,0.0662827176983751,0.0549043313315561,0.138740195598547
"mushy",-0.0199977186177644,-0.0509619415147296,-0.0122973148643645,0.0186088387819157,0.0403523051626199,-0.00780645702406654,0.120639199559875,-0.0724362825562942,0.0104948466114299,0.0441746954103385
"musical",-0.150418276071352,0.0263205445613991,-0.0046099091965931,0.19569104727601,-0.0662240858377509,0.0583736849761746,0.0654014180328301,-0.0853637411559738,0.0283421487072517,-0.104685033276207
"mussy",-0.0784127017998027,-0.0056781508287627,0.0198581112644458,0.257371568551754,0.0722296667325227,-0.0305471479677668,-0.01466433131336,-0.0377024053644222,0.0271312371858251,-0.0335669376903324
"mutinous",0.00684890894529967,0.047449519459681,0.0761784395870885,0.0792980783995143,-0.032119451730471,-0.0101766185789145,0.0845925666348955,-0.00273123673602857,0.0631813099690831,0.0567864784821373
"mystical",0.00984219431100742,-0.0479785320404038,0.204256745263734,0.157965836485135,-0.0654920952830988,-0.036064874515206,0.101833129169166,-0.20241361826726,0.0129249203328606,-0.0893941481260784
"nagging",-0.294462488281279,0.506955467313082,-0.300569635295244,-0.218324824204565,0.110426720694082,-0.0488535676038761,0.0560772888563076,-0.0108853291150755,-0.240802750415533,0.039307877499661
"narrow",-0.0667864011186798,0.128386179270779,0.0799994413099632,-0.121061624398546,0.202133421070656,0.10076875166472,-0.0818722222605686,0.0684710724132205,-0.042824068844877,-0.0677877143321043
"narrow-minded",-0.133822585635444,0.27621312338589,-0.0453673995665042,-0.114392888069808,0.191921591525141,0.217056575435883,-0.0248584008868307,-0.0245971131844705,-0.00734923863282855,-0.0213894144517142
"negative",0.114167858400429,0.130549964456502,0.0930595782750203,0.0095781282683015,0.0541846896356655,0.0509406512781182,-0.123572712515768,0.0775274594559749,-0.126718675800129,-0.00290761213581789
"neglectful",-0.102844542957984,-0.0739268868688811,0.0927234779890951,0.244006057118485,-0.0103770936912273,-0.0972771073197488,-0.126659501767902,0.0287386304452408,0.0475445639193509,-0.040536579609504
"neighborly",-0.0763191221621039,-0.105146045114013,-0.50498693327683,-0.0340994003904807,0.155526375851295,0.137035996863724,-0.0521895192391182,-0.10864248095132,-0.0846400022444069,0.045776691072608
"nervy",0.0232779561866714,0.0411918595090896,-0.00839617605926273,-0.00479749975544079,-0.0924133716833963,0.00831803831159516,-0.0256533273400215,0.0344121868355506,-0.229401507998436,0.0904012646242788
"nimble-witted",0.0288830221542659,-0.0326028032431768,0.0484907789315301,0.0607641118006215,-0.0571621085213964,-0.134647416128025,-0.00886870136072881,0.0755164044771367,0.00406022089466568,-0.0127894488902787
"noisy",-0.103837969014849,0.0500985325842527,-0.0723433363228612,0.135788124126585,-0.180168316336174,0.142259241137882,0.0337916655001888,0.14360111697452,0.0141409087308617,-0.00169580575086328
"nonbelligerent",-0.0307697195169594,-0.341649183023941,0.0244810829865418,0.0633710686627142,0.235136951053147,0.00944121435159772,-0.0361191629293961,0.044724097527235,-0.00818352614022701,-0.0164270463456317
"noncoercive",-0.507127147080229,-0.312170742385169,0.220081605882952,0.137989484941728,0.105173719385555,0.098965357952063,-0.0974030510250787,0.0497568322694825,-0.159182842616689,-0.0962911489146739
"noncompliant",0.0591538462241973,0.239123291845133,0.152092028066788,0.282960653991138,0.00295442141141053,0.114788516018145,0.0356364521899524,-0.199608744739819,0.100385927752396,-0.0286118072878645
"nonegotistical",-0.443685772394632,-0.222767260318281,0.11272103472334,0.127732666772068,0.0407212459950142,0.0394197147939676,-0.0828762168884639,-0.0691054938502361,-0.053868797181184,0.10918661524207
"nonexplosive",0.0381502935612867,-0.126400939614967,0.0182765417137166,0.0343607450542926,0.15945809432158,-0.0349467834285328,-0.0300393131424637,0.0496507534758493,-0.00439904349299397,-0.0222096031257278
"nonhostile",-0.116901897830846,-0.29464957310384,-0.00843784293207072,0.064496602185547,0.0611429445384894,0.0115066600773013,-0.0638371649842319,0.054279997945902,0.0398866255305979,-0.0510932691158953
"nonimitative",-0.053937371131536,-0.00348408245456557,0.116638140870954,0.104000575992679,-0.0583220882741814,-0.0795568725394435,-0.140563457634949,0.0514334177760881,-0.01205060080118,-0.0356421934874084
"noninterfering",-0.255411769798478,-0.429709913111018,0.332372100618457,0.253317798013881,0.179361157915605,0.147435571562883,-0.193784313062234,0.167072831101599,0.0741692237650373,-0.141744677055981
"nonirritable",0.164784206404767,-0.546446776728469,0.0639903702759328,0.0364892319684422,0.182467157061243,0.0229239663192756,-0.0207609230812673,0.0141802135353974,0.152705520931157,-0.0616907209381615
"nonrational",0.0353176691590851,-0.049677582093195,0.0320432054189503,0.152622844450036,-0.0451773554834659,0.113280550930192,-0.0503188335525513,-0.0556391918603312,-0.0215606059759418,0.00623508996635184
"nonrigid",0.196117297084695,-0.247797671654563,0.0941200055134018,0.44649651708807,-0.207252454841755,-0.0825047242164989,0.210689513425954,-0.0880849205914525,0.00081090346250829,0.145716428809776
"nonspiritual",0.0382935318219747,0.0487098185962223,0.0777104372772599,0.0209071603422762,0.153720519951585,0.00915218877429314,-0.266387180688964,0.320046307312228,-0.00498122266870537,-0.00180218844420649
"nonunderstanding",-0.0800247850737489,0.304626746948708,0.195583849274527,0.0238825780536686,0.00875016931261079,0.190186387967582,0.0469164695517964,0.0453793672455035,-0.0338826109903462,-0.0390929762922138
"nonvariant",-0.00406176454557524,0.0119520292063516,0.0667967258009102,-0.3187721755744,0.331408326415275,0.240744782697788,-0.126071108878821,0.0250938807561895,0.0780758009037722,0.111971935767527
"nonvocal",-0.0433693348952679,-0.125003353965818,0.589831579395002,-0.082873669267551,0.0551621833397588,0.135267289453208,0.032645959045602,0.0529288752601717,-0.0319376486571472,-0.00367152615865633
"nonvolatile",0.00950392262549909,-0.161333338474241,0.0549162757374493,-0.0627777189279576,0.152388918229368,-0.0216581378450702,-0.0578342089035538,0.0141052256321232,0.0664970691487769,-0.0608864647430896
"observant",0.0437005211858232,-0.00833584522949051,0.0339825483888001,-0.0908029193404833,0.0264086535632853,-0.0200087604281711,-0.0054393196869535,0.00730900634839531,-0.0645002833634357,0.0224422273046869
"obtrusive",0.10567109198717,0.370714595889305,-0.183880839404437,-0.0502017507507742,-0.074082348625047,-0.0425283713758064,0.095098993821618,0.0071108999586826,-0.0319041011812545,0.0707582839886599
"old-fashioned",0.196511912598159,0.198340880350683,-0.111573410946651,-0.114767765301022,0.452341900734751,0.290341348588117,-0.231770053827242,-0.304926668969825,-0.0618849017056412,0.0812509016096066
"one-sided",0.14028090752521,0.301613269111396,0.109925580367379,-0.0611673711384814,0.0366324537261562,0.137578342767779,0.0565738375543083,-0.0320553623074301,0.0581780081745189,-0.104296465547891
"open-hearted",-0.240160743660152,-0.184913040764795,-0.434372573429507,0.127601876405053,-0.045871161026587,0.0193124740064483,0.0319345522279903,-0.169119394319411,-0.0319992649390388,0.0734048775369228
"open-minded",0.0648063506444619,-0.33925342642101,-0.0156672120955433,0.262492862127184,-0.178717760220356,-0.232645329432492,0.0782418741352088,0.056442554514372,0.0201892911077917,0.0506221022791866
"original",-0.0375173530560669,0.002926558124079,0.118408364442745,0.139358952279232,-0.0945231018652843,-0.0793977550321861,0.0263809908778807,0.0426709922053339,-0.0981099022151397,-0.0822535692783821
"ornery",-0.038740981741755,0.511840778088718,0.0655266405418768,0.0079912431928717,-0.0180193702845567,0.306115438178953,-0.0394672770606271,-0.181255977328329,-0.00378533192985457,0.0936103632620705
"ostentatious",-0.0344653273354819,-0.00998541727572708,-0.0201586105888497,-0.0256492653401991,-0.065568801945188,0.0119391405592517,0.00208449158867438,0.0624323841154229,0.0661131058015318,-0.217097233025669
"other-worldly",-0.116449411942751,0.0014499427118006,0.216742748133812,0.212559362888116,-0.0617567766653547,-0.144896561661854,0.0476898877805921,0.0506538385376792,0.0126327780734879,-0.0393009425055238
"outgoing",-0.0317109824726808,-0.0826463348663369,-0.471649164974578,0.107116495941945,-0.257941212126323,0.0841342575895442,0.0501197381917099,0.1033467929864,0.0965936068619317,-0.137725540491227
"overactive",-0.0747092102867947,-0.123656174892356,-0.0658869397778312,-0.0646243840443354,-0.394723021711857,-0.0255488341242745,-0.00652045881722039,0.172934349894153,-0.0216964478323745,0.0208760044585936
"overambitious",-0.0598698094090914,0.0508566079981459,-0.0921233557389349,-0.1217145078096,-0.413256396013181,-0.188280139104581,-0.0356336030270975,0.111893496863087,0.0169019702074325,-0.141217587627603
"overbearing",-0.0443379867117583,0.645078960322384,-0.193084764413588,-0.177626225404569,-0.0765757236879138,-0.102095066443477,0.10899069337202,-0.0190887837537938,0.0189284551786335,-0.0300668221689229
"overbitter",-0.121877414303912,0.423414233086838,-0.0126497504219737,-0.020712488342839,0.0318537994368074,-0.0422635118117634,-0.0130366651540201,-0.00423574713656776,-0.165958268128126,0.0560886550920644
"overbold",0.160806908429648,0.147580897116882,-0.114137621650054,0.134257588989529,-0.365040551134697,0.0197141091283435,-0.0432344218675105,0.0877671265486219,0.148992529673481,0.00885770310640453
"overbookish",0.00477672627235241,-0.039705599276934,0.0987896679589509,0.027837099263836,0.297834071360555,-0.599837851808805,0.0838013815225694,0.174531731330181,0.0740795157213764,0.134928577967521
"overbrave",0.0360429970467033,-0.00694110051798081,0.00861531921124215,0.0593553503218631,-0.337979631720477,0.115769473750706,-0.0775199279786933,-0.00851383161014992,0.0984904410282848,0.0885314015095412
"overbusy",0.00633013265138747,0.00969460763615796,-0.0634205704131577,-0.274494051342259,-0.16115652431467,-0.0410247773802424,-0.0253738418120177,0.0663510284491542,-0.16960909237558,-0.10119466422159
"overcareful",-0.0440406599152218,0.0480930932591172,0.0828666742475406,-0.487484406183407,0.331244791229399,-0.00631834910468693,0.116875300148059,-0.0548856368253114,-0.228116837827124,-0.0376596410179629
"overcaring",-0.00384356939729956,-0.190872277278112,-0.300378734637011,-0.0640282789006627,0.115404900019567,-0.0380853212121771,0.201232779902846,-0.324793118938539,-0.0855509506520478,0.22132213086902
"overcasual",-0.00685717251393927,-0.0719198639483732,-0.0496331194759493,0.371112427217236,0.00397960869436942,0.0370548673088565,-0.0485563312957413,0.125255009497769,0.077564239666985,0.0722041055793891
"overcautious",-0.160274558471345,0.0447842067229708,0.081687643365525,-0.390969870016604,0.418239397647177,-0.00367115285184873,0.0360051072816418,-0.0307180744594637,-0.193352688237858,-0.00814069557446291
"overcharitable",-0.022745691803578,-0.183481083852281,-0.166568199296016,-0.0120233196616876,-0.008714870883801,-0.0391662121497358,0.162409915264687,-0.269614249697012,0.0384302007918635,0.104802602301571
"overconfident",0.069364232036362,0.0955353128452317,-0.099035816881892,0.0506513244203807,-0.228036599341973,0.0181884082169179,-0.0630739366075868,0.13330198155781,0.145330180858313,-0.160285120505679
"overconscientious",-0.0919846961349813,-0.016230795431228,0.0370806136681018,-0.599755397571666,0.138206022122262,0.0293628817240773,0.082694726421885,-0.053661192309236,-0.20832228107628,0.0107559240626805
"overcredulous",0.0529305049456961,-0.123347546540647,-0.0871705718084636,0.0820049209144706,0.0217338977382935,0.0924714429296262,-0.00887968493608843,-0.00583476027061078,-0.0600496635191764,0.0112878807328712
"overcritical",-0.233454888117261,0.523818286433092,-0.0516873501236769,-0.245200302671283,0.0445752251929073,-0.138118330519112,0.0181606283960659,0.0789817102928033,-0.251034889325306,-0.140481525320873
"overcunning",0.69267919512868,-0.0508160121294531,-0.00284496541243092,-0.0810965806432975,-0.0718423869669289,-0.173460678215467,-0.0394596731066813,0.0556718388989864,0.0224767368714439,0.0143667064177028
"overcurious",0.148736195927954,0.0615329700859295,-0.169154752340197,0.0637217951908757,0.0863878271007259,-0.232016829257728,0.0615806754313198,0.0103839751194128,-0.28878020909251,0.223141868449156
"overdaring",0.0510607815645552,0.0216035204149934,-0.00628412331194655,0.168452880939432,-0.490626674369748,0.0490158662578288,-0.0826755502117916,0.0790524765281973,0.134369138268513,0.000266753446776738
"overdiligent",0.0700044449808974,-0.0316564258219854,0.0148383925293501,-0.526185640718248,0.0230437048408203,0.0501515015968508,-0.00794762385057789,-0.0267219671504735,-0.119698963125654,-0.0261980485315708
"overearnest",-0.251392277078869,0.0873271539989773,-0.0467424504228388,-0.375018623799005,0.0450546086600601,0.00109446140032372,-0.0598584192496335,-0.115884158946738,-0.240887815445385,0.033293828912111
"overelegant",-0.0446110561782434,0.00352415376099221,-0.0583265552063381,-0.10455681378646,0.0171912689103356,-0.0951158568925098,0.0983022628040421,0.0126979450628381,0.0273413985356045,-0.384042763723939
"overemotional",-0.0460323157872175,0.0157327934567313,-0.0843788639679296,0.0240298114110396,-0.0411814022273407,0.0272928968766674,0.236156660878848,-0.119865539300323,-0.112091336003982,0.0511947340852075
"overemphatic",-0.135278826911619,0.454104687949394,-0.33343603000578,-0.0452888371340082,-0.103893221429202,-0.138282773373401,-0.00759129185541834,-0.0705116531456628,-0.169579221966035,-0.0724789568453376
"overexcitable",-0.123758700192236,-0.00629721035974503,-0.0923742145580086,0.170483861784642,-0.258078591069311,0.0651757538309759,0.0796304026753739,0.115809502747817,-0.0913093477952062,0.00245639503388916
"overfastidious",-0.134252350437993,0.187534923100218,0.12893020903182,-0.493592115032512,0.252807897896214,-0.0627973900780063,0.0564278413767267,-0.0170263562129376,-0.355061160855734,-0.235471720718629
"overfearful",-0.102512222258816,-0.0252593481837417,0.0135928581078277,-0.105804243606704,0.0983998915286383,-0.0216662438221505,0.0557003998768598,0.015124771028473,-0.154882895114713,0.0545380640414387
"overfierce",-0.122572900458547,0.407890115102408,-0.0538610780003729,-0.0300968765596774,-0.396979269929169,-0.0204483468273123,0.00543229317567569,-0.0213153706759842,0.104005985175861,0.0361593338494473
"overforward",0.351713798705633,0.103910551441607,-0.269362056513151,0.126907878966077,-0.206041186999738,0.0235125334169935,0.0765905136447479,0.0914599009942367,0.0680518226162886,0.0936273207442314
"overgreedy",0.304336917994866,-0.0652673492045263,-0.131366538127607,0.0257628524388129,-0.0133853261944391,0.0242183517540322,-0.158259359232533,0.128708983989381,0.0619895710254214,-0.0801804880724396
"overharsh",-0.25562500568878,0.658513675741369,-0.112651694718329,-0.184092371857229,-0.0781614333862882,-0.0565569579957875,-0.0199168375031925,0.0355390860774471,-0.0960784784840531,0.00803623091118285
"overhasty",-0.14867968779122,0.121073231367538,-0.113720232707735,0.247503507609827,-0.236409321896757,0.0733893242033201,-0.0638907716233051,0.0760175835042614,-0.0678249694778834,0.0831848766760518
"overimaginative",0.0124804773027071,-0.077306893035871,0.0725186735928122,0.288855427104154,-0.0491883861926593,-0.132132560298955,0.0506935747355716,-0.0438785731678663,-0.246800098148799,-0.103721206725934
"overindulgent",0.0810539765546753,-0.04086004296867,-0.118101251702987,0.222107112928096,-0.00527601292188261,0.060827791255267,-0.141605966436331,0.0550041130903855,-0.0360307498041091,-0.172917551329036
"overintense",-0.232653976477503,0.317615387513638,-0.0846481531116467,-0.193542516973669,-0.294922645222901,-0.108195231641353,-0.0143355241767115,-0.00485360928476245,-0.289417940830421,-0.0392185962841512
"overjealous",-0.0664592572902441,0.268157916105449,-0.15654203888473,-0.197370944631248,-0.0718779720171129,0.0544994183069723,0.0703067109838023,-0.0213854498561304,-0.187160798884253,0.0576962299170996
"overkind",0.0234685921662052,-0.263867136785998,-0.288129539876767,0.0663987394144203,0.1355370010288,-0.0228145906118517,0.120582642130704,-0.257852065120885,-0.0428166280875452,0.0919946545048737
"overlogical",-0.0596766895058585,0.146180948478452,0.117000887679272,-0.2409077374934,0.137694205611594,-0.351890978188684,-0.158693876792235,0.273694229904181,-0.0466694548029765,0.006220753936918
"overloud",-0.105679241231672,0.0895128636601359,-0.0516922721004903,0.121013559783175,-0.182977787522495,0.10465432792416,0.052414061178657,0.127765848193428,0.0835115299970478,0.00695758458281532
"overlusty",-0.0599531689589674,-0.037157925250296,0.0272964914041468,-0.0102757953116561,-0.0265179587310176,0.00957589852019421,0.0202984213665028,0.0325736036488368,0.0507736361194782,-0.0173074020026061
"overmerry",0.00126784877739868,-0.0890039085139999,-0.180016212479701,0.0460157843911112,-0.0751748979177882,0.161857260350912,0.0534801972604319,0.0887053534951266,-0.00584752885430862,-0.0366476906186747
"overmodest",-0.0368544415534805,-0.230938171452819,0.208686098013306,-0.0645182239863298,0.121913387200949,0.0652311523908339,-0.0263983714295205,-0.122835592602313,-0.0821515926370931,-0.00484557777593562
"overneat",-0.0140692313302438,0.137030798964211,-0.0868992396263737,-0.669574524169597,0.278343880856564,0.131825553790783,0.106199873999838,0.0491648009111216,-0.306390093314334,-0.301566535712803
"overnervous",-0.238821782940387,0.0396601056323882,-0.037704800344304,-0.170770200431691,0.111180525334465,-0.0844580710364965,0.0518421924368914,0.0808849632759357,-0.420973616487401,0.0157841181004835
"overpartial",0.40721379902643,0.21496443138937,-0.21176711594745,-0.0448366694322787,0.121051439067295,0.0387045840635296,0.0734071256861833,-0.195830939735442,-0.0920838038143011,-0.0193283072630986
"overparticular",-0.0317106554045931,0.171619479598104,0.0653452759389139,-0.397314130803346,0.189651937160108,0.00807637933262644,-0.00508168627386203,-0.0449066518990406,-0.236248036171219,-0.176949597765546
"overpassionate",-0.0694413290625815,0.154952856021091,-0.137857223885674,0.0242769926812742,-0.400295113798046,0.0666696092669344,-0.000752480253728316,-0.206550394759047,-0.214034818938815,-0.114298022589533
"overpatient",0.257696440932861,-0.453518377871399,0.0698166049531613,-0.14118541860384,0.38051429126507,0.00755262617023741,0.0549006940644781,-0.187872335141385,0.00832083849943895,0.0925682953643778
"overprompt",-0.0131959863893724,0.264376778037037,-0.306111318934183,-0.302934896887955,0.214047249575253,-0.0185898154088949,0.0612663644908619,0.134668028554966,-0.212717659176982,0.0681923655179616
"overproud",0.0332196065109656,0.362659240546698,-0.0615603804195105,-0.0695122361472771,-0.0630790404514002,0.0431645955565765,-0.0109408517585211,0.0345938112028003,-0.00616472797467144,-0.187283674906643
"overquiet",0.0316547387994508,-0.228330476542348,0.544441836373485,-0.054019177402961,0.193988459804775,0.0364951849885795,0.0420977317431281,-0.0501759212895659,-0.0231303608006257,-0.0184136453762935
"overrash",-0.0525273035949763,0.137476399365598,-0.142937692572469,0.256202541408054,-0.265527505151591,0.128622333425476,-0.114036190143143,0.0674938366938812,-0.0954429077192602,0.138805557424313
"overrefined",-0.156184677481578,0.128600467538983,-0.0126819364708316,-0.180233855396329,0.161003809659564,-0.192087271814502,-0.00397472558123286,0.0455408431524749,-0.122497732948618,-0.432505928305151
"overrelaxed",-0.0114783357351312,-0.0954050684961644,-0.0418518107647465,0.268344744566144,0.157990986167222,-0.0144742149397347,0.0275904546919362,-0.0341942023585523,0.0921520209228999,-0.0446480721635097
"overrighteous",-0.0408602498247644,0.40430690584152,-0.198042849164236,-0.16341023523654,0.114213265612903,-0.0639655066381608,-0.00132876162971357,-0.125719965038517,-0.190952000488303,0.0667683061445105
"overrigid",-0.268299019385591,0.328709092785171,-0.0464523862500556,-0.501496044500092,0.256938994078036,0.0558588999626283,-0.0130849709287293,-0.0191451262078578,-0.0779217074444427,-0.0702438247831767
"overrigorous",-0.225677892171462,0.209521891008571,0.0945034169923416,-0.528639961101952,-0.052070134159898,-0.106476149333054,-0.0690941916219922,0.0775339184151984,-0.191352645362592,-0.104223547578776
"overscrupulous",-0.127342270019118,0.140932613948171,-0.00764332799168994,-0.544624927933953,0.265479871344616,-0.0879367016917795,0.07852641859868,-0.107103581074286,-0.279764426095401,-0.0729057935399594
"oversensitive",-0.0820518892509172,0.0151172089775452,-0.0794775620666315,-0.0492888434010475,0.0665643911449204,-0.0415323735193284,0.148298846749445,-0.132014774674648,-0.283217170091612,0.0580651177283242
"overserious",-0.234152317106557,0.203162439977854,0.18646291099853,-0.316741467902096,0.0920886975007622,-0.198830130469346,-0.0162042378687018,-0.0223900068191071,-0.115230673400007,0.019588306855702
"oversevere",-0.267536896703527,0.328894286811272,-0.0273820078996715,-0.435368753496996,-0.0901315734232593,-0.00370607172167322,-0.130109093222743,-0.032769050414195,-0.135195971688012,-0.112248942729026
"overslow",-0.136776895430523,-0.0276712432737084,0.0317042968738345,0.310740713926555,0.332606619652663,-0.0110536177460348,-0.00311099976408094,-0.0982598656819982,0.0678337353096806,-0.0685911593927847
"oversolicitous",0.213607050720467,-0.0818547562097692,-0.418354249609922,-0.280276241400407,0.145894378176806,-0.0421126885860952,0.149066221217652,-0.158970979608697,-0.228095159431153,0.0706035416492673
"overspeedy",-0.139824458810769,-0.0329354961237623,-0.0525338483654465,0.0668301869796706,-0.373640048269703,0.0306958308639741,0.00973297921819895,0.239806585700739,-0.0171545810559793,0.00785077420583525
"overstrict",-0.308337882908247,0.395484129283896,-0.0805703386233327,-0.455485966036252,0.0872447954597148,-0.0468416277918264,-0.047642381234123,-0.00175558846448468,-0.161278674905861,-0.106138930146265
"overstudious",-0.154937905879029,0.0264597392690386,0.248299253452545,-0.117480981066619,0.145831522574431,-0.547426430337692,0.0205944375894876,0.187725196654948,-0.0780689208108749,0.0138174645105384
"oversubtle",0.437025678043276,0.0226402350801701,0.12403384841019,-0.115670609959493,0.0810215002910186,-0.328429917503541,-0.0308454166247836,-0.0371071799494092,-0.119398775143963,-0.139661617090662
"oversuspicious",0.24040377546367,0.188437037833832,0.159898265905259,-0.194484959094366,0.121356269122214,0.0364620817318168,0.0468698442200027,-0.0686883981541248,-0.182711118936162,0.0828175931852217
"overtalkative",0.055985790376075,0.0569556127766859,-0.378307245121077,0.0563162352975955,-0.0269290017167702,0.0205787220728759,0.016377297559087,0.107097843378173,-0.0708093458455333,-0.0890276678883242
"overthoughtful",-0.0119068630556598,0.00543232920728362,0.13720502015453,-0.153130065347031,0.178400042492331,-0.331483400857985,0.0176241109381978,-0.0280378835594336,-0.277716992193204,-0.023718578743938
"overtrained",-0.115860489681895,-0.093713968026891,0.112060278133169,-0.148448399719811,-0.255020568122149,-0.0108188425148683,-0.0480391731345441,0.104944278491346,0.071153804621194,0.0696785581923122
"overtrusting",-0.179708472269397,-0.155229668696858,-0.169871141765143,0.0944652861726341,0.0287518624604903,0.024050620600489,0.0835401846562102,-0.0684720464589881,-0.0144716026592515,0.0520922112847452
"overvaliant",-0.0120030106048733,0.0725048792664128,0.0027229874774547,0.017422555250945,-0.32804964434169,0.0405148948085739,-0.025535021157583,-0.105866866457465,0.155678827347963,0.0781606078236196
"overviolent",-0.0701040537978991,-0.00304980012390721,0.019316885531849,0.00907279617882706,-0.014391820395951,0.00569287092951855,0.0246105346714104,0.012902967155103,0.0595103544026051,0.0164699281797212
"overwary",-0.108669401902031,0.0979454056699705,0.176653664308255,-0.283017962662825,0.308941895001564,-0.000925606790689709,0.0203143347572526,-0.0459756048259717,-0.23245983748967,-0.0235261898656877
"overwomanly",-0.0534889799609377,-0.0159985319270143,-0.0213827428733455,-0.050303376446942,0.0524780235850695,-0.0102637782565588,0.189367115228135,-0.0267272241494395,0.0614078359767215,-0.0260492954725806
"overzealous",-0.102799652338461,0.290697981574042,-0.212803415944449,-0.154609652579377,-0.291676766264525,-0.0341225845260264,-0.0455425073087174,-0.00233372178936104,-0.224321176897041,0.0347832931414203
"pacifistic",-0.00965616243382605,-0.238016223710124,0.0601247870896804,0.0928918807983237,0.319520878733759,-0.0481353059566782,0.206430295268776,-0.239331829425712,-0.0665896878737704,0.0258583550227372
"painstaking",0.0966690321096486,-0.026807603219461,0.0984121611207782,-0.36401309167699,0.0805414475115377,0.0406010848807274,-0.0343516802810245,-0.0392128339384018,-0.117341231880501,-0.0193249674691745
"participative",0.0156383143134274,-0.172864150264787,-0.49457459227036,-0.0355837508400445,-0.111894157931461,-0.0542401256868425,-0.0154467634232397,-0.0102072856125087,0.0163993742945367,0.0816402689508736
"particular",0.050300876195036,0.0379663700301822,0.045994678154701,-0.286211456932521,0.083254742590588,0.0275759956942925,-0.00903604038399473,0.0245996583928915,-0.133661979806189,-0.0630497560045673
"peacemaking",-0.0660460753491486,-0.404410151209301,-0.139062703175347,0.0486532847872972,0.157642884221678,-0.0283137330094855,-0.0178267483181959,-0.187734495851567,0.0171204726570774,-0.00910263261015478
"peevish",-0.200975768278748,0.591540025631108,0.00365817256372778,-0.0367231241068881,0.0970561557597298,0.0597370337747323,0.066356033270543,-0.0195912396920211,-0.248203455050543,0.0278952437876265
"penetrative",0.11302153076342,0.0730705343235274,0.0398457087019125,-0.0187615134571696,-0.203634400098031,-0.302143906491206,-0.144865302844089,0.0909692672464786,-0.0123318521630986,0.025273534441917
"pensive",0.0844162916724,-0.0157081214268692,0.146786786795106,0.0720475835403967,0.19562017482185,-0.320722715425113,-0.0354663239717401,-0.136987877799515,-0.0802464958753309,0.0327536412447288
"peppery",0.0852688382501417,0.406234993858674,-0.123341405208848,0.0293423298266082,-0.259423349522345,0.116116670085508,0.0257194723746876,-0.120010310964149,-0.00588643927621489,-0.0195323218896584
"peppy",-0.112129310482972,-0.206065034424032,-0.157418829675413,-0.0330947992806897,-0.272125682636419,0.153071346717736,0.215113714771192,0.197102822594329,0.00175561374208404,-0.130405023274834
"perky",-0.0736531361303197,-0.173796655205304,-0.188846153971951,0.0273315609884444,-0.0773763874992537,0.152688405049173,0.303967009489907,0.100960709624215,-0.0842724695925059,-0.103271006672555
"persecutive",0.141963545460596,0.0922435774080327,-0.11981034316262,-0.0746215337368952,-0.0616664327564612,-0.26776160693265,-0.127379605880158,0.0460062529646752,-0.152805880832261,0.0955127074877779
"persevering",0.014316811778518,-0.0303927977570289,0.0576942475296979,-0.125336694201856,-0.0764292566209132,0.051069968980753,-0.0251543190381952,0.0125296807922591,0.0168075814451358,0.0264948421567723
"perspectiveless",-0.0683709334442975,-0.00344457923026788,0.00826869602418178,0.00734349217466077,0.057456453710284,0.0589918157231114,0.0140751543748684,0.0228993166556161,0.0452809116556301,-0.0129671619013665
"persuadable",0.0349394780516184,-0.21372185351014,-0.175817546523162,0.208277137928875,0.0867423077974442,-0.000119979471805063,0.0651443367790025,0.0643290338780288,-0.0810198720482989,0.047601573324857
"persuasive",0.224573658086979,-0.0953239366994488,-0.320572786832166,0.0201213852243286,-0.204583097578562,-0.266363564319172,-0.0472799101947147,0.0070500636133919,0.134321603536481,-0.10217915378269
"pert",0.0555221202152818,0.0109021707593804,-0.10251595262098,-0.00927032141145281,-0.0845098885078163,0.0810289149010567,0.176991675242974,0.0560180484775257,-0.143213884295518,-0.134098606273554
"perturbable",-0.251889614190699,0.133852316614144,-0.108380098938686,0.267351660943056,-0.0238967712181785,-0.0553296335382077,-0.0679280823322058,0.0530769112873107,-0.34810650291215,0.0628369030982631
"petty",0.313866728925441,0.269742350822682,-0.116426360361365,-0.057646226791157,0.230647897596577,0.0598442234087527,0.121172983235122,0.0400839684341654,-0.151831610955829,0.0765071611017384
"philanthropic",-0.142922983258133,-0.107349276834224,-0.154605305269361,-0.0742275267842192,-0.0999307247341857,-0.137960993150463,0.21995333489242,-0.274221014191662,0.132957112714745,0.0199532290763047
"philosophizing",0.00532991778193198,-0.0176968240267528,0.0230031680382784,0.286988987152677,0.0879747253174072,-0.478757230666461,-0.0521487034496872,-0.148403770179807,0.102745722230645,-0.0155937033050522
"picky",-0.0453642977365726,0.208383142214341,0.11844643161271,-0.258777011709929,0.0637844475237947,0.00174695751011867,-0.0729137110685271,0.0504114783119861,-0.271800058369534,-0.218151579651633
"pigheaded",-0.0420877688855734,0.538209541924955,0.0132394869881617,-0.0670390723469418,-0.112792754188131,0.291138302912231,-0.0242072807401216,-0.148996719438279,0.0827385677257138,-0.0345805414061817
"pious",-0.0710424740758755,-0.031674233372535,-0.109102206704143,-0.0450704720492002,0.0672848473913382,-0.0384796581658316,0.120551617632206,-0.155630070468599,0.106394267707333,0.033395318849828
"pitiless",0.132822720338755,0.143711334896002,0.024969481604956,0.0195151659957753,0.00816408643598951,-0.0749781906661315,0.0991176231086545,0.0612234970906444,0.160733262099705,0.00323880795044425
"plain-dealing",-0.769334128857494,0.0821049904605752,-0.00937775171461799,0.0205227890682238,0.010547302306179,0.000608045997897323,0.00652668621133342,0.0827998742239675,-0.00955579630041381,0.0144578438071814
"plain-spoken",-0.191977242911649,0.105119152788881,-0.14409054258139,0.0799105524920505,0.0494085600511923,0.0288988881237378,0.0188412291764319,0.0521592094686166,0.0101921434177445,0.219130665904853
"planful",0.074173874470635,-0.052243858745105,0.0208160905151598,-0.486564274194344,0.0367285330884979,-0.00751880762329562,0.00309629078250926,0.0533790103081127,-0.00171301910402113,-0.0519433085839527
"planless",-0.174948650787114,0.0245509627604663,-0.00636842994852023,0.566552016513172,0.0323662666774179,-0.0600724424270666,-0.0425629509825221,0.0252525035747853,0.0434147811790383,0.0131808203616947
"pleasure-seeking",-0.0445407712027938,-0.0664996686772241,-0.0860827560187833,0.160368011214432,-0.242959978357256,0.115260454995976,-0.0127006177480393,0.156446134110327,-0.0651074049763511,-0.27154050667389
"pliable",0.230288275222144,-0.325306257242228,-0.0805248441549286,0.127014968185453,0.00476537364303535,-0.0174335992476756,0.140155996714984,-0.0251181669315865,0.0209981344101006,0.0375427966230583
"pliant",0.32085253835397,-0.340666990290541,-0.0229093844543753,0.160306543608279,0.0432701189637525,-0.00640549813015783,0.0877941662474674,-0.0386832982795897,0.0199761434133263,0.0764418605206651
"plucky",0.101380355440642,-0.0612784159938181,-0.144552708459246,-0.0060913667748369,-0.300534668606488,0.202599674939879,0.0214878925163624,-0.138457984171391,-0.145844603016055,0.0473522813945086
"poetic",0.0137543380971726,-0.0483663217133652,0.0670579997213052,0.314744121701113,0.0472296285762291,-0.15477867105614,0.129472279427567,-0.325388506192628,-0.120158457915755,-0.170215580370011
"polished",-0.0882106453632068,0.0192171134745103,-0.153217269227141,-0.344499962205074,0.0293585013785094,-0.126901413204781,-0.0324011923278993,0.15335840111722,-0.0847307950642387,-0.405709113907446
"political",0.0080124980746136,0.0290954169892009,-0.192590254585846,0.0350145754331499,-0.0688813206289536,-0.369362309552249,-0.00441930416602149,-0.00817597383990788,0.158748197047548,-0.0470002693745827
"posed",0.107533781762914,-0.00883131209569337,-0.104779363957492,-0.00472062592390279,-0.0103403749502731,-0.104868615354267,0.0483945529604868,0.0701276484759653,0.0727737185160989,-0.256948681229567
"pouty",-0.0820001866010373,-0.00327059224105349,0.0172471362570542,-0.0110910530817796,0.00880291079686211,0.0167926712742658,0.056959565893826,0.0347524716512538,0.0103089530067331,-0.0482317764585392
"prankish",0.110073176693797,-0.128570649961573,-0.0405537439395538,0.188718120134849,-0.0589960305636856,0.134981970967184,-0.00201376193832907,0.142528803799285,0.00253176504736721,0.0840324067512329
"prayerful",-0.0306809237437197,-0.0691899953658958,-0.126211426132336,-0.0628251204110962,0.0783077690566216,0.0163573666954945,0.114040839117529,-0.214562553428206,0.117067930648682,0.0160049568065508
"preachy",-0.0454349787042816,0.269908596997907,-0.221467488097572,-0.056259915031427,0.0216267183565216,-0.10521329784925,0.0874421761990462,-0.119895525517358,0.0437402440565049,0.0308529540090099
"precondemning",-0.115581106445836,0.379154821218657,-0.0461126773460347,-0.0215289614086667,0.104227334529678,-0.0518379806503304,0.0647820290819934,-0.0353218322760217,-0.123767778371535,0.0264527460429238
"predatory",0.353804869395179,0.0242305847020716,-0.0542288067833003,0.0135411019783281,0.0350713521460264,-0.0971427489719045,0.0559402451300176,0.0684908737758688,0.160046152481995,-0.0330772652916673
"prejudiceless",-0.201109045299655,-0.287217552684965,-0.0098411447790877,0.0801507307047704,-0.088262584114672,-0.0634681598890131,-0.0428946010721577,0.0239301351399827,0.0637856551866569,-0.0344217721475316
"premeditative",0.227881585492859,0.0246099268809913,0.0983986336223458,-0.337538787078856,-0.0046960704414982,-0.236029155348012,-0.0518191878934694,0.134038583336345,-0.0391353119720637,-0.083656321367959
"presumptuous",0.246222797929982,0.277744600593983,-0.165694115444431,0.00900872091270733,-0.0127071543348018,-0.00769103448621882,0.0626834576578133,0.07446166654496,0.00349658457527502,-0.0131728728163878
"pretenseful",0.790377272614096,-0.122307361087829,-0.0416524622093295,-0.049539649875604,0.0389342291439724,-0.0324244591961338,0.0152844938950536,-0.0296761331070599,0.0712594418239911,-0.0696319935613877
"pretenseless",-0.664271923039533,0.0126479326258663,-0.00653610752178207,0.184215745242651,0.00581230366290897,0.00986718555190435,-0.00976933562044679,0.0392797624159306,0.0607958849885057,0.145810185610173
"prideless",0.0307356330176024,-0.0913193154462733,0.0152497928892642,0.0554009790157384,0.141424937713769,-0.0401686308277341,-0.00404984089887283,0.0432206747521201,-0.01683935340436,0.00716545192956498
"prim",-0.0564950909136322,0.0419884819661126,-0.0888236894740222,-0.294193954992802,0.442221244266399,-0.107476876290159,0.212123738372964,-0.0196663059163944,-0.00212046808676518,-0.088903672405485
"productive",0.0298828690473696,-0.0395537925652806,0.0393643283918604,-0.216766598922557,-0.0418320663120055,0.039364063751339,0.0115811097681074,0.0738088057984797,-0.0056529844428309,-0.0134997162455141
"profane",-0.0735748927747808,0.0182248554836666,0.0264357522411306,0.0347554887702055,-0.0182563529534067,0.00599681488622842,0.0327642010679638,0.0181347880105714,0.0483509819860999,0.0235435716627261
"profound",0.0331388372361314,0.0410341458007989,0.0600366399513379,0.040360666599623,-0.00422996880444151,-0.2381415963695,-0.0231231457500188,-0.147351844750125,-0.030099537313851,-0.0552884374138831
"proper",-0.00412035138133596,-0.0544580149054997,-0.110868587908203,-0.39222666393219,0.173379518947942,-0.00707864194667246,-0.0213193609539331,-0.0276951908820434,-0.000891948526252895,-0.0654319266568749
"prophetic",0.0147285508857919,0.0395968467265523,-0.0338825117770257,0.0940749425383972,-0.0601132022442723,-0.23316234768293,-0.00182377312518859,-0.0502628810840691,0.100986409233775,-0.0326539049430499
"protective",-0.0192573322773225,-0.0542878089123431,-0.0580163664668063,-0.0523156347325286,-0.0523422640628461,0.065884129405423,0.0495692832068182,-0.15077774161843,0.0547022859206143,0.121433727805672
"provincial",0.0127060986991611,0.0016003497065619,0.0209781093164864,-0.0445530685458575,0.202374167796636,0.338819106063938,-0.10355830438827,-0.134555711553723,5.90805080868491e-05,0.0750570653915163
"provocable",-0.131286398750916,0.282889422123783,-0.108610469224932,0.0834482838161053,-0.167433558410955,0.114334184212801,0.019066807815725,0.0435134470940009,-0.169777480589778,0.0335832865564969
"prudent",-0.043887543535104,-0.0755331976988635,0.0481663662412324,-0.387131603790806,0.140458790336747,-0.109046021520203,0.131801359324655,0.0165399674328327,0.0871018270560735,-0.00584654265739039
"puritanical",-0.0854165787179047,0.107468263134366,-0.00347988149611232,-0.0901327976074143,0.12769956595268,0.000163824724586725,0.0185666365387834,-0.0556342054374911,0.0619602137711497,-0.00579851822789756
"purposeless",-0.0664372453713013,-0.0115715794871536,0.0165303111500185,0.0363674248019614,0.0134091396897798,-0.0140213006240446,0.0166392740265618,0.0208245655006146,0.0337055892295063,0.000944295256953316
"purposive",0.0461763551694753,-0.0143540035536764,0.0647516701439823,-0.190605617442603,-0.0954493944287567,-0.0164219005177119,-0.00328539809518357,0.0142397260448934,0.00412691843034014,-0.00868924015508126
"questioning",0.0291445120724022,-0.0465681441864331,0.0359833942736602,0.0672143551347821,-0.0131570790128873,-0.265362677974618,-0.00645830579338267,0.112119400594031,-0.0897874885349668,0.0554175509949059
"quick",0.0574691012865478,-0.057065073610138,-0.00388799928969852,-0.157301066087817,-0.312312335455252,0.00723794098961804,0.0449028597148055,0.240213834213507,-0.0104772705895487,0.082067217428497
"quick-tempered",-0.176084049741552,0.467867600874409,-0.0540778982356828,0.0676574962906363,-0.259911031461257,0.0989578098091263,0.0026070672961201,-0.00188126447980392,-0.0636712433882099,0.0817333631784104
"quick-witted",0.0989756038708379,-0.0357498971808677,0.0415242821430478,0.0896826080712444,-0.129049707736896,-0.203458632839157,-0.0414870283037071,0.117872934633075,0.00533075435060495,0.0158108229926481
"quiet-spoken",0.089031498988859,-0.111388113284879,0.243812691588706,-0.0329223556289935,0.393431036801982,-0.0891755967281565,-0.0248772357369424,-0.175943937014544,-0.123778496793017,0.165304627747636
"rascally",0.62707356972696,-0.0838449265026509,-0.123138181212144,0.144713434886253,-0.0327480152316785,0.0679905398611704,-0.115309110786933,0.0124435085215053,0.0906090380168324,0.125829845331391
"realistic",-0.0426979014869435,-0.0226137145179794,0.0107547886636688,-0.105761784713633,0.0443114576753829,-0.0433108525874478,-0.0320186849042351,0.0783393494412227,0.0792682147522931,0.0771791004973078
"reclusive",0.03433045735836,-0.138344292975976,0.645429230452456,0.0175708147542769,0.103959636890526,0.0137347739630101,-0.00359902285566377,-0.0167463489349191,-0.0342023736654588,0.0215368670716073
"reflective",0.0363925032268628,-0.10353746757329,0.0768075717976223,0.0674682087213215,0.0773128825286943,-0.236133570568403,0.0230382381881204,-0.0781679470532749,-0.0657674361427045,0.000984745762832275
"reformative",-0.0548583745188143,-0.120422211086157,-0.0430682212088226,-0.079262788443427,-0.217662133305425,-0.342552437685337,0.0998393510211945,-0.0576015400823705,0.00584101227546544,0.0463537823705358
"relentless",0.0824694382593309,0.0829308259019916,0.108672996542042,-0.15377917460182,-0.316951970869755,0.028249434588334,-0.101892786377683,0.0432556840236634,-0.0107501367447487,0.0354590999780875
"reliant",-0.00721319518314005,-0.047323325528508,-0.0144819916623539,-0.180881310930012,0.00676835418791694,0.0747479006475348,0.0152531981263132,0.0559438057174245,0.0169193449719401,0.0185194342105449
"remorseless",0.57600227658037,0.0557252368613912,-0.0139921427880373,0.0537139910419361,0.0207087765671673,-0.0743235329462687,0.0346484613022103,0.0754127104145195,0.192595633592375,0.0467307954531663
"reproachful",0.0382295034898345,0.561900885233822,-0.134652805077615,-0.0413889458565463,0.139572885557779,-0.069669005322502,0.0292323854097944,-0.0925921378423757,-0.260580715357389,0.0669510643757184
"resentful",0.044387729714056,0.287241008429723,-0.0145764598950555,-0.0417743525535606,0.0567948308951365,0.0461005334235656,0.0677694830951407,-0.0208526891981117,-0.0451072453917566,0.00717402856185593
"resilient",0.0316846074579958,-0.03237608001944,0.00870071325243826,0.00231244699822868,-0.09678345789807,0.0189737397713553,-0.00382965772987374,-0.0160909475376836,0.0785782934749867,0.0605074345023343
"resourceful",0.0626392419546312,-0.0464178911580224,0.0714701289719871,-0.0344312287848112,-0.102305921045315,-0.0286909515856601,0.0101473945708408,0.021890369288037,0.0111134086832982,0.0154627453499267
"responsive",0.046446946813044,-0.130982469947969,-0.14412506875822,-0.102422458984845,-0.0464482294443466,-0.076326749257656,0.0299501418990283,0.126095044654574,-0.0194177208236776,0.106083591091019
"restrainable",0.0181466909688438,-0.23385714398147,0.106681896928276,-0.107486120384988,0.323437721850627,-0.100215439119145,-0.0136667300964812,0.0966725144830784,-0.093578838309624,0.0714068545809763
"retaliative",0.213085904902171,0.234655117743884,0.0559061663391926,0.0294509037516012,-0.0528683975021321,-0.052265011278661,0.150289347036647,0.0294756323504812,0.133177369320521,0.103320007806891
"retiring",-0.00400232733716404,-0.211191488197434,0.519395892682071,-0.0349398883535785,0.317807087807314,0.0833340111509248,0.0387673704694103,-0.107617749519891,-0.0692576337743201,0.00677803077038469
"retortive",0.300212910198732,0.361577656192846,-0.0880259529686939,0.0173970788942852,-0.0561738515989281,-0.132661430772172,-0.0311169291943323,0.0446555804182077,-0.051609775021055,0.0281584212874188
"revengeful",0.117765677588071,0.0653287334286602,0.0276389574562445,0.00418160316128972,-0.00971966685555031,-0.035949712139133,0.122179030250455,0.0147155614837092,0.137326575531806,0.026348621809429
"rigorous",-0.00584176260924445,0.0174922338458932,0.0702269209111567,-0.414124301764603,-0.0543374235241578,-0.00289687079198969,-0.0280942617079273,0.039148804815053,-0.039217454140811,-0.0290655022902193
"risque",-0.0373487114440635,-0.0145095383672056,0.0140098751672064,0.158240622865644,-0.138298707303783,0.0561617305330773,-0.0233042539920332,0.0785302521686839,0.00798203261137329,-0.130788232753553
"ritualistic",0.0754319601115831,0.0938341130593897,-0.0135854806049863,-0.290549935615526,0.156179627223649,0.0512334473884178,-0.0483902301806758,-0.142126530500708,-0.0560735518538074,-0.146175903976828
"rivalrous",0.184976548811088,0.20292100696306,-0.0608486435131954,-0.106010624648765,-0.271419013664953,-0.0848751791874792,0.0387020073296915,0.246742542481563,0.166343897760516,-0.156484214175883
"roguish",0.792695852357501,-0.0752511533405934,0.0152860874346594,0.208975456394377,-0.166351026050388,0.0454063083957381,-0.123893181499307,-0.0377381156255177,0.0811495475375515,0.127786302154285
"rollicking",0.0240115861380697,-0.0898988959671709,-0.166702374485501,0.280842054752492,-0.337759073129055,0.210545801649562,-0.0839453647314296,0.0461305991365923,-0.038621617838982,0.00723580393960557
"rootless",-0.0123123937274544,-0.000922081817327098,0.0747491850271559,0.150456134915711,-0.0588488150989643,-0.0681688862144424,0.0228720067027489,0.0116798559949379,0.044395522497163,0.0555763134588337
"rowdy",-0.122053468898259,0.0261029101661284,-0.00946764131809056,0.173849633613921,-0.173239116963958,0.123193852463778,0.0201991852484594,0.109715944410892,0.100973214175855,0.0553541146316201
"rugged",0.0130059239139425,0.022212976038623,0.138251611321674,0.0167629637337359,-0.348656507715435,0.468676528383144,-0.43495960507844,-0.194999001321721,0.00578712130776605,0.197498643397427
"saccharine",0.0427302992896281,-0.0423046922187948,-0.0925924387780342,-0.0188295132655365,0.0866222409204108,0.0520698924298872,0.157214931707767,-0.0390382701326503,-0.0146484205369262,-0.0135129953645547
"saintly",-0.106422438647944,-0.148497516171284,-0.103651020123876,-0.0648984227304289,0.078327591994711,-0.0176743378702992,0.205201738148267,-0.225633763496481,0.0573958376425749,0.107695751682065
"sassy",-0.0189108925646274,0.0220469587554388,-0.0931164572745458,0.0747611475246066,-0.105771466213872,0.0656251379764758,0.299634144394821,0.0808027714370757,-0.0359889773753887,-0.183609722015328
"satirical",0.0200005625864348,0.0133917607010853,-0.0754379849954812,0.2379383117765,-0.0097197831328343,-0.174754784000994,-0.0630521643033893,0.106642757198213,-0.0215832636888515,-0.0123245219559378
"saucy",0.0152961883106246,0.0168713979615342,-0.0540488461114701,0.11609868118255,-0.148408539773379,0.109153023864053,0.121801742505476,0.0484705242361137,-0.0374561544490217,-0.176376761982552
"scampish",0.339345897097819,-0.100623660007375,-0.0766996571370092,0.199289224235071,-0.0679508030771254,0.0976427607619094,-0.0164373926360451,0.0446619343360926,0.0150254639307247,0.118534599184966
"scandalmongering",0.20399756769775,-0.00762717323740304,-0.102355319208521,-0.0283468803097384,0.0429872321504976,0.022817596033621,0.0322432700401099,-0.0259401512392616,-0.00729210026068038,0.0345103255733574
"scheming",0.83763872178654,-0.136841996665149,-0.0289845375554332,-0.0220031849443295,-0.00521825234106396,-0.105697305721382,0.0661795049155415,0.00779202217609946,0.190886151804711,0.0831597043827663
"scholarly",-0.0137331730010362,-0.0173807048997912,0.0699078852569643,0.0736178725931316,0.122126768843422,-0.579418718166935,-0.00581278948558992,0.0919360437682219,0.149198843679511,0.0580562616009638
"scrappy",0.143290825555615,0.048981662511514,0.0522385200491386,0.228161460082414,-0.468816187927392,0.192561149287523,0.0309244744364239,-0.0148814896428633,-0.00101366562398122,0.23704797626352
"seclusive",0.0706330415567374,-0.118762807556344,0.687063111056287,0.0300289696063322,0.122435576665259,0.0174929274956234,-0.0354297948491579,-0.0785247779862137,-0.0547035789255075,0.0126129723565505
"self-assertive",0.0166906858793239,0.297235442626915,-0.171681024357243,-0.0868764870117368,-0.376076856381546,0.0200460017725891,0.00307023464213772,0.0784138529673256,0.24515375112048,-0.0776202898003916
"self-assured",0.0546343547605324,0.0213375108134732,-0.105342681584983,-0.0170892460699431,-0.128693010563631,-0.00280356993983287,-0.0189046476160096,0.0188769597177315,0.206450116203366,-0.0311730609260679
"self-centered",0.388621772116548,0.180914820320793,0.0861889092506276,0.00863203886061322,0.00651055297444654,-0.0253466957999032,0.111645935112562,0.126528398100383,0.112190303987204,-0.132885206591288
"self-confident",0.0132689433815417,0.0417072412584408,-0.111829692435597,0.0230957865849498,-0.165659035237544,-0.0146132927344737,0.00987176115007106,0.0270187886268741,0.187080318497419,-0.0580462771012352
"self-conscious",-0.101353849111643,-0.151049100637722,0.148262750026395,0.0171147044622564,0.125593670128252,-0.092687366741276,0.0878905066443204,0.0609602942482469,-0.23506902748405,-0.0192920551290759
"self-consistent",-0.0919882794470564,-0.0257358457093483,0.0681840971835271,-0.208338305914018,0.010302427679932,-0.0192389132673369,0.0384554570967594,0.085753714879543,0.0462009631743633,0.0370595110405198
"self-controlled",-0.00407320786770551,-0.129878860084541,0.134178206321781,-0.329379365755165,0.14915874962006,-0.0806043602066649,0.115731658010968,0.0174565018042137,0.14821216509755,-0.0570480662309851
"self-deceiving",0.467832055407888,-0.152546347693422,-0.0552070927057231,0.0869044044473602,0.0167583081784843,0.0877947156556531,-0.179322855940806,-0.0499486644235172,-0.0615565151702817,-0.0483198649965616
"self-defeating",-0.0977100731312212,-0.0173852668371454,-0.0914453063919039,0.144232300068351,0.0727303137840285,-0.00914391083964078,-0.207875398667097,-0.0474766381266482,-0.235584677184681,0.00782320183595115
"self-defensive",0.259192938949685,0.0424639338864134,0.152681475967025,-0.063819867259378,-0.0241087914720956,0.0975059446354143,-0.0188361632945019,-0.00169995898180972,-0.0643009887327407,0.111321025477337
"self-deluding",0.284462384941583,-0.0942489907208025,-0.1149375851127,0.0898213911154843,0.0200151623489624,0.0651471849061548,-0.179703470267321,0.00889405796897343,-0.0918307371238493,-0.0430773090083383
"self-denying",-0.129182783031545,-0.103673627665647,0.0471774254392495,-0.0812395486093027,0.0706894693368813,-0.037942106138684,0.0702709747960296,-0.233855908088155,-0.0154900928366131,0.171047882140773
"self-deprecating",-0.0999136485632212,-0.154606851449043,-0.0146362084977868,0.107898587206594,0.103698090862758,-0.0146800095326128,-0.161914978078468,-0.0088616240647322,-0.150163197274993,0.0479020743481457
"self-destructive",-0.0336720442562623,-0.0393910218576025,-0.0354193295495492,0.0719462659596895,-0.0191974959526431,0.0409301409615985,-0.145103381666741,-0.0285142430559055,-0.0650070191753388,0.0227175530400108
"self-disparaging",-0.167689590231434,-0.038371638271711,0.0130723734845818,0.0654016409190787,0.0755554265909331,-0.0717000448189207,-0.10540998227418,0.0405132751704189,-0.167953631371867,-0.0076679045234229
"self-doubting",-0.183021781603803,-0.125463084191338,0.0924335080916881,0.162204102714999,0.141894292703729,-0.119421376226771,-0.0102204269184124,0.00890395658227585,-0.244507593528627,0.00393394493433719
"self-effacing",-0.10746201564968,-0.319922114826739,0.216867338503618,0.0730892578451382,0.176426265329767,-0.0441101920180855,-0.0880036892271799,-0.149618838783345,-0.106581046266923,0.024818390124553
"self-examining",-0.0523822142031402,-0.0604657372461404,0.0187001296694905,-0.029655862015931,0.0912834415875513,-0.354603129340217,0.00944675092201896,0.000826817014052575,-0.156395859581529,0.0166450530800939
"self-excusing",0.531682178556591,-0.0460202313404156,-0.0870268868011857,0.213339876132726,0.0680773543388887,-0.0234164205524431,-0.14254639325093,-0.021997501701513,-0.0017152094104382,-0.0387469631979108
"self-expressive",-0.0211713788616786,-0.00844535720647089,-0.184671513973995,0.179512028680556,-0.13092727088793,-0.0593206259261995,0.0258729239322467,-0.0784096871921881,-0.143027359947618,-0.141728110729205
"self-important",0.149002485782483,0.301851956914243,-0.0661163595829182,-0.0493246684868237,-0.0465844011378348,-0.0677505945965669,0.088643954785277,0.0446083784715895,0.0925016589776221,-0.137644788572711
"self-possessed",0.0453537464260164,-0.029868751155884,-0.0324389473073689,-0.0694215838814898,-0.0294331269733749,-0.0227292665284853,0.00821933179501094,-0.0279690053446484,0.155157510398573,-0.0870540082484135
"self-punishing",-0.222532901335373,-0.000165603744791485,0.00540142948591525,-0.115125653699445,-0.0805806756342551,-0.0729200716545313,-0.209033455206955,-0.0234518271017257,-0.326932052310534,-0.028229709362063
"self-reliant",0.00466458174770765,0.0100885408211029,0.0908831074335029,-0.0891065886197181,-0.102062218717094,0.0435829506439145,-0.006678109045216,0.045381864752947,0.0795021659697549,0.0143540634673041
"self-reproachful",-0.10015215888956,0.0478974415562972,-0.0477523149394955,0.0349993226885239,0.0588334347626672,-0.107287454931078,-0.116360013316559,-0.151464181011131,-0.325955498419785,-0.0129839594757479
"self-respecting",-0.193248096357733,0.0171668649930723,0.0622198147112476,-0.0660179225366754,-0.0462035704038358,-0.0238227390015575,0.077553780977187,0.0402785164980511,0.0790098212837632,-0.0309414747985618
"self-restrained",-0.0435525335602221,-0.121501336277644,0.200393332053646,-0.257757081133638,0.343183720291245,-0.120973589711446,0.0461005277715134,-0.0785142224375622,0.12363458740324,0.0169325300337364
"self-revealing",-0.158400415467001,0.0343256791145583,-0.456342890956758,0.168151425604367,-0.0839608785184561,-0.135178706813487,0.0446508322116602,0.0200336759973693,-0.0651025892294813,0.00397612081167565
"self-righteous",0.128529639145839,0.460680083024258,-0.126776369547871,-0.0249995896836046,0.0600504484676968,-0.0128551060350143,0.043687846827746,-0.0364587343087235,-0.0465212326640635,0.0184644361931757
"self-sacrificing",-0.248089401286697,-0.183055256724599,-0.170616458080216,0.0144167697784292,-0.0661275980317053,0.0262642164859092,-0.0334639895179678,-0.263351203612288,0.0292521424269805,0.264651312435062
"self-satisfied",0.309909672653084,0.116847781613707,-0.0777569731306849,0.0245465439237892,0.0490927643368086,-0.0261217021573609,0.0011681211849519,0.0914733051886771,0.100541465550128,-0.0875103178438724
"self-sufficient",-0.0132032926949703,0.00539917557273215,0.12473245118826,-0.0679674630022066,-0.071084537991903,0.0349539086256253,-0.0135863230157921,0.0215222520985748,0.0713272389212994,0.00490949604882036
"self-willed",0.0619713926593095,0.100405861203703,0.113000897323983,0.00980004623436017,-0.197364413584832,0.0376845341353585,-0.0612870443129645,-0.00565561206034867,0.0168426273461159,-0.0099207299598445
"sensuous",-0.057580418695163,-0.0485154557350017,0.0396946606209123,0.125412405223365,-0.1059221823667,0.041746479426866,0.119248096991569,-0.0554360615302,-0.0455552156527386,-0.26861298032828
"serene",0.103461231409063,-0.312236428069225,0.0616041198365131,-0.0371199160297478,0.292941728656018,0.0601343048186609,0.165886996984266,-0.355005495896118,0.0553562829684284,-0.0548676747870259
"serious-minded",0.0164089223590077,0.0304475524607883,0.106817795483126,-0.205597241930163,0.0402476916802574,-0.125064699116323,-0.0420228860593446,-0.0532833079745941,-0.00117610261578369,0.0258235352653913
"servile",-0.00750427479198259,-0.0580243774699759,-0.0210815840864063,-0.00711997680669322,0.0498334156648864,-0.0013818408115958,0.0221169785843117,0.0128068077033719,0.00201236057250429,0.0139065371047201
"severe",-0.0874267145065625,0.511392354406058,0.0158241038014126,-0.208023513930283,-0.108943667479107,-0.109088932085955,-0.0921259428320657,-0.0275371682679022,0.0241387650112651,0.00807814633773534
"sharp-tongued",-0.0113511046028878,0.735616619241189,-0.118820783106805,-0.0582134196052581,-0.179807304443809,-0.0737138496484745,0.0702697204693453,0.0424949270803131,-0.0452803823841454,-0.0402861564107587
"sharp-witted",0.0446693640218024,0.0173972033378467,0.0317801906953332,0.0551325525856304,-0.0874195671187334,-0.177755928614154,-0.059927356106874,0.0988663070079354,0.00912238146322302,-0.00919421293756245
"shiftless",-0.096428369505757,0.010899287453501,-0.0226372380717389,0.249057466493519,0.0741460761873539,-0.0697070689160837,-0.0255095010412129,-0.000295453099420559,0.0434191019797161,-0.0292300977388717
"short-spoken",-0.151650614397578,0.378451950208928,0.501509345005326,-0.0199887612201488,-0.133576811055688,0.119285116220443,0.00337210886234381,-0.0216158505769535,0.0492922548536751,0.17974696041181
"short-tempered",-0.180711999487013,0.488509101311212,-0.00123302404325541,0.0418295117590982,-0.198725781684737,0.0924123577956007,0.0503186158772807,-0.0213672236712953,-0.0269500421193182,0.100926746238242
"shortsighted",0.0023061219184376,-0.00350037659017107,-0.0810684589846663,0.1853145971418,0.116926342634781,0.166892892097855,-0.0871401198922928,0.00770828157042367,-0.0175422593106113,-0.00852250269421654
"showy",-0.0846351160676162,-0.0165045134435602,-0.0558311879755095,0.0474732059999683,-0.139671843575627,0.0920381370277182,0.0777639282038303,0.144497653528151,0.00770752381326384,-0.28227972462142
"shrewish",-0.0439321722238785,0.515441117376388,-0.0609056616226753,-0.048106411042145,0.0383524748333495,-0.0552862304705931,0.216252924339485,-0.0756192901586464,-0.0673357093155889,0.0415657830164485
"shrinking",-0.0541640585995126,-0.0957298832089333,0.205992211501336,0.013739487865569,0.0259873987327061,0.0259237380398002,0.0625684932428959,0.00745273070005274,0.0222157855282257,-0.0253930838659018
"single-minded",0.0790931472421589,0.0635690415082871,0.111068262215428,-0.276044940826509,-0.123519455961287,0.110201036356624,-0.113118095094086,0.0279568485822498,-0.0576815269348971,-0.0224280733295259
"slanderous",0.21195692325813,-0.0108377840370297,-0.09059643173191,-0.0248138946886465,0.0713929507251069,0.0261617252092414,0.0128102040092307,0.0151285177672206,0.0164237160306304,0.00934832389604881
"slick",0.394987665235926,-0.0756546713688893,-0.0482659602641022,0.0894233874612945,-0.272394439904918,-0.0684514825045511,-0.0916561417018156,0.235613673383988,0.010019743115387,-0.188457485429184
"slothful",-0.115220603505959,-0.0121631670180377,0.00505669618277779,0.189180484465766,0.0597741956569413,-0.0533597880210012,0.00609596117570999,0.0341200111170022,0.0740071294892374,-0.0223232912003218
"slovenly",-0.100470707553432,-0.00941278026537737,0.00814920211390035,0.126187781887364,0.0292660423861836,-0.0249963038084093,0.0122150557049096,0.0248715120377127,0.0640729899537447,-0.0283291935077561
"slow",-0.124684152050346,0.002456154685661,-0.0168492805424451,0.233565769402942,0.292949057877512,0.0467080846753613,-0.00505185269368177,-0.178823065618605,0.0136157545357854,-0.060569655953469
"slow-witted",-0.0702728033500973,-0.0290800818159589,0.010597734166837,-0.00388672092236139,0.00728910429320547,-0.00135192594765796,0.0159481199885834,0.0298878735823406,0.0443725952729971,0.000412064562968105
"smooth-spoken",0.177713973862131,-0.165336632008835,-0.346012063204807,0.0670757314453198,0.0660398402766642,-0.216462229115898,-0.0282044419688623,-0.0221418482822864,0.00151398919951048,-0.197027008164115
"sneaky",0.933831379842161,-0.234804351784719,0.1521540683201,-0.0202075916389507,-0.0402953768128594,0.0207328302753424,0.0427233610852868,-0.0643048276742925,0.0991895236220549,0.0917324718235464
"snoopy",0.410025412016976,0.113474888880788,-0.120937167562389,-0.0198414431307698,0.115875229830438,-0.110878891839315,0.127379207204785,0.0480793432986697,-0.20584110754856,0.301008431913291
"snooty",-0.0815141753927762,0.244844571375212,0.0413167327312611,0.00525791427293313,0.0768590693348185,-0.0615686218814286,0.097395416622761,0.0290886550237407,0.0176344006479312,-0.105904038363948
"sober-minded",0.0454987017040916,-0.0452406063434303,0.0727160575965,-0.32548821167379,0.162567578203304,-0.124278854186332,0.0295417145298004,-0.0643613136495768,0.0723577929468192,0.0339247954351814
"soft-hearted",-0.133915152754202,-0.270714917663729,-0.227059520913231,0.132590016629709,0.10393373557202,0.0622631654032465,0.0929890513383187,-0.299263611768664,-0.0975772921940833,0.0692009859060032
"soft-shelled",-0.00841045001882284,-0.0833505655785225,0.00136499417220109,0.0715880345360796,0.165375896568334,-0.000424472426231434,0.149105135768048,-0.14351828155495,-0.0351208169959555,-0.000636767552298718
"soft-spoken",0.204851086049377,-0.372728842958389,0.223089058059422,-0.0478360313323922,0.4571154768341,-0.0766978935102334,0.100672189835615,-0.180124971296073,-0.0837433509585147,0.0625157767631013
"solemn",0.0638108206430876,0.091563964105913,0.235586428372354,-0.102294834518822,0.172126097507086,-0.20616197736378,-0.168119821522703,-0.186270987072324,0.0684212202530129,0.0637698057492355
"solicitous",0.10237310193662,-0.165022653668159,-0.439131932826985,-0.181371381017804,0.0697423887390417,-0.0382037213147115,0.0333214270787082,-0.211986422142536,-0.119631199757428,-0.00525052162175097
"sour",-0.0775198145816301,0.320379092799386,0.0459813748441896,0.0330560797648062,0.0404164386625524,-0.00166375433022027,0.0734060924981315,-0.00753859544971557,-0.0744639751771281,0.0626392261390263
"sparkling",0.0288260427747375,-0.0688206569845999,-0.153597746385017,0.0874035989326776,-0.163098009672066,0.0319803970175346,0.308568031279586,-0.0575198856156409,-0.0616741631391673,-0.266684434339388
"speedy",0.0696424217694328,-0.163080640484148,-0.0490728856570007,-0.211121641680378,-0.337379417186164,0.116499585162925,0.0198251124544998,0.362028626751646,0.0346631484656564,0.0944964096159758
"spineless",-0.0377261341988191,-0.0370152314350073,0.000287159301497337,-0.00101635916224313,0.0323032840416347,0.00559539884263525,0.0144384675067928,0.0274830596992578,0.0238853775686647,-0.00673201686711066
"spiritless",-0.0769335566371317,-0.0276708025321906,0.0201970599711904,-0.00986778182471571,0.030678954388795,-0.00539595908182416,0.016894548994482,0.0427793330354756,0.0448768427709266,-0.00261755131873851
"spiritual",-0.0871088062224007,-0.0871034202796954,0.0126197965340781,0.135872755188867,0.0490666306430235,-0.0533049770329499,0.200536875049724,-0.337407948781333,0.0401882615639685,-0.0315924475256531
"spiteful",0.30852478411313,0.176445339798494,-0.0252479909107214,-0.00713132093912178,0.0727502036741959,-0.0305337462716756,0.176265853581642,0.0438736678866924,0.0787157840573689,0.0820985957308498
"sportsmanlike",-0.177261940437646,-0.273968102062083,-0.0418375218976346,-0.0959521486192471,-0.35077249380618,0.183959304969757,-0.221083327402772,0.191321770764876,0.24474360394464,0.0204026677552841
"sprightly",-0.067476103384314,-0.191802406462982,-0.160991996327926,0.0338652666502106,-0.231690262342059,0.196015758777086,0.132498129501861,-0.0262817842214378,-0.122350266525435,-0.13697302059282
"spry",-0.0694040875799862,-0.312446975062104,-0.00708204512776376,-0.0621604862328517,-0.31767358693462,0.212011897293029,0.00574209377749355,0.0561227882497003,-0.0301870781587935,0.0372131283683184
"spunky",-0.0170143710314874,-0.0233403097803045,-0.0707275843222278,0.122127427891632,-0.361930093906503,0.221754141642621,0.191554646925131,-0.0022660440273578,-0.147280479717223,-0.00402800481090234
"squeamish",-0.0407772945790615,-0.0423477757981353,-0.0275289694355581,0.00686223869666374,0.0904750295109159,-0.00905876889136237,0.0593938641115187,0.0421711879523441,-0.0198691306478013,0.00133883293461041
"stable",-0.0300727108863431,-0.0612081084854086,-0.00512786839991423,-0.191927980547679,0.125291243492501,-0.00116976627427933,0.100214075264865,0.0632894887280101,0.133226456413436,-0.00749377402941264
"stalwart",-0.00378218367050598,-0.0203725603539095,-0.0344588122596725,-0.173105355087323,-0.0469095478610868,0.0370988422966388,-0.0799107558596113,-0.0276757756501624,0.141250919251069,0.0885884462510554
"standoffish",-0.068084833938688,0.258143385242357,0.662910160649533,-0.0101508968197547,7.95315416246248e-05,0.0198597559229608,0.0869745727813811,0.0176618432169096,-0.0373694980848504,-0.0236704217932494
"statesmanlike",-0.0054787589943025,0.0215081588802662,-0.168862873679797,-0.0888211022704227,-0.0708749096996955,-0.284126908258463,-0.0930155774275017,-0.0843886550055182,0.269256768901245,-0.111299892487483
"steadfast",0.0161435399173463,-0.0252816091937292,0.0566339003737074,-0.271038824692034,-0.0137263079482008,0.097214992198742,0.0148426990172886,-0.040310210120569,0.0587449288138775,0.0535149780307138
"stormy",0.00889105988052191,0.293096318153932,0.0709418131705515,0.183301545836596,-0.330347971657986,0.00757912534408835,0.0554973514268214,-0.094643893001033,0.035108228104079,0.0993867089770636
"stout-hearted",0.00359477488301592,-0.00305352057543798,0.0132537093632506,0.00993492860817645,-0.120028151710926,0.0334332755774487,-0.0380262529892121,-0.0291146324254138,0.0659767210098229,0.0530156264103352
"strait-laced",-0.187885208471876,0.085525462204065,-0.00221654549218384,-0.513907728177663,0.394897693106143,0.0548639999720603,-0.0069917720864659,-0.0181920192582197,0.0164072860272195,0.033685442832301
"stringent",-0.0235438437186219,0.219576740605548,0.0554589664150685,-0.515142340041491,0.0359923977600773,-0.0376054657701138,-0.142612453524911,0.0637846549993088,-0.0939619449315133,-0.0442997836413315
"strong-minded",-0.0170058270521906,0.0351712743643736,0.0425609403694086,-0.0224453633554749,-0.0925272717312462,-0.0216783511192667,0.00796661440356677,0.0251858416106041,0.0831352931321019,-0.0050423482294965
"stuck-up",-0.0506746749193234,0.303529773301325,0.0590721395354935,-0.0266872142794743,0.0666065074597337,-0.0567260090708669,0.110650229617809,0.0446541605185531,0.0350474266737098,-0.0958956703487908
"studious",0.0433832142496393,0.0299006957834235,0.111201817759264,-0.0809578249523632,0.179652016173623,-0.465933770944297,0.0903124526779922,0.0459380272698825,-0.0139058067758706,0.0699883334242083
"stuffy",-0.0481566732218583,0.135236797374762,0.0149863399895294,-0.0757021693053494,0.210126921901283,-0.0607432404887786,-0.0143277292560688,0.0359005824072171,0.0183078218433108,-0.0421413879928909
"suave",0.11493833700728,-0.0973579377540893,-0.14944768101959,0.0297518822915,-0.130958099839297,-0.124352661958828,-0.0761715916575653,0.0823923454205817,0.122304150509588,-0.334895501723965
"sugary",0.00840267096323337,-0.0303953084899234,-0.0605548113169042,-0.0637630474699515,0.0519276445728954,0.114115306825016,0.186234731602967,-0.0402158299847632,-0.0529261666244269,-0.064398544063113
"sulky",-0.0529124431582888,0.106600691753261,0.172516053519375,0.0189552599025989,-0.0157653787345226,0.0847779573207123,0.0387017218382501,-0.0345765421360058,-0.0932544416847394,-0.00208963260147836
"sullen",-0.0148180897863729,0.0906451557167392,0.375336608863977,0.0338663870704527,-0.0303427709766639,0.123416170789224,0.0122282470942985,-0.0618863926176185,-0.0799533771276804,0.0396005233664069
"sultry",-0.128456459062635,0.00730439272993914,0.0215349911189003,0.0485037631546643,-0.0707960583269464,0.0413737584644962,0.159871177871284,0.062843520272739,0.0309891512595499,-0.201323178300833
"sunny",-0.00716991230772571,-0.238692293105343,-0.3498412454024,0.0692086288584186,-0.0492668656586355,0.223035697852806,0.148082873927536,-0.0426003568881392,-0.0112840590306493,-0.0607063854127573
"superficial",0.166584863616546,-0.05578677578395,-0.0604054320041572,-0.0066350380827368,0.0574454742022453,0.0900653246885486,-0.00134163716141625,0.0774591973192195,-0.0103692327727579,-0.123093497705882
"supersensitive",-0.0607096072779933,0.0598147362191179,-0.0223692537182513,-0.0513517050563955,0.095554967763104,-0.0486275859767194,0.185864793867328,-0.197123720765553,-0.335186501667735,0.0601051150323269
"swellheaded",0.328721443542441,0.335163996355194,-0.120997003691822,-0.0496854632946837,-0.0635453978691413,0.0143394977465847,0.132255471213493,0.10090620460367,0.0998058112933663,-0.129174311917477
"taciturn",-0.0549900307590368,0.0142122589152346,0.665811723175466,-0.0463205712584378,0.020665785677314,0.100460598504102,-0.0520205448699527,0.00832699939841166,0.0388332274625902,0.0639678321350214
"tame",-0.0376453067075992,-0.185012943554861,-0.00224549825398545,-0.13913218791426,0.448562096734703,0.138401972292749,0.0619926334369011,-0.0979689580748867,-0.0585006449913,0.0328465042703844
"tasteful",-0.0262246393233492,-0.000429198532238078,-0.0519361617562313,-0.024361335391772,0.0232572931360871,0.0472172871833133,0.0276610560471913,-0.0612520352983185,-0.0453275094871283,-0.249202049143233
"tasteless",-0.019021355610921,-0.042321548205121,0.0336001113581925,-0.00992202083779701,0.0158984294917148,-0.00338968978382808,0.00756660416779421,0.0681350344227469,0.0211016941509032,0.0316216556815934
"teachable",0.00316861711093708,-0.281709589741112,0.00415587247835393,0.02512806651831,-0.0747086580266673,-0.16398284766844,0.0124425061781533,0.179050761344242,-0.105734717096319,0.140238999546943
"temperate",0.113883151047751,-0.219550791485764,-0.023398414905166,-0.1806927954615,0.293511332470133,-0.0395741234028431,0.0104820822909393,-0.153116992852348,0.0367762244241166,0.00577157746059174
"tempestuous",-0.0930981461074499,0.242472392418173,0.0384753257569289,0.177672426806483,-0.279459159452254,0.0569119067833848,0.055059520205956,-0.0538343763178677,-0.0095060193300602,0.0435032168517842
"temptable",0.245829088226903,-0.143827188512734,-0.123576834408161,0.251211307303941,-0.0452003338435745,0.0987941989928717,-0.165841111412272,0.103204016329023,-0.07266059861693,0.00197189646463974
"tender",-0.00829442774826548,-0.247799846797943,-0.177731596961916,0.0637969552874592,0.16054493640487,0.0595379562404329,0.230791291490542,-0.33810566034727,-0.126519515289474,0.0214677470117336
"tender-hearted",-0.050433077082661,-0.283162761487326,-0.16832679813913,0.0984595929365755,0.0972513825417718,0.0742238177720561,0.14219545029616,-0.363027628113232,-0.102832145199168,0.0897186967268175
"tenderminded",0.0204612534809016,-0.277883331813391,-0.190004266335382,0.0494143180014115,0.189453525447137,-0.0360280376672984,0.230125468809543,-0.372445907066596,-0.144920610719465,0.0531688400102607
"tense",-0.16339473806634,0.193612048705192,-0.0257749916564173,-0.170840731220606,-0.175638597110323,-0.0801903325567792,-0.153303745059759,0.0758736853095981,-0.358119992253978,0.0554163086011285
"tentative",-0.0262040466665383,-0.237309556842279,0.188833597945413,0.113013488878139,0.168219876407898,-0.0525450909599917,0.0753072694375763,-0.0228888293049467,-0.113442443470875,-0.0218108943562693
"terse",-0.155458044145406,0.37754424642178,0.483070854741038,-0.0482064952559865,-0.106740832017056,-0.00749632360319075,-0.0513704955880798,0.0519133605664828,0.0162722134828063,0.0509598940869588
"testy",-0.214543988095,0.60061076939099,-0.00741189098168483,-0.0265934451393542,-0.107704114646578,0.119462194780958,-0.0549881634315746,-0.0541205183329733,-0.126474020018448,0.0491517430607941
"thick-skinned",0.182983610495857,-0.0297746850817504,0.0586362716126658,0.0364305003799905,-0.133644252372216,0.121226308590963,-0.158623518149565,0.141878470597503,0.333947248125069,0.041757359106287
"thick-witted",-0.0704530178183918,-0.0282569537655498,0.0119667396460409,-0.0041734753831892,0.0091219374654278,-0.0029169662408059,0.0159497842644108,0.0292580603431831,0.0413021188212784,-0.00441714054164423
"thickheaded",-0.116880849010614,0.0712494752457126,-0.0470110815089753,0.0362759394609945,0.0428673911628597,0.267476523898271,-0.0974558987866865,-0.0692219212628923,0.110566557288465,0.0227062919073414
"thin-skinned",-0.171162786999631,0.2473859197576,0.0118746354394266,-0.00986053513118472,0.0790578514855746,0.0827686047691996,0.152283663916894,-0.0553427162397435,-0.290814126396002,-0.0287431618304576
"thoroughgoing",0.06987835430972,-0.018579936639322,0.0733139358757396,-0.384694244849563,0.034184609733895,0.0461898685389495,0.0141811844343671,0.0111051386194585,-0.0686141651196039,0.00082241973370246
"thriftless",-0.0215303883470969,-0.0478022927744543,-0.097800770150645,0.277047696931091,0.0347556884332339,0.0482104043207531,-0.181584005521257,0.0942482089012478,-0.0454739853648486,-0.0517077570079934
"tidy",0.00642985773826374,-0.027907949907567,-0.0448740723545822,-0.50254859021288,0.134398251919293,0.100876166007359,0.111777198407264,0.0665525592597723,-0.0543706798093844,-0.114923288389741
"tight",0.0692872308070319,0.124032106865137,0.00662749591721501,-0.34475047797025,-0.0333886640678501,0.237050880976927,-0.212747684526483,0.146772891251769,-0.0986595225557702,-0.00456106306157654
"tight-lipped",0.169007016191436,0.0514572398144489,0.517448972750208,-0.209474661923379,0.0762053383903408,0.065674936983294,-0.118824112465345,-0.0522205331474789,0.0907740526281937,-0.0144491257187539
"timorous",-0.072556385699443,-0.111863234039136,0.0835034697891731,-0.0500817599492198,0.101048709877851,-0.00343659160461121,0.0908514471103864,0.041983504998486,-0.0423761201489324,0.0170881340979734
"tireless",0.0734091601556739,-0.0521895764923767,0.0464287568795079,-0.244004459957163,-0.115697336861581,0.13647473098989,0.0180738069771028,0.0276276331599382,-0.0121584566824365,0.0196799614992554
"tough-minded",0.0705119905817762,0.173969448785669,0.0534992062035668,-0.203742124250924,-0.252864208473167,0.0719561696092827,-0.212643471660876,0.124773579151899,0.126519451376065,0.0954060013247957
"treacherous",0.571254563686754,-0.05999354749924,-0.054179693085447,-0.00392163551576019,0.0469213156380529,-0.0617323506867641,0.0515662197790563,0.0204180033623371,0.14398478738835,0.029858822872623
"tricky",0.688888582274221,-0.118017668497233,0.13135272638615,0.062401693036043,-0.137494286454151,-0.0468253979857537,-0.0833821839515297,0.0625857258772015,-0.000356677805730334,0.0214372781757633
"trustworthy",-0.460359221700001,0.0266878657325311,-0.058993453447158,-0.0197050007558183,0.0172861455074685,-0.0334898721665214,0.0654686980780711,0.0773979989956503,0.0843469957787572,0.00561014592389326
"truthless",0.408678651976681,-0.119217852156122,-0.0428969008716467,0.0261407636794304,0.026250391266992,-0.0056305686390588,-0.0966870381849613,0.0163231538485324,0.0541498186533002,-0.041011365063442
"twitchy",-0.0594483114896562,-0.00991550484338121,0.0156500262400792,0.0231260784473747,-0.0719680923963218,0.0279943482500582,-0.0459699280167917,0.108453235839401,-0.142545637508161,0.0911169656824582
"tyrannical",-0.0247184405236737,0.175166650901924,-0.0139911578936844,-0.0224994046914958,0.00857468628772574,-0.0815781075871258,0.0770989847678705,0.00437364810265952,0.104930918744931,-0.0181121918063724
"ultraconservative",-0.0694757300962952,0.0906847839651808,-0.0136479414339529,-0.161475525233899,0.179209171861901,0.0842923493077348,-0.0937719406545162,-0.0133062249918451,0.15242634346009,0.00843960441511402
"ultracritical",-0.228719710677547,0.536317202231881,-0.0195586568455636,-0.320494546410754,-0.0269965858631127,-0.140680791985451,-0.0658097948206347,0.120059344811776,-0.248589754141619,-0.196952232153004
"ultrademocratic",-0.133812820275924,-0.0998280243137299,-0.21165064111042,0.0679280726940265,-0.118726538163291,-0.208193698895107,0.0884676051525487,-0.0488951746704397,-0.0214825832138434,0.0689282989963648
"ultrafastidious",0.0804655252078965,0.133942959231897,0.0806448288541165,-0.54594915399428,0.137017932066149,-0.0318889946134793,-0.053240610364101,0.0488609214519502,-0.325194284659066,-0.225976682473684
"ultraintellectual",-0.070944609565101,0.0228856381726441,0.102141958618232,0.0866170637696176,-0.00542888627719835,-0.606685378811618,-0.0150301368039842,0.154938938053483,0.180963783188935,-0.0602954679267718
"ultrarefined",-0.0789252830796061,0.069078197751593,-0.0436850997376241,-0.131096106407351,0.0718435820220125,-0.25692646656344,0.0500285843260404,0.0191373592311001,-0.0342359431430075,-0.500351976438686
"ultrareligious",-0.0746493530188551,-0.0245999218959178,0.00147693372263772,-0.0028148146971466,0.0260536816603914,0.00752793059686883,0.0185884294368886,0.00693013114461078,0.0624767101256621,-0.00390252866300448
"ultrasensual",-0.115533857703181,-0.0273669426032181,-0.0218974752568455,0.0795750808970217,-0.120978635714496,0.0279959046807628,0.0586191821226635,0.0463995048252393,-0.0178222271814597,-0.240974136127273
"ultrasentimental",0.109612148549897,-0.0683531252594498,-0.154879487483379,0.0707791743486374,0.118084831243317,0.00617948305042487,0.251058091612245,-0.29687441691216,-0.142237571474677,0.0781649374928819
"ultraspiritual",-0.111972822737768,-0.0881201945097993,-0.0378884570465894,0.0716214500467419,-0.0529267989413136,-0.100851425614567,0.187837849500335,-0.178565248503628,0.0953392884511681,-0.0122031562024402
"unaccessible",0.0130088001088422,0.071245865666428,0.652894403119819,0.0346012530810475,-0.0412383277238579,0.00817097927694858,-0.0363755105215594,0.00220869773317935,-0.02153981802937,-0.0663854147688593
"unaccommodating",-0.139029172544572,0.650173852698015,0.167874727157486,-0.063385501775819,-0.038033752839432,0.0837605336424594,0.069297718246511,-0.0628618632991235,0.0636830542332128,-0.107564016086851
"unaccomplished",-0.061573068154735,-0.00692680167512007,-0.0204471397669835,0.0819776697540326,0.0583039944710728,-0.0130747403850868,-0.0169063575247643,0.0208174305626573,-0.0240429897191005,0.00811759675683688
"unadaptable",-0.218418130645418,0.234655817226528,-0.0278142458621423,-0.0639397035880592,0.323230934575006,0.202317657254573,-0.0499501647654686,-0.0419828247919048,0.0310011301008783,-0.107004161550128
"unadulterous",-0.0431827795169963,-0.0305459136262888,0.016358426019776,0.045533902616463,0.0158751848859976,0.0133697579031904,0.00039760481829411,0.0639549080088027,0.000255310477221179,0.00652282910206553
"unaffable",-0.0356729406900577,0.0655492371965736,0.555043316800437,-0.0485705034346814,0.00725477246743018,0.0415908391691656,0.0343924565267962,0.0280439402548483,-0.0346057205289187,-0.0565083637682122
"unaffected",-0.221236189693977,-0.158334261796043,0.120335266510703,0.209364973914133,0.233810601839884,0.0917252699448505,-0.109124225961825,0.0552517977951525,0.103298450928802,0.0509630293646319
"unagreeable",-0.033401467958337,0.58474317210089,0.186792748761323,-0.0250738955487722,0.0308702354370753,0.142715811463769,0.0328275257330829,-0.0954729732850586,-0.0755988593443585,0.0104782649639337
"unaiding",0.0354556834326175,0.114403620853237,0.242525606166416,0.0708185277896846,0.0651157725944913,0.0215264004811442,0.045746714067824,0.0954620058713873,0.0509542106800003,-0.103607639088428
"unalert",-0.110157940019409,-0.019462705439781,-0.00975211593353338,0.143114751841396,0.0566396207574962,-0.0534646850445137,-0.032972577656118,0.0214179341584662,0.0468761670786801,-0.019062151175065
"unalterable",0.0399957097700349,0.143798980239019,0.0768548701937497,-0.218296530749606,0.178131577538583,0.119718604839052,-0.0938038245916709,-0.0743847448474917,0.123187075723873,0.0384610183966335
"unamiable",0.0494307441319671,0.432576355820619,0.475488143994253,-0.0278205580497804,0.0185004708812647,-0.0257907459341585,0.132482103076965,0.0709736000068469,-0.0420571715999403,0.0099468627472016
"unamusable",-0.0240391738118737,-0.0463013482158524,0.0940479774317811,-0.002606032399902,0.0360099010008514,-0.000338636209525468,-0.00695112635167924,-0.0109872352341386,0.0498534937035702,0.008874078123197
"unanalytic",-0.0817139751160699,-0.0669582344262604,-0.0404688867300508,0.190112187773899,-0.0141410052821618,0.272127963601317,0.0634247499508266,0.00527229579246168,0.142622927105806,0.0428181338285206
"unanchored",-0.0313821242514755,-0.0632133168883495,0.205071622462135,0.466663814937532,-0.112215261408981,-0.0657125578648064,-0.0289739077369276,0.0127772160118708,-0.0553181749487131,0.0165008259611485
"unanimated",-0.0864253025016772,-0.0315871230425164,0.117946001522614,-0.0130471553668926,0.123350754677657,-0.0400436836968119,0.029802874435693,0.133685493927052,0.0373403173754546,0.01740061638946
"unapproachable",-0.115332270550637,0.336792911148134,0.571092786565245,-0.0345953441615154,-0.0265944081450498,-0.0352308809625209,0.0614244838152045,0.0711644377022967,0.0121571809031197,-0.0241764081753979
"unargumentative",-0.00649927507033691,-0.48192780194967,0.193778751770991,0.0438601939184431,0.256855715157791,0.0582604263191436,0.00601312660308448,0.0735749328965176,-0.0857728256053175,0.0272066082774311
"unartistic",-0.0598893406712533,-0.153680091484892,0.00716570977603598,-0.111399399794419,-0.0125451430998704,-0.082025249100679,-0.105990446629964,0.31502087384417,0.286842696564733,0.280972913737242
"unaspiring",-0.0375144267825894,-0.011235148380957,-0.00722473173217797,0.057289711572504,0.150775993483211,0.030335441441721,0.0355412500860276,0.0379076912800606,0.0570485417240401,0.0163390412504254
"unassertive",-0.112564612552455,-0.20164690659471,0.213287030922738,0.0527142195951608,0.24639273951908,0.0146832485586027,0.106352521270188,0.0553858413065453,-0.0265180145414564,0.0152760483085525
"unassisting",-0.036484851500031,0.167093003864583,0.28038902829461,0.0845501169873885,0.0436434255908754,0.00985927871890465,0.0857127120212479,0.0791125962751567,0.0637984298753275,-0.120583231431076
"unassured",-0.138260732232336,-0.0834119650712176,0.101390663184303,0.182117476344538,0.0648731436728047,-0.0525400040772994,-0.0143241348687396,0.0374095110775058,-0.14968779552201,-0.024961472967816
"unauthoritative",-0.00125327821938547,-0.0584865462738336,0.123282766354492,0.332204446924127,0.272246546642087,0.266043850654369,0.149831511899404,0.0403079267783899,-0.170109992761287,0.126987913686447
"unbashful",0.0682941506626951,0.189882460713534,-0.403615011674734,0.1490415427427,-0.19566062400069,-0.0124613340440433,-0.0550095213590985,0.0122443287886142,0.0338642715071556,0.0353373283354751
"unbelligerent",-0.00850414597404653,-0.295717656353828,0.032467234969747,0.0409264689317117,0.227386562928262,-0.0034296570060231,-0.0291054638745325,0.036124021453491,-0.0813481923069015,-0.0607559102575495
"unbendable",0.0163853435894165,0.19618564433132,0.141926875052468,-0.317974920867068,-0.0083420486649759,0.182807105136467,-0.0907267586537995,-0.0312443968870221,0.00070136596455967,0.0174598826253277
"unbending",-0.117880833708008,0.328900521950388,0.0899445276579641,-0.329981604272064,-0.00486356922914381,0.153247447198768,-0.0946460187123601,-0.0256734562735909,0.00575150370617122,-0.0397373907880805
"unbenevolent",0.511779353214461,0.21858158186981,-0.0172172615631323,0.0101631355645015,0.0886519055260099,-0.0777740403275572,0.125039406033466,0.0990811942204671,0.138944769351869,0.0523964494394113
"unbewailing",0.0949800352872717,-0.0132164256478261,0.0822058906579454,0.0724651395441757,0.0796208633983695,-0.00563380079660366,-0.126213722007794,-0.0489072838277127,0.0256504820684509,0.040738168068705
"unbiased",-0.611980806723434,-0.203930444708169,0.0997513697313635,0.0538052753525019,-0.0378840951286379,-0.0883281486981794,-0.0357310077564217,0.114713288732603,0.0578674650761393,0.00185674934646856
"unbigoted",-0.0972929487043291,-0.175682911666074,0.0066065228695127,0.0706256515489235,-0.0350079933904268,-0.0539809186514456,-0.00502513903634772,0.0531560323042146,0.0518802350580645,0.0211155410524323
"unblushing",0.295778350051969,0.0211220592344113,-0.160885751815048,0.0993552341837868,-0.140228492422771,-0.0298603738531619,-0.0134164266446763,0.0211957234208953,0.0832101501681546,-0.00294131262793386
"unboastful",-0.106853179445267,-0.0958389525376631,0.127217595929411,0.0503124483119862,0.176980764611072,-0.0176880672628327,0.0386782928941113,-0.0792997942011768,-0.0384439427533764,0.218584551599954
"unbold",-0.103980559962167,-0.23654341870894,0.136405751655287,-0.0455714068843525,0.69307218454673,0.0593146799636436,0.0660385972825437,-0.000237350050892851,-0.146665410768969,0.00079736252057779
"unbookish",-0.239165175090016,0.0298791889868861,0.0773935456262063,0.0161508797787151,-0.226973961129475,0.707468984952082,-0.0628933901879055,-6.97561076097012e-05,0.0514776588445657,-0.116771806127211
"unbridled",0.0340456048414565,-0.0173587946704011,-0.00733170200774788,0.298525030742848,-0.429769993860135,0.110073841421862,-0.0246313668053721,-0.0429049249622514,0.014895678904112,0.00937204764076442
"unbusinesslike",-0.109048394160548,-0.126520609327202,0.210610304036133,0.578869619166483,-0.0202044360088884,0.106911214399892,0.306922268083582,-0.239121429898791,0.159674546647892,0.264849057778849
"uncalculating",-0.173491279221501,0.0139220053443954,-0.00762845444471791,0.352536382125748,0.170529514671615,0.252242087475737,0.0302342351005408,-0.215811835902526,-0.102755813223294,0.00148884362190227
"uncandid",0.854466273826454,0.00589791236507788,0.179451368794519,-0.134207214785375,0.0465671964012706,0.164078220684004,0.00111268572864518,-0.134996466196242,-0.0635958239606032,0.0222740890372498
"uncareful",-0.0473906902068206,-0.0319547507358533,-0.0682796800284619,0.435613076321972,0.00783542262158342,-0.00731707268923224,-0.131913180793725,0.0736059892326608,0.0173688969106144,0.0241856590954451
"uncautious",-0.00532228583657265,-0.0246650345219246,-0.117528683650991,0.346115259836854,-0.0805298080311478,0.0615028427025153,-0.131788389273122,0.0961722722184822,-0.0308944803707069,0.0892902901620471
"unceremonious",0.206430992418767,0.144560639561208,0.281748478878543,0.417931384140617,-0.221449444634318,0.136733435940012,-0.0642243390187455,-0.0658635164330295,-0.0233939908715275,0.249655234875748
"unchangeable",0.0306833718152606,0.170764681217725,0.0296747698104911,-0.179065474802596,0.336782295321306,0.206481324262035,-0.0918924198786081,-0.100139025244303,0.0989828753865733,0.0493913594956997
"unchanging",0.0734914933941917,0.0801398300191928,-0.0441598903572927,-0.208109033399168,0.413931559086971,0.250469794755353,-0.138203496185574,-0.137121059977435,0.0418681179561055,0.100729332816482
"unchaste",-0.0694571231444744,-0.0280470503695645,0.0122974860688894,-0.00693876198000559,0.0101681946015846,-0.00997388177274215,0.0181585039643373,0.0275253026004482,0.0386072840244431,-0.00937537928812557
"uncheerful",-0.047386846853913,0.198368178051141,0.421670546932551,0.0408520573038234,0.044514208131047,-0.216884661305556,-0.0788947100275634,0.0387632003523427,-0.00308878754541703,0.148267521066239
"uncheery",-0.0774265153535959,0.195301373458908,0.431541693293864,-0.00587378481115975,0.0835595231491982,-0.115635114472204,-0.0117499960989916,0.0700308989444152,-0.00178381397061035,0.0967862471326268
"unchivalrous",0.299278591442863,0.0861172241744652,0.0878432861801799,0.101856261072536,0.0430628796227505,-0.0242562271933963,0.0541279853274754,0.0626055524749903,0.0963880281112865,0.0473757838063371
"uncivil",-0.056915517860046,0.213525774218718,0.0734443542734307,0.0749911972850947,-0.0481822267389034,0.00370387151261192,0.114351269577393,-0.0145464932955725,0.0504405388279227,0.0762155097905942
"uncivilized",-0.0641464280828098,-0.00325148157487807,0.0414128977878024,0.0265586471672241,-0.00234334528993564,0.00240685175801659,0.0342411015753183,0.025349776944062,0.0534689662310357,0.0173714590705621
"uncompanionable",-0.0348074389842527,0.166473859444754,0.677609375756906,0.0332707570890968,0.0086867162283618,-0.027691007020794,0.0331351746140117,0.0492574298342831,-0.0147171421955153,0.00591764440956655
"uncompassionate",0.247753134944326,0.375700016099126,0.0759467578809062,0.00942791016050624,0.0833975955156398,-0.0524634905285434,0.123604626673166,0.15909495531304,0.113028418932947,-0.016947586114475
"uncomplaining",0.145973407022382,-0.422814769532256,0.0965009432905852,-0.024694101016346,0.164757787809422,0.0758068781717924,-0.00875891050307365,-0.000644491588717194,0.158689883375698,0.0582482037801174
"uncomplaisant",-0.0738294178198626,0.458709799384229,0.144601543694348,-0.0361139441324882,-0.166627494919428,0.00805855599226208,-0.00664193361469259,-0.0118847610731457,0.0742953482114459,-0.0709862887123297
"uncompromising",0.0214359011904776,0.159230877056077,0.106846345898999,-0.297011512868667,-0.183107079044612,0.115362626192133,-0.106667658333341,-0.0325760889344452,-0.032774485933381,-0.0378448224961484
"unconcealing",0.0922928735914366,0.161369553083305,-0.272591731656514,0.0995255933471197,0.0201310775331361,-0.0993132114280713,0.00186453347066881,-0.0612543094429501,-0.0786483257598154,0.163188099713192
"unconciliatory",-0.0376225785733944,0.61946756147404,0.231515687698853,-0.0295763316227248,0.0107885827468379,0.0859113827831847,0.0170728963268357,-0.119646418110449,0.0672469709295864,-0.0336819627032917
"unconfident",-0.12678173248354,-0.065516172080904,0.119083168370994,0.048644357119575,0.0823072944081744,-0.0352412670319402,0.0287971060932314,0.0659135053898001,-0.136710457642734,0.00687426255402957
"unconfiding",0.369327857630861,0.188128992862087,0.505464625911036,-0.0209133588396492,0.0855471310856489,0.0497120444279062,-0.0442701212466128,0.0586145698941168,-0.150611358623622,0.0613586603021592
"unconformable",0.0525372685063388,0.1301307957692,0.341151363152377,0.462991516484102,-0.0654225313454038,-0.0576958152424639,-0.0958908327577556,-0.195825541754087,-0.140389733266655,0.0294783014271223
"unconscientious",0.10442687442379,-0.0234884044622122,-0.0688486071835086,0.390847643147622,0.0931216279585375,-0.0505065414129281,-0.125759265289724,0.00716720736556588,0.0629316324285872,-0.0576276489991514
"unconstrainable",0.162053828343108,-0.0188002977048971,0.0993502246725755,0.378138218752736,-0.545644813255795,-0.0185989958171364,-0.0380072318798959,-0.0823454895713332,0.0573970142049285,0.0539687936442291
"unconstrained",0.0415634189618917,-0.0862326053040454,0.0384740220149367,0.449601686620662,-0.365145356569076,-0.017335721808924,0.0269340947167718,-0.0356881607278885,0.0768876190907969,-0.0406604899864796
"unconstructive",-0.133089398319558,0.347616514609382,-0.0246731585990281,0.115157216622856,0.105542762074702,0.013093437156803,0.0576524844814476,-0.0140722183255753,-0.0517360260744964,0.00910199402703787
"uncontradictable",-0.145446915957426,-0.00336818188185712,0.0899442862968442,-0.274246465733431,0.0204857060918009,-0.0272261687557586,0.0614397563320728,0.0759339739081441,0.0515436337638626,-0.026278644291509
"uncontriving",-0.34101612574399,-0.0738753502474784,0.188275007917773,0.19277279380624,0.139690936082115,0.113141534959242,0.0105105668349214,-0.0368916160472109,0.0939052798638596,0.117946325107337
"uncontrolled",-0.1045598169034,0.0245904800121849,-0.0414257217146324,0.223470225436639,-0.0968926339880281,0.0857158174805731,-0.123741309462083,0.0377881467782972,-0.0231904427714357,0.0711366676907792
"uncordial",0.0379929452566435,0.355066463945791,0.450011960575768,0.0460158177386781,-0.0379362836728034,0.000386268500162018,0.162086813873934,0.0184702184670276,0.0429203137117801,0.0399614720480807
"uncourteous",-0.0150242094813769,0.38669872351052,0.115530719441899,0.0600894823326889,0.0131085740378353,-0.00560950322576255,0.141408987733502,0.0485427682880839,0.0060787901324297,0.0812417666084605
"uncourtly",0.143281949181341,0.197555905383326,0.411015653605399,0.108740635272496,0.142554037329555,0.217911158893037,-0.041850992437764,-0.00949508401804849,-0.107008397651113,0.274352703130689
"uncrafty",-0.1079269007934,-0.112752929599627,-0.152446290215526,0.0315319888426636,0.0366151060048791,-0.0335361917836012,-0.00954179583166376,0.080819289051264,0.1202906320119,0.144003157008158
"uncritical",0.102496171341522,-0.193311964745479,-0.103452671750704,0.121655913996146,0.117506299262336,0.166003651060918,0.0254889600551697,0.00795155543306017,0.111283552836359,0.0955517410051024
"uncultivated",-0.0552561949553317,-0.0437669461577746,0.0227473485092946,0.0120311210068075,-0.00315884426018889,0.0628078172745254,-0.00676044171105415,0.0474659890458488,0.0672123188844987,0.0352388083230974
"uncultured",-0.0588248874921763,-0.033032740492474,0.0186206567932914,0.0164619722556523,-0.00352407481051764,0.0527059528368582,0.00900306316063285,0.0601302692968016,0.0615642526200536,0.0475970662563977
"uncunning",-0.551427346455617,0.042213318051075,-0.067512878360231,0.0796066679976237,0.176330716041487,0.266830897429065,-0.059710478087396,-0.0892471166980798,-0.126543992256596,-0.0220271627524933
"uncurbable",0.0985592443152517,0.0701307788415501,0.0317184901184257,0.0705323860147697,-0.219706279457203,0.0654959016322465,-0.0590975286767428,-0.0420837037750403,0.0307142280056886,-0.0168903848263799
"uncurious",-0.0923898397186081,-0.0184653701209007,-0.00470185437640341,-0.00857983603877093,0.0338882468724878,0.0712463380765016,-0.00196238164158876,0.0285793497015825,0.0702801212147548,0.00232261163349079
"undeceivable",-0.485188297193215,0.0751828388287369,0.159071855863637,0.0188658184944032,-0.0157108865874875,-0.0457798344163798,0.0904039640818172,0.0762736783887074,0.101472131523874,0.0188301115970384
"undeceptive",-0.891584530609187,0.148448269267776,-0.013812009627168,0.0521911656504635,0.0253049532798738,-0.0187169078416017,0.025863694961203,0.161302826390788,-0.0104532923367874,-0.0540467263702435
"undefeatable",0.0419335769697973,0.0217048324209081,0.0839360248655293,-0.113773597690482,-0.393347828434799,-0.00394041585508686,0.0919504185608501,0.0563885242901882,0.227044779434385,0.0368405400623147
"undelaying",0.121150502047678,-0.00687461311836945,0.0225279139637881,-0.392872451901997,-0.123319088114055,0.12462295959819,0.0826777063776085,0.094239016647353,0.0269174297033514,0.110740731193593
"undeliberate",-0.0533818689031973,-0.0608328312913891,-0.0734710027804516,0.344708939139208,0.081167511101266,0.017406133477005,-0.0672642866420609,0.0488420141590702,-0.0133052767154361,-0.0406037995083652
"undeliberative",-0.157604721360171,0.0184935138121877,-0.0364876842299537,0.470324787206535,0.0403826423267128,0.0571384937602928,-0.0388377643321064,0.0717871076718231,0.0437359956741756,-0.00705171180423083
"undemocratic",0.111342081488398,0.178755308611676,0.0124837337224493,-0.0352103146758417,0.0264941610476967,-0.0525248340786473,0.0815816340265712,-0.0317932571132279,0.132182436203797,-0.068505433252221
"undemonstrative",-0.0699299747485401,-0.0692451779200236,0.620820697652195,-0.0690020768528174,0.141734169755714,0.0130957471989372,-0.0914492193626784,0.10680421845157,0.0339848025359032,-0.00306806645285022
"underogatory",0.0314371454006711,-0.0286717295236152,0.014606367394707,0.046457589458712,0.0256296073486311,0.0468491703680704,-0.0322071033342571,0.026063254858074,0.000527899066158215,0.0119861830072842
"underwitted",-0.0623123751205942,-0.0323418850478622,0.0172525936060908,-0.000453583255766292,0.0123463784676549,-0.0066952138066612,0.017107225027551,0.027222675656831,0.0417063192631142,-0.00450428395994848
"undespairing",-0.0136949964580273,-0.0389870072505176,-0.00306663670506892,0.00277860703857346,-0.0382393280944098,0.00565863567845293,0.000929935435839041,0.0320206200647674,0.0540185607937553,-0.00994266256621633
"undespondent",-0.00403630182368394,-0.0550236529747622,-0.0433715313204342,0.0375664257638001,-0.0234573769505829,-0.0162816345983352,0.0108241046191613,0.0400750311702137,0.070987376760015,-0.0353832020984499
"undeviating",0.0148036943305102,-0.011789651180015,0.0629502401328487,-0.491216600979754,0.066185476484763,0.106105038737504,0.008174415905257,0.0248617415121044,0.0637353001813302,0.0421068856973875
"undevious",-0.895208105913885,0.0907317781899619,-0.0742316482861225,0.0510587577688869,0.0856665971771118,-0.0399987622305267,-0.00648627366538534,0.136363288996173,-4.40135423133644e-05,-0.0650606480217995
"undevout",0.112429909415499,0.0459132040752872,0.16276407061859,0.121843704159873,0.0470012944259387,0.00421305753925147,-0.19568189598711,0.250615363058907,-0.0853793816903498,0.015710092595138
"undignified",0.0818172784535892,-0.0237414968916907,-0.0322377516667117,0.113807298723992,0.040167220559257,0.0160524686638718,-0.0326730222242719,0.0416611694776954,0.00513510738597434,0.0633906380759551
"undiligent",-0.143452817235307,0.00240316717258606,-0.0461988099862188,0.395003086198554,0.0794165413125377,-0.0944459435165606,-0.087031585124191,0.00775092786284069,0.0265488812949004,-0.0602522171017424
"undiplomatic",0.0432204042018794,0.574461816790512,0.108754044293151,0.0587879246588311,-0.110649723402011,0.155012247931966,0.125462937953162,0.0276247340411354,-0.104112448037668,0.164415102322996
"undisappointable",0.0672213020026523,-0.0670651353569191,0.0557019570796641,-0.0953753209141574,-0.00828549281095831,0.0857956061969427,0.10190476011067,0.0527507373550323,0.206700548288571,0.0877041265884109
"undiscerning",-0.0234619793549744,-0.0125711125043003,-0.0403402248063859,0.101175838412977,0.0430473665336749,0.105284512282633,0.00855242914021778,0.0689322607230748,0.0643627953117567,0.0356962338304589
"undisciplined",-0.107938324286873,0.0164876961168379,-0.0521538664167649,0.527304010618631,0.030386582923478,-0.0498070087452077,-0.0993227081728365,0.0350357200698014,0.00896102100673985,0.0525695816576187
"undiscourageable",0.000242975120745198,-0.0308680520984792,0.0308465018253583,-0.00624076768308817,-0.11612550041724,0.0188032649558968,-0.0156333572784454,0.0132722188156889,0.0796456876643255,0.00741212572127418
"undiscriminating",0.0616791388601726,-0.051900782213959,-0.0472671324478371,0.113707345310714,0.0444035152073995,0.176996547711733,0.0742667140520559,0.0370197828225636,0.0728941934979334,0.120050116369807
"undisguised",-0.388426543479825,0.247756430729607,-0.276843076321713,0.148537741417472,-0.0146396032570261,0.0111929657386564,0.0600968123004915,0.0639918836533592,0.00846043167016016,0.138754249712037
"undisturbable",0.216203953894075,-0.168053209769685,0.118913818868918,-0.201028193950729,0.219910649647293,0.0430239940201711,-0.0331606737775534,-0.00661579538773279,0.229698581016612,-0.0359586138852003
"undivertible",0.107893314046761,0.133875736122791,0.122968817680635,-0.174042482525273,0.124665286904233,-0.0271369120124604,-0.0918575507846172,-0.0969618662132788,0.0753874566653216,0.100620418333378
"undogmatic",0.0769538567095016,-0.323089489046268,0.134188654185798,0.158381228998788,-0.073926551370725,-0.166727064349413,0.0208255508029918,0.135405261798131,-0.0303572290420846,0.0724480670284492
"undramatic",-0.114414565781648,-0.159049408720998,0.0865738042635278,-0.0663571036252867,0.382094722447324,-0.0182326134072627,-0.1710950400036,0.0963883742625379,0.00102252405312931,0.115489123951756
"undutiful",0.14533531041673,0.0160569279439049,0.0695779164028575,0.228432714701086,0.0435266339773753,-0.0155306284291491,-0.00943314768328133,0.0537995291195819,0.0641701065402868,0.0169070240153524
"uneager",-0.135640555305605,-0.00681623517049554,0.114530610520259,0.13944927386873,0.300600328465759,0.0463389384197306,0.0362700259618148,0.0402820428513957,0.153832234656382,-0.0805121190097762
"unearnest",0.273914432300741,-0.0742116101221804,-0.0838396369164705,0.0569117587610316,0.054967123908529,-0.00275520221166124,-0.0854669403372879,0.0379697775438727,0.030537301358321,-0.0694442264509075
"uneconomical",-0.0542175746369049,-0.0721472939869213,-0.0547496102336061,0.30259701695886,-0.00328834453627541,0.0724375235260707,-0.0924542167194725,0.0167333859736332,-0.043945764683958,-0.0171492390461425
"uneducated",-0.0453510620658941,-0.0191567370332755,-0.0109498711685483,0.00851144531921423,0.0574761983456454,0.100217455736076,-0.000718912195764808,0.0314703662883322,0.0145530774608653,0.031284946971262
"unelusive",-0.0566455863503834,0.0350819826846785,-0.158590625935099,0.0304005254848476,0.05123459404907,-0.0551742147195661,-0.0261252815998322,0.107514203842188,0.0513788712918482,0.00900861836997698
"unembittered",-0.117274645304911,-0.184692018462277,0.0125649465466519,0.046417618120838,0.0239394889169108,0.00873869594098746,0.0270196398146992,0.0253983665006079,0.0681086382298581,-0.0594558631673647
"unemphatic",-0.0497764009149524,-0.102040263271955,0.337069652678279,0.0574191612601683,0.186426943767238,0.0882249405141693,0.0912011574690257,0.138182496295993,0.118938034736981,0.064301709416672
"unenlightened",-0.0604793966837927,-0.0266817854808513,-0.0159656807005705,0.0168474229092291,0.0405535859404497,0.108577902789198,-0.0187122818830404,0.0538392700789953,0.043803706924253,0.0250617029860301
"unenterprising",-0.0691592404077198,-0.0170801222371128,-0.0184505636099445,0.0729791953860131,0.176791641890936,0.0260379016081264,0.0399208368727628,0.00498614540671758,0.0820396638958491,-0.00609342399331767
"unenthusiastic",-0.0813382828630473,-0.034946732179848,0.0331197633119358,0.0634588091377447,0.141504409337632,-0.0280641268430689,0.0116133392423026,0.09685775069518,0.0763345314216311,0.0132895689041124
"unerring",0.0230989991709783,-0.00529201962105997,0.11277484958271,-0.39666719621199,-0.0143904608335168,0.0639257212192533,0.0538199210486522,0.0482460374370305,0.0253869857130071,-0.0100558470281399
"unethical",0.72923565328889,-0.13013509748694,-0.10021943601154,-0.0107455355739174,0.0656427428012046,-0.0474405663905144,-0.00720561500686936,0.0281882237884755,0.108981824680665,0.0851665521536029
"unexacting",-0.138724313467052,-0.0972744508324122,-0.0694217148094763,0.44935527602684,0.142263936544424,0.0170038290950661,0.040436580563729,0.0847334275978248,0.162518515558297,0.0683537909691361
"unexpansive",0.0061307413328703,0.023073195394016,0.539823587041801,-0.208280393388946,0.271294569708853,0.197730842918703,-0.0247165981163732,0.0186102470439456,-0.0100911075669291,0.104357501546042
"unexplosive",0.125952492590484,-0.13251256533572,0.0414297552428842,-0.00993471339630794,0.332982060954605,-0.10656921854481,-0.083494942705018,-0.0808816443634058,-0.0308019474732901,0.0533443846563814
"unextravagant",-0.00808249566077357,-0.0472290474708698,0.080917935416477,0.0493946789805906,0.243599519384167,-0.1332584157467,0.0650649185965861,-0.0341299046880759,0.114843014838237,0.426124888053471
"unfailing",-0.0100479517848672,-0.0881264075054053,0.0323917981769713,-0.376335789789908,0.0128861697031636,0.122188026092921,0.0592207223610184,0.0234232710637458,0.0826081595505375,0.074894197947749
"unfair",0.582480759520473,0.230730887056773,-0.152513542483606,-0.0194112586910488,0.0928890418813654,-0.0595735882323666,0.0124296649677321,0.00457889710746062,0.0144146266536266,0.0173774699298784
"unfaithful",0.0199567255634805,-0.0200170188978128,-0.0253247321946071,0.0287966899284471,0.0452945053911716,-0.0112862690300468,-0.00905785361893517,0.0231538438995679,0.0388500969812636,-0.018566511734711
"unfaltering",0.0689615283408123,-0.03446224909719,0.0326913935492685,-0.334580219646855,-0.0566698990831971,0.0967281919195808,0.0140511182052967,0.00052042528620123,0.126657221433826,0.064891031952559
"unfearing",0.0553628658973199,0.0461822410685794,-0.0158245532254471,0.0911545904568977,-0.218497177883338,0.00123602503778967,-0.0477612076966717,-0.0528018449479525,0.116247741646463,0.065623373065745
"unfeeling",0.040491759762044,0.0411464695911995,0.135787052251183,0.00590574449697869,0.00489916473116881,-0.0415977105235971,0.0589778157636973,0.1083345343075,0.108158971885366,0.026505024217465
"unfeigning",-0.668432139221576,0.061945478878938,-0.0219744261584612,0.0409850991271712,-0.0121077675255572,0.0170748857574515,0.00145090990406433,0.0464723648847257,-0.0272993491108374,0.0826805696784408
"unfeminine",0.14375197402988,0.0110256158168799,0.0924077954458599,0.00615668388049374,-0.00913680602777495,0.0919142159811189,-0.28126664648715,0.0829213767945757,0.112215634737823,0.208255606874479
"unflinching",0.097438934167079,0.053045376842571,0.0722589712737075,-0.121077949159393,-0.208677345957583,0.0551631204861935,-0.0535540047945049,-0.037474248034244,0.137348172521984,0.104385700315647
"unfluctuating",0.121321929062256,0.0195465249214118,0.0463502736686982,-0.393221746848119,0.21401869900918,0.105910897410213,-0.0940579565810423,-0.0427406765633115,0.0920596396253571,0.0370057303204095
"unfluent",-0.110812495710155,-0.0659878658017212,0.102508768185695,-0.0234508315857107,0.114457017068278,0.286253816387555,0.0140080449174117,0.0181363609533663,0.137182405360231,0.115360173274746
"unforbearing",-0.128608525378858,0.669208742892835,-0.029567847517086,0.00709881431250994,-0.0446916070487797,0.037003994556524,0.0744934818954427,-0.0155980195628115,-0.0253093348739802,0.0471531960313121
"unforcible",0.166449187440792,0.0637819864761376,0.140015612230737,0.151773716273214,0.432874953737071,0.0824287995573619,0.0698254303582462,-0.0813956987716699,-0.0632504143182479,0.143244177090508
"unforgetful",0.055008495782591,0.0286670572572968,-0.00545666087925491,-0.319157598654477,0.0446431514304664,0.066894997311252,0.0876361287753619,0.0996754597152911,-0.0199836692303526,-0.0140753825172137
"unforseeing",-0.0642150869147431,-0.0286768879435879,-0.0698714142188802,0.350352480480312,0.0676486797492433,0.12003697315059,-0.0432577894148815,-0.0307688574486905,0.052370301458185,0.0559960769248584
"unfraternal",0.111673905940536,0.244477601321316,0.385869615827836,0.000285526665923906,0.0114848289668705,0.0288478864351284,0.196599923190442,0.0346794507803749,0.0594049505973817,-0.0135047272096077
"unfrugal",0.023875559904578,0.129010235732547,0.00251140894051609,0.29305419388752,-0.0592612560952755,0.138486830511001,-0.112583171544414,0.0609406821079935,-0.123214646417994,-0.102117517689167
"ungallant",0.191502398060703,0.105560298467851,0.13357002430723,0.0591358528305278,0.0472227095998407,0.0418937807626389,0.078900306805108,0.055805187117515,0.0306230204442834,0.0782013508077801
"ungenerous",0.315605177062777,0.132825769625281,0.11561626258749,0.0245470386947711,0.116569160552786,0.0176863251558711,0.0932881901450038,0.107588846937913,0.0783798240093932,-0.0175207382999095
"ungenteel",0.0319212396906736,0.152424037452084,0.178559469423978,0.155384529625138,-0.0393347171938008,0.132216852848406,0.0334349440074682,0.0443875270293264,0.0706770494923295,0.203165991004734
"ungentle",0.0172354088344287,0.563669340303229,0.0180933867941832,0.0357505707744277,-0.124538587206646,0.00344567982609225,0.100939180174373,0.00629403467942064,0.0381200415756843,0.113682866243133
"ungentlemanly",0.152751688079344,0.0294262055089292,0.0294983332113824,0.0992072894997178,-0.0183971362780891,0.0206365266987126,-0.0292011446219146,0.039681856730526,0.0525736978037437,0.0958231888474161
"ungiving",0.157570631074626,0.241564850076732,0.28989589466163,-0.00647256072821343,0.0715602723790161,0.0706570423814042,0.0453364625568208,0.0424882752170803,0.0706851783076906,-0.134495525949067
"ungovernable",-0.00390530028119777,0.0660787326282576,0.0947544773194908,0.193181584172494,-0.0949872930165001,0.0264389284958156,0.0241762018778939,-0.0105135495176442,0.0685426533842861,0.0626088976546103
"ungraceful",-0.0527227241471375,-0.0240061452020856,0.123797437190454,0.11319805261188,0.0784694549817958,-0.0593874644142255,0.0208135126449579,0.0796801669047033,0.0318826919644646,0.163362289076543
"ungregarious",-0.0765839530688404,0.0764729236105544,0.679990561681107,-0.0185189033022069,0.159101386040977,-0.0849720487179242,-0.0275822394911915,0.0226734728032404,0.0156219695800276,0.12720137047472
"ungrudging",-0.10793601589523,-0.333431602907438,-0.0317441569252323,-0.0673146175601381,-0.0466873848107875,0.0261638796498548,-0.0787881297989763,-0.119296660106086,0.0555988585267103,0.112208283453907
"unguarded",-0.202437723664151,-0.0952877564605191,-0.240846840759504,0.408210441055931,-0.0128922137365352,0.0537592310723032,0.0312271288756887,-0.0680440732854334,-0.0321743847431038,0.0962564727676331
"unhardened",0.0344440568895561,-0.132782368151405,-0.0194586890052685,0.14189562333975,0.301884661792128,-0.101686109971981,0.178335154637106,-0.0258677945305497,-0.250774496903011,0.0515649859125955
"unhardy",-0.00950605247247363,-0.0350310479268812,-0.0692567708870158,0.213809664535385,0.387336539295381,-0.179938872478265,0.117581069039794,0.0928201994993741,-0.101589143991706,-0.182274208700228
"unharming",-0.409604546269,-0.158283661094542,0.0581079912197779,-0.0056615209832144,0.040711379177757,0.0762389680696045,-0.0399967110052391,0.0292624164681944,-0.105231413365634,-0.0484224756203356
"unhasty",0.0740504804632835,-0.0508749552179446,0.0264587426929858,-0.061715088386663,0.272481513467953,-0.013927358208435,-0.0513480387631895,-0.0586450071991773,0.0145792575977436,-0.0404058194032213
"unheedful",-0.0720169076137918,0.12472936568398,0.0995913474807696,0.515653117887514,-0.0166880122718566,0.011159511939025,-0.12887804622465,-0.0158746535507996,0.0406383295088699,-0.0451936566481273
"unhelpful",-0.0474723663698401,0.160388695411815,0.178532380149209,0.0952857029072524,0.0221665925047238,0.0370659532336618,0.0735035819549357,-0.00798676826242923,0.0243100003237178,-0.0636033781177774
"unheroic",0.165419755026195,0.0573596790993102,0.0609517331243985,0.13132236934762,0.484109103463565,-0.0434981313247924,0.0298498357704362,0.206098684953569,-0.0517844370067091,-0.11913177378307
"unhurried",0.154318318459575,-0.0197181733587317,0.135592316682862,0.14903132982791,0.438769344502073,-0.0617295491745678,0.0220220265552151,-0.265576234950169,-0.016518241255818,0.0675728511828412
"unimpassionate",-0.06379495352878,-0.0373117846834142,0.0869646428499961,-0.0503695717175972,0.0797572085507198,-0.0408354645033083,-0.0149599743588019,0.171277919171935,0.0928106896526614,0.0223442347966254
"unimpatient",-0.0232469484604662,0.1369236806878,-0.0199519729528718,0.0343382490464031,-0.128032976275518,-0.00203407222284737,-0.178569174330976,0.148258252816469,-0.140316273272927,0.0401044090319617
"unimpressible",-0.116093513239191,0.224862722179932,0.0772902159041747,-0.0549251723395822,0.223506540963425,0.108254327995624,-0.00326748586417152,0.0367526168292225,-0.0329163727520199,0.00997842145016684
"unimpressionable",-0.0776660782791405,0.0905770639663155,0.0241813467525601,-0.0823608104752932,0.20102064715038,0.192258291390834,0.00414115096793848,0.0214097036813538,0.0249882342159882,-0.0152287420040278
"unindulgent",-0.0919614743240914,0.195823423937226,0.151432680844923,-0.146261005722672,-0.0262248634182345,-0.0913649303432974,-0.121942254700272,0.137785533677358,0.0213152994621165,0.132335789498972
"unindustrious",-0.138711728009143,0.00256383447937942,-0.0297765577336459,0.296299131058285,0.073641725554891,-0.0682072485081092,-0.0309395459720405,0.0293854422968624,0.0584087655281,-0.0370214644540652
"uninformed",-0.0707691427478945,-0.0279028050387999,-0.00837953279566736,0.055709837037902,0.0459192141027121,0.126248582745183,0.0126008357474007,0.0240294677473,0.0331055474062031,0.0120245865420105
"uningenious",-0.0209180186283524,-0.0467685601615903,-0.0665839703486797,0.00455307848899382,0.0754976754163324,0.071444428898659,-0.0341759534091748,0.0273055123637412,0.0494277619906238,-0.0131577740003029
"uninquiring",-0.0892198727339738,-0.0116119325909803,0.0300224070544216,-0.0104018098712152,0.099431410848807,0.27074180747028,0.0104874494476231,-0.0255498339161754,0.123941986798458,-0.0398583319339327
"unintrospective",0.0460246413442673,0.0422697476242145,0.0141031622944915,0.0242806702690488,-0.0350807840828757,0.316677171608351,-0.0208395318680054,0.0646626447317006,0.109579654614473,-0.0230246217620333
"uninventive",-0.0829944242793673,-0.068728580233866,-0.112140717017535,-0.0863166089170483,0.195624149675981,0.138725403665568,-0.0116185597004162,0.00977072223856765,0.115052873430345,0.070618740305904
"uninvestigative",-0.17179531515521,-0.0552195399355715,-0.0900276154893311,0.094065352666288,0.114197261553528,0.282071676829372,0.11367348534087,0.0726173547250656,0.146724066821448,-0.0643029484947673
"unjealous",-0.105712562961795,-0.0831388354350206,0.0671794239178073,0.12085184618192,0.0313109288662514,-0.0416742347373755,-0.0949673815467369,-0.0187462723859324,0.0327267590591717,-0.0103885905722232
"unjoyful",-0.020943478630421,0.0874951137797508,0.231548072071574,-0.051523319233801,0.113981131030177,-0.107161757980001,-0.065937409862903,0.0993104219534478,0.032716290809039,0.0831067498121462
"unkindly",0.173102284368108,0.466138240054569,0.0160894355997059,0.0109965751841783,0.0929872058839258,-0.0739692834390953,0.167624267690234,0.0592029310329294,0.0125969889220452,0.0061031962016292
"unladylike",-0.0442135643748575,0.0128115492004202,0.0275175983912707,0.0355653985405119,-0.00439727622761532,-0.046003882081565,0.19179954681402,-0.0182922550686871,0.0414656805891918,0.0541107203549848
"unlearned",-0.0479795563037157,-0.0322972334813218,-0.0282196147845039,0.0733691478046421,0.0647008426456424,0.144881264237751,0.00601984480189973,0.0264142289380868,0.0442050999803392,0.0662807447284938
"unliterary",-0.0795794367171933,0.0385832732130568,0.12757905860473,-0.272195612677195,-0.0714880174636029,0.66984061804769,-0.0652853076552509,0.0720481417682877,-0.00781228029770723,0.081379746430341
"unlively",-0.125662130497587,-0.0455582720759921,0.214740208159232,-0.00310315054074104,0.202607795447424,-0.0838107515685783,0.020884241410057,0.172723468826918,0.077102718160518,0.029832138830577
"unloving",0.0268685460907864,0.0149472868684783,0.162519782196956,0.0206890465302031,-0.00133765931956652,-0.0428488512607215,0.0311705485129821,0.0571065396684036,0.103687713463682,0.00486476132792666
"unmaidenly",-0.0652046155857807,0.00079206111499691,0.0166222599581521,0.0188663830195642,0.00606345609609843,-0.016464385067803,0.0589664774641858,0.016211518640927,0.0500905533211165,0.00470056956094759
"unmalicious",-0.587958030446726,-0.150879887847929,0.0872398535836834,0.0710657753024526,-0.0444967238821835,0.0334687359783493,-0.10081654951775,0.0425799607947758,-0.0404183522252591,-0.0797827350729425
"unmalleable",-0.172469189868201,0.317760390495794,0.132056973483256,-0.15916897138313,0.144979437881219,0.141824909454979,-0.158704565983544,-0.0414199129358663,-0.0112608018633195,0.0472591797124205
"unmanly",-0.0447696728164731,-0.0599371329445322,0.0434014874425589,0.0270643870612329,0.0591137235012647,-0.0222822794489067,-0.0371055901249451,0.0707267049339062,-0.0256521120791882,0.0115735494521966
"unmannered",0.00458052403781185,0.110233641845052,0.225906716037956,0.110200671575248,-0.0440218431325851,0.0364942737343769,0.0321451239804769,0.0578062876663127,-0.00351616265670128,0.0956684167681085
"unmasculine",0.0413561132322937,-0.0309816176938498,0.029118630845482,-0.0165527906383388,0.153520211440808,-0.114381413746547,0.577754529840871,-0.00764480474353464,-0.0761464429336608,0.0930211814359585
"unmeddling",-0.355180809919056,-0.316124553144164,0.317898086642804,0.184488745414473,0.101360967448586,0.12071071605876,-0.062719698915944,0.0276236133939394,0.108635052544705,-0.159850623902303
"unmeek",-0.0636439988520981,0.181569123303948,0.0139246615168024,0.0343951720353539,-0.249679693097539,0.0310631019866609,-0.106743885234305,0.148723110253331,0.0701192129151829,-0.0307643447693028
"unmelancholy",-0.0863784859059002,-0.0560522342619266,-0.0935257595863031,0.00804148154117932,-0.069486691393681,0.0479907743689171,-0.00561644954736607,0.132310865969982,0.0896788025780254,-0.0576762420805757
"unmercenary",-0.412954892442105,-0.0183140595193947,0.113003073084544,0.0322007219884744,0.0334310361026908,0.0360729997582771,0.139046548289225,-0.12068130196538,-0.051646458717238,0.106763247474105
"unmerciful",0.0916246074337942,0.364426956123237,-0.0377922048140581,-0.00807302225935241,-0.0340224097557056,-0.140285358601684,0.135839143049208,0.0401905532044638,0.131608036910242,0.026166878967771
"unmerry",0.0198198165801639,0.203734149537257,0.356877967063114,0.0257245774708875,0.0578920134837071,-0.0824946275072939,-0.0434816493616687,-0.023945196915469,-0.0765099823640083,0.168312531136574
"unmethodical",-0.187302249854761,0.0279076781994808,-0.0501932170849919,0.565951455757702,0.0183853702623145,-0.0817430012886515,-0.0412788447897347,0.00865616399612137,0.0409212868211241,0.0169454602692254
"unmild",0.128802708721466,0.274078161506752,0.0364582030067191,0.0351098464959074,-0.25944945107046,0.0930866447018452,-0.107698896787263,0.0224139874646004,0.066806081103028,0.0200499451638607
"unmindful",-0.125550142045408,-0.0439184367369107,0.0477554963505919,0.397952559608685,0.00919714034508829,-0.0646648203186873,-0.12848467644606,0.0429284231004331,0.0129884396512371,-0.0246166275265061
"unmirthful",-0.00431055901961361,0.230864651091682,0.333806704058042,-0.0890266765710291,0.100555870579628,-0.189305658445251,-0.0762971937896425,-0.0248240625295961,0.00440492368192208,0.109715132987823
"unmodifiable",-0.0313920263445878,0.212477968765275,0.105416625045377,-0.134442122985033,0.278127321059167,0.289749653759764,-0.100011745410747,-0.0716697954330393,-0.0200592633740397,0.0612290965172809
"unmoralizing",0.591115348206906,0.0212898709223093,-0.0727801509573814,0.073321329207626,0.036315830196261,-0.0586305721632086,-0.0161108659115636,-0.0219997714745372,0.0896603587826615,0.0574844959951439
"unmovable",0.0479594684158672,0.124573076819728,0.12306811170591,-0.228393701997005,0.0769084923939555,0.13265459302689,-0.118774420825632,-0.0949810613440759,0.15807146080223,0.0883647931346056
"unneighborly",0.10511090040193,0.0452562200045815,0.501347868744578,0.0466984414908038,-0.0446047727421265,-0.0159275541447608,0.0879717090304476,0.0813843750890065,0.0378960917213924,0.0215793745335109
"unniggardly",-0.0272105455973822,-0.0916895820257386,-0.0585813030521289,-0.000653026453435086,-0.0676346580957534,-0.00492056695173802,-0.0264292672456168,-0.0171659107413516,0.0725131107020328,0.0283277439526236
"unobliging",0.0450704232753791,0.42671498488416,0.218319448536526,0.189138635208603,0.0326960686187393,-0.0484524867390266,0.116841299388596,-0.0247887419511702,0.0426372654822458,-0.131229385194378
"unobtrusive",0.0356233098338029,-0.400305409956953,0.366237699303567,-0.0357523607901977,0.39565742302632,0.0116939045737649,-0.0777220240613433,-0.0687504850816009,-0.0866834270423428,0.0673136551730018
"unoriginal",-0.046264627643975,-0.0404431014230124,-0.0301925076751826,-0.019670521839122,0.0599048374561342,0.0409461802341056,-0.00299093520797052,0.0454647068025706,0.0449502786664108,0.00660165439227287
"unostentatious",-0.0410735325152358,-0.0831787208901822,0.108186010177037,0.0304011782191657,0.210458605911257,-0.0408217529185196,-0.0326398272784567,-0.08282999335475,-0.017688670353183,0.281091385380511
"unpardoning",0.193179571403802,0.448920512651873,0.045002631920461,-0.0432246434544256,0.0204104182681644,0.0279644467048312,0.00493782724810186,0.0263472668160521,-0.019461042668581,-0.0118635519703466
"unpartisan",-0.26850768903161,-0.125109631397499,0.067473788717698,0.0760215018388065,0.064292809712131,-0.0149307793405622,-0.0622522901276204,0.0666279312817263,-0.0246057626032423,0.0733934398679526
"unpeaceable",-0.0126140860431334,0.284008588725994,0.024460423595714,0.0648390413136538,-0.127856593051052,-0.00442403170028773,0.068258792763997,-0.01821118417813,0.075883023038597,0.071920142864059
"unperceptive",-0.0438672926949112,-0.00611686596269091,-0.0148704278611871,0.0162547586672567,0.0394870319833727,0.116307746463311,0.0110246363862403,0.0254893991723178,0.0324390311091141,0.00733414539401884
"unpersonable",-0.0620771861536565,0.280489674104995,0.599920929701107,-0.0300512405609249,0.0454523666073471,-0.0294080097605297,0.0742315180901883,0.116041876457858,-0.0146859134023351,0.0416177957833137
"unpersuadable",-0.153494412536679,0.262534748343766,0.276166264786074,-0.0402320457256799,0.14566028247306,0.27301886235358,-0.0912820889314226,-0.0724801876568092,-0.0727528434452125,0.100188112814476
"unpersuasive",-0.119787308011362,0.0582100531411523,0.240542308252647,0.0349732676557698,0.145063870894147,0.139734240497356,0.0720923272223561,0.0471117526035339,-0.0534439881768128,0.0841421369043599
"unphilanthropic",0.179646987081121,0.0842098179212366,0.21313373717747,0.00746096087385719,0.0731244303678856,0.0696990931856535,-0.0123809568701473,0.206591085727679,0.0415137202216048,-0.0353685342351236
"unphilosophical",0.0387212266466003,0.0680005677281019,0.0355816387147651,-0.175315677841753,-0.0278657804116812,0.555784485051073,0.00682243017780447,0.0755266211767388,-0.159750195753021,-0.00686861606405941
"unpitying",0.212555760473683,0.354882001025875,0.101483241135572,-0.00959319796341563,-0.0285266771160707,-0.0299966947063393,0.0832036460073885,0.133816899359775,0.116310389630208,-0.0096949060338011
"unpleasable",-0.252566965337371,0.487809439530846,-0.0167685491057013,-0.168115026596726,0.0408496241319476,-0.0657708887402089,-0.0941679654731475,0.0520180222331036,-0.226631667269446,-0.175221471672252
"unpliable",-0.0779408478676269,0.332473794894051,0.124589803979097,-0.0397945392545221,0.121380168179233,0.158943122906692,-0.0243973682065417,-0.13243080855948,0.107602446059546,-0.103762277372633
"unpoised",-0.11347198511564,-0.0390040461216467,0.0829288428684426,0.118016813446368,0.00720127077860035,-0.0399904858324272,0.016576741042975,0.113596773658728,-0.0187337705985031,0.0495730565694459
"unpolished",-0.0267648581098441,-0.0357934791575656,0.0999357601776812,0.357190334653162,-0.0655258931957724,0.12167210834974,-0.0730059559415333,-0.0157594413609513,0.03486408305261,0.24053435432133
"unpolite",-0.0674521078639245,0.480676747576648,0.177912604809937,0.100186390912938,-0.0642408695790883,0.00834216910676092,0.123752265099325,0.05175496371367,-0.0297057646874782,0.13522491583767
"unpolitical",-0.0565919477581421,-0.0968814872908649,0.0977400448583474,-0.0197697191668607,0.145093692231154,0.27412874436917,0.00324036621985076,0.122157022816828,-0.064585305642366,-0.0282405161497407
"unpreaching",0.0140857033141021,-0.188629130578581,0.251381343310588,0.076245889149425,0.107287506001069,0.181169285899899,-0.077539744051047,0.149631995371418,-0.0176352262231229,-0.0635426545401351
"unpresuming",-0.16783867884131,-0.364246476400233,0.163245764766435,0.127459967999635,0.252344945086759,0.088726002494311,-0.0688788240486716,-0.101764510321064,-0.0767002723312324,0.118248446214025
"unpretending",-0.321235437778901,-0.0871084945456899,0.0837802016644273,0.0961460030388546,0.109682333486962,0.0808915936831415,-0.0152733411294313,-0.0507414773289993,-0.0536923143252477,0.240375552485289
"unpretentious",-0.21833268952871,-0.0739023888549828,0.0543465004014377,0.0953087840491857,0.0814343645881231,0.113180680491789,0.0142112622174144,-0.030770369960497,-0.0647985040990542,0.249971157542042
"unprincipled",0.680775254079325,-0.0948401695962282,-0.111949744441995,0.0101746587420948,0.0665260017537791,-0.0520970566511753,-0.0144822070391513,0.0292509468141152,0.106201600155745,0.0425912050430449
"unproductive",-0.135020368596982,-0.0123932548117478,-0.0408322600123437,0.295928632033854,0.0668136863494513,-0.0797354476149913,-0.0477477642587562,0.0286448202397974,0.0302435844131351,-0.0183281125985321
"unprogressive",-0.0926202549589537,0.191893825101036,-0.0699051955385836,-0.00923749148838837,0.46570237582196,0.301144444560257,-0.0373915145846879,-0.121027151258638,0.0645940965922727,0.0229360361342029
"unprovincial",-0.0283062817863673,-0.037754614021967,-0.0231212069099769,0.212544625719558,-0.144821400397302,-0.431084048747735,-0.0247288163755221,0.0477035998857142,0.0482945770968874,-0.188622704648898
"unpunctual",-0.15347976840731,-0.000549818138416385,0.0240205284673825,0.499203644731094,0.0317712975225167,-0.128692244043344,-0.078044381407299,0.011142911056631,0.0207200109439592,-0.0264366607531109
"unpurposed",-0.0738736796048358,-0.0217383363844583,0.0130319238942996,0.031801607547469,0.017893761082024,-0.0134650510555275,0.0168793426644812,0.0246350096497203,0.0404424082638027,-0.00618315515400343
"unquestioning",-0.0362833412574251,-0.116618072608928,0.0309944166202127,-0.0630549980748743,0.137480063952296,0.349397132330212,-0.0188099695450068,-0.124494680880314,0.150537893051203,0.0178908192939612
"unrealistic",-0.0509410336146848,-0.0411429665091637,-0.0678201311499465,0.0750633961295122,0.0189135949222395,0.0303417034036342,-0.0423591868474452,0.0352630387095299,-0.0627359261331435,-0.0557401358548251
"unreasonable",-0.053265372242361,0.53617540345635,-0.122339020378225,-0.0274992827841839,-0.05555786890062,0.0753805645232366,-0.0065789675413465,-0.0433605915734021,-0.137787188088135,-0.0247058897771427
"unreasoning",-0.0893527899456833,0.0423970460193197,-0.0282242480830569,0.0325647465419316,-0.00467672145374317,0.101796955099828,-0.0441010810312616,0.0173467052202006,-0.00734043172289386,0.0266109402027473
"unreceptive",-0.123839068190798,0.275265361250104,0.344305871840727,-0.0643051337640631,0.130158606058625,0.229127721199398,0.0163748778083633,-0.0640653728468449,-0.00840087023011275,-0.0999271960493481
"unrefined",-0.0144975594939783,0.00396536469090486,0.0670973055538713,0.19755112902921,-0.043811161954473,0.151930772028982,-0.0395189306607361,0.00417088502515715,0.0711950940136829,0.192881893231327
"unreined",0.136756096913228,0.101950164546714,0.107031780849861,0.530502124862693,-0.219973736131154,0.100320108942126,-0.0614261803164243,-0.118407348318393,-0.000796590335821043,0.0829787804746345
"unrelaxing",-0.173697401293154,0.296034059600986,0.0216631647139229,-0.214216727100595,-0.269261492084241,-0.173705732474439,-0.170094906281615,0.18793901226878,-0.249582904535444,-0.0113289704403403
"unrelenting",0.0979428843141837,0.0732814153556239,0.0751141031115429,-0.265683117208296,-0.252091055169304,0.0643057152106411,-0.15013052361452,0.0303828332579085,-0.02878973633113,0.0230450585711018
"unreligious",-0.0391637843674457,-0.00296017851185357,0.0773683774315679,0.066812192366366,-0.04950250893478,-0.0165315345166813,-0.00687202939000384,0.0623322311976559,0.00816982016034892,0.0490355616006363
"unrepressible",0.109228900604281,-0.0543739362719023,-0.239655196253986,0.221133311063478,-0.413097615198213,0.0929748459968734,0.0708536949741144,-0.0526886965848553,0.0479590336675828,0.0185185437119069
"unreproachful",-0.473134602375809,-0.359695256372389,0.155822110353158,0.0444618921327415,0.0331958953227144,0.0288581852459721,0.0812832841533774,0.109533796877043,0.186478430812204,-0.0757495878158856
"unreserved",0.0354352625570198,-0.00992564742235346,-0.478904993545286,0.281170448147032,-0.251074539643146,0.133395522229593,0.0131840286442878,-0.0206519734665789,0.0867399896031723,0.0604093181173698
"unrespectful",0.241236169217982,0.360893879120656,-0.0121822036717275,0.100073490033229,0.0786299440261042,0.0160897733497948,0.117654048022157,0.0273728188187925,-0.0135793158471451,0.0544464887846613
"unresponsive",-0.0740760485271809,0.0235227352732835,0.353187303759454,0.110271598953208,0.01292693923117,0.0319159572681999,0.0305651559514474,-0.00655444197633431,0.0610686789303072,-0.0773990028863779
"unresting",0.0868792979383136,0.0201206595693874,0.11438892047363,-0.139384417871527,-0.303569434219046,0.00326853546460389,-0.119658500944564,0.0541985987900531,-0.11747524296626,0.0270211882911531
"unrestrainable",0.034263074570862,-0.0226207518280592,-0.0242181649890718,0.340110099109535,-0.488850974763643,0.00637693099758881,-0.0142655304376634,0.0216924064320686,0.105677541959589,0.0350369732974941
"unrevealing",0.357051649375606,-0.160182743569746,0.441018330375654,-0.0899120326277774,0.0947426978651333,0.0736298640591425,-0.143738429983189,0.00461637219206648,-0.0124681135243601,0.0354227868853042
"unrevengeful",-0.176325514044828,-0.140849750104538,0.0399369263145944,0.0414920277634105,0.046375471917648,-0.00846163246434862,-0.0527996784785584,0.0300910190662841,-0.0175092779937432,-0.0524518453619502
"unromantic",0.00386858482632237,0.0685267312017242,0.272986613878227,-0.0446676757482299,0.0924519924887172,0.000618299208357643,-0.124803989395936,0.224431732433814,0.0439439296543965,0.144331979852191
"unrude",-0.0705556771544022,-0.309362145496828,-0.064322932805961,-0.0189598072992758,0.0992999981378638,0.0241772222521701,-0.0807501115922089,0.0353994411617334,0.03457259154378,-0.0805175697982372
"unsaintly",0.662527030125225,0.0801752953116056,-0.0477305544905741,0.0971541068285944,-0.066366557891049,0.0320267006356267,-0.0989956839482583,0.0325488522474139,0.0605236948199486,0.141511195000299
"unsatisfiable",-0.0499902894679807,0.210973293440585,0.0309252371159972,0.00380531875668828,-0.165342125714576,-0.128024426919228,-0.141975005682235,0.0900554149206393,-0.116895932752688,-0.157999852111178
"unscholarly",-0.0686433165118453,-0.0109695515030787,-0.041398854026466,-0.0623135364483255,-0.0694491097835263,0.702850229589904,0.00837089818181048,-0.0866968306152764,-0.0717405447071132,0.0017007384329001
"unschooled",0.0153415031589515,-0.0179828083180929,0.00858815757413523,0.0763941524551401,0.0574010100580725,0.213108031635163,-0.000867186659918357,-0.00954510894242937,0.0333863899558344,0.123867160268622
"unscornful",0.0472189300334236,-0.395699955450871,-0.0280014493976479,0.0375494892027694,-0.0186310059034893,0.0165458609687318,-0.0542417142027574,0.00357243197268449,0.113304120769389,-0.00376517728928982
"unsearching",0.0152782142493435,-0.114568030227596,0.0836225278773151,0.111472158542578,0.0952496404222862,0.289791131177986,-0.0271951976689448,-0.0555893126687388,0.0945269397373701,-0.0589197981864297
"unselfconscious",0.0257538901304424,-0.179776475692909,-0.0816933509634458,0.280291357843349,-0.0865834080584977,0.207320220069855,0.00743456345190762,-0.158088939842303,0.019764172421681,0.142123985411589
"unsentimental",-0.104584477111271,0.122886348307993,0.180072805158113,0.0372202933716407,-0.153384648330191,-0.137608048913442,-0.160850040861315,0.531486079082167,0.261412288850933,-0.0539084890750044
"unsevere",0.0351132302210986,-0.172811422918593,0.0384657109354626,0.0738229538332571,0.10633727661701,0.0286497030825049,0.0539670070928946,0.12135193084833,0.0785319084472281,-0.0347869913847247
"unshakable",0.0244038520618527,-0.00662382805865893,0.0565286600406181,-0.179593206473235,-0.0603813616097659,0.042626291007317,-0.0084064677983461,-0.0306123353931348,0.137157719458596,0.0115507574197527
"unshrinking",0.0678979263958401,0.0617689823233628,-0.026522520414485,-0.0787880086551781,-0.172680398912024,0.030755557264044,-0.0804108576523418,-0.0239648665867619,0.0458420458295878,0.058872440095638
"unshy",-0.0125119877839065,0.125497324708322,-0.519110495836971,0.0829276966960257,-0.0875692491119711,-0.0312162722228324,-0.0381789603666234,0.0339941483433461,0.0623344537990983,0.0299444828462681
"unskeptical",0.110918476568479,-0.0852706175160532,-0.109602757402277,-0.0178397153251061,0.0847388621269532,0.550033069774006,0.0132218374644464,-0.157686720875218,0.0578758403507211,-0.149942444244068
"unsly",-0.703945057214951,0.086306755620318,0.00674017426090999,0.111569856663651,0.0287131868179528,0.0521891377577808,-0.020395252222944,0.0817796559598868,-0.00800706683436383,0.00263009351980511
"unsmiling",-0.063020861399078,0.244722032735287,0.335933081005986,-0.023609402366267,0.0385241441376288,-0.111838918469309,-0.0711123960239681,1.95197298002017e-06,0.0822442320791461,0.0525860102826118
"unsocial",-0.0128890347275997,0.00968472872429699,0.647966254583082,-0.00895041394830081,0.0364388240493599,0.0279168349931141,-0.00908594629330443,0.0245723931210795,-0.00588778810662999,0.0172344408929969
"unsolemn",0.0422085556729534,-0.078619549590518,0.0471527060379335,0.19957537721337,-0.115515189601919,0.154984624363684,-0.0261500758902131,0.201816590171155,-0.0539133657836959,0.0266685346848807
"unsolicitous",-0.0654987813618533,0.120584140916101,0.624782548594002,0.0868389128991323,0.0309417459833987,0.0814597848141283,0.0310082932635708,0.158705160057125,0.17332999859728,-0.117756836797488
"unsparkling",0.0129323676166281,0.0579449352713344,0.204923356587194,-0.10506648174371,0.365514578542209,0.0396888356287436,-0.0699015461228007,0.0432325214346778,0.0730887078850386,0.187086916355561
"unspeaking",-0.0405335977220964,-0.118566559651503,0.590995016049995,-0.0371447926833905,0.0490698712738127,0.073941294429893,0.0352034841587883,0.0826720467807803,0.0170019718183884,0.000993312350131364
"unspiritual",0.0440947331252757,-0.0159425563172726,0.0386589264542028,-0.0492083071680417,0.147261948050424,-0.0301860249880357,-0.0613588889436946,0.250040780497066,0.0375595470826075,0.0460435124435342
"unspontaneous",-0.0660080302425249,0.0715043695318929,0.0712039852499352,-0.328041019135156,0.458830860503006,-0.102744923113492,-0.190603366767249,0.0294092248820932,0.0134421564025404,-0.0332531368253489
"unsportsmanlike",0.0427862121912949,0.0122079770604991,0.0142776903822835,-0.00278763594369869,-0.0146072403292688,-0.0398463360970742,0.0478384884044009,0.0439144451125543,0.0870393338128679,-0.0022836703853237
"unsteadfast",0.0313933178858588,-0.0405744748433881,-0.10403811413618,0.468839182110955,0.101556585208406,-0.0413247555864618,-0.185873738614136,0.0358766935424189,-0.0723360512912139,-0.0571922626169426
"unstirrable",0.142124228056424,0.0586027551123159,0.233946716896397,-0.0835906683084661,0.347501331781552,0.029634253241866,-0.147050744736547,-0.0902544138696913,0.199081435246765,0.0222561181379665
"unstormy",-0.0110313015707727,-0.229970329672756,0.0317131987237586,-0.0160040222367543,0.181713615149253,0.0311628550098004,-0.021224936969441,0.0881426558341893,0.0448198021193291,-0.0647196668405536
"unstudious",-0.0693124608745095,-0.0542638542886311,-0.0467869855777496,0.238217555998774,-0.0502301951996529,0.529411654928345,-0.0683693565789849,0.0139102170697521,0.147919214769795,0.08714515152944
"unsubduable",0.020550180399161,0.0288002903824196,0.017522663305061,-0.0263856570178173,-0.154788698074189,0.0246187177714072,-0.0136719800063453,-0.0259101425347356,0.0614621249502136,0.0166056531749837
"unsubmissive",0.137185969397126,0.399638195228782,0.164977289139796,0.122488692127503,-0.0428163355066003,0.129450972936796,0.139949472436942,-0.182793519356162,0.150053613565196,-0.029267715060289
"unsunny",0.169697506235322,0.186968115475553,0.28291702451148,-0.00573772242625947,0.158667845508455,-0.10799574474074,-0.154915049686274,-0.0336833647458557,-0.116379525560024,0.160282193522703
"unsure",-0.0832236795370963,-0.128342368875679,0.0554469461254103,0.190417100367874,0.102182489318985,-0.0261339383370048,0.0194835593055502,-0.0389394769073544,-0.115033084943163,0.0190520906848272
"unsuspicious",-0.505365907349267,-0.160228682895819,-0.00325616906355373,0.102345749461611,0.0781216565368323,0.0740039224663029,-0.0243005143780656,0.109578311024991,0.088214194631647,-0.195809917215125
"unswayable",-0.118745105538546,0.0782926541769005,0.1137164732318,-0.191361634103727,0.0188303025046629,0.0951978090348946,0.00922149909858565,-0.0199221590722683,0.0935397767961147,0.04016315743421
"unswerving",-0.0300201047346629,0.0206928701916655,0.0727622153923849,-0.320670829336342,-0.0669117076986886,0.0978788408084905,0.0413859636586195,0.00451652896723591,0.0515672495952915,0.0812468183011093
"untamable",0.0710762780823044,0.0405533891913843,0.246239246093363,0.339687091141502,-0.493319930337052,0.10321196237252,-0.0389868513316768,-0.093838166089082,0.102638877488031,0.0393974368412558
"untasteful",0.11146706457865,0.0157064045067255,-0.0280977682502644,0.0521108382415472,0.0573716639719411,0.0338553816511919,-0.0436084265360696,0.0618607636555014,0.0157621791144508,0.113972148721747
"untaught",-0.0394052925001635,-0.0107446069360605,-0.00479335112350503,0.115801206431596,0.0397244773606316,0.0879788948402098,0.0175074131055954,0.0168428247752169,0.0382770671786807,0.0676376839233559
"unteachable",-0.14676000571419,0.13898386972358,-0.00461705431560259,0.00350864727588056,0.130559711548005,0.178769827893875,-0.0032240296349135,-0.0525421068988974,0.055234946162557,-0.0721579389134684
"untemptable",-0.265458489179049,0.0127664891941736,0.120215302160248,-0.0995303369455852,0.127067733558808,-0.0579598278582156,0.118761691893166,-0.0246330361558157,0.0700287916944393,0.0954735797227794
"untender",0.00289453245526128,0.475066781545469,0.282509812801968,0.0240545854661863,-0.0470211833893072,-0.0474099116529365,-0.0439499852909774,0.100532872458639,-0.00461822884128663,-0.0058534958583024
"untheatrical",-0.131452803345766,-0.0552281093300078,0.147370526823715,-0.0671056302823232,0.262848944005338,0.0328133624240538,-0.0893072251159785,0.0534243363088953,0.00676638446393615,0.338028616277193
"unthinking",-0.0554420831787664,-0.0353016449182884,-0.0100652576005437,0.0717317913859761,-0.000325452909917237,0.0373409528978977,-0.0128305193861079,0.0582689539965753,0.0465866304545281,0.0377312048441256
"unthorough",-0.125239581137877,0.00698827632661619,-0.0656732493737026,0.424359526463502,0.0633403896872249,-0.0737810482939708,-0.0755022063787701,0.047586369259044,0.0267021872253062,-0.0408420215580748
"unthrifty",0.00922505580966318,-0.0494681295651223,-0.0436872001009478,0.313400203342532,0.0249338835807519,0.0499943403087485,-0.16658886253393,0.0268253474513018,-0.0366978486554489,0.0581042938559199
"untidy",-0.099645075731457,-0.0593358861274802,0.0382832315611108,0.528611250939045,-0.0215224129541992,-0.0467986410769462,-0.121705170020292,-0.0336616284503221,0.0340160409987824,0.0898164021486393
"untiring",0.0615171302335376,-0.0606826857721554,0.0451555570367018,-0.197429046851821,-0.0494229710704723,0.111046219520981,0.025513335376051,0.0124499762719807,0.029735150000449,0.0512253280020366
"untrained",-0.0659957335998193,-0.0117039437483362,-0.0122095109683786,0.125634824953445,0.0310554442895335,-0.0128022433575682,0.0355118031309409,0.0199395425152314,-0.000422360255977298,0.0391475175611906
"untransparent",0.817902036414572,-0.161700560771372,0.378410004022672,-0.00607778559231344,-0.0218159312964516,0.0601744715059925,-0.0191618672326275,-0.0332747190274276,-0.0283084181900082,0.0552227226410551
"untrustful",0.85317373767771,-0.17371819806975,0.153508846208852,-0.095673745233558,0.0139721236398401,0.0961508440385623,-0.0782243825076251,-0.0842072295121843,-0.0726182191591008,0.0507740662763272
"untrustworthy",0.819251694994178,-0.195385115371761,-0.0332639060499954,-0.0525443695125846,0.0285766919414609,0.0349997532803189,-0.052039223700032,-0.0575912838456853,0.0132726591728175,0.0768552053942342
"untruthful",0.669374238691732,-0.129267524534857,-0.08649002628543,0.0190495839223836,0.0511745733677728,-0.0149012016070888,-0.0830973256523915,0.00168357414843915,0.0534264841198956,0.0175135358363963
"untutored",-0.0478929546133924,-0.0324405470357303,0.000469993772965551,0.0433013700089383,0.0390560316839688,0.0923970065521691,0.0177392471430254,0.0164614400678398,0.037762318141258,0.0501501480018973
"unvacillating",0.048867663532044,0.0288557520650895,0.0747061634727117,-0.411166193117513,-0.0677218097142329,0.126357047620776,-0.0123234214837534,0.00390312620789379,0.0408991299316985,-0.0114243459580293
"unvain",-0.0903714349092456,-0.0573837718542892,0.05289047573587,0.067245740200713,0.0844611580302047,-0.00567238675815653,-0.0344297638469742,-0.0319799356802925,0.0122036841708885,0.197540343414793
"unvaliant",0.0356786826120576,-0.00212486254510097,0.000415796607949003,0.0353833915006733,0.104677907652897,-0.00192443879003257,0.0259107334788544,0.0240374972370437,-0.0143866234917544,-0.016746134913844
"unvarying",-0.0330799240312349,0.105762356541298,-0.0271935625070706,-0.296894068982518,0.363593730537783,0.208704072646161,-0.0948192769451403,0.00463715107496326,0.113492245751826,0.130934167815951
"unventurous",-0.150800061319881,-0.0251750489045919,-0.108540583248347,-0.152248280896168,0.502700192275805,0.11901704180699,0.122322339183278,0.0731328232113437,0.112623157849282,0.018870783549809
"unversed",-0.0501277021947705,-0.0607517389367196,-0.00779046389258599,0.0910781534736129,0.0677683357457943,0.142596793847316,0.0241550465294293,-0.00614794762041052,0.0504917901675603,0.0726245734410513
"unvigilant",-0.11722215103314,-0.0333224925990579,-0.00926240860007684,0.400774878853327,0.0554651924337436,-0.094833316772537,-0.0546899344218876,0.0652852783953262,0.0508233792578381,-0.00634702371905647
"unvigorous",-0.0736074735204953,-0.0253412565128999,0.0211542033896529,0.125540868120341,0.272272860148178,-0.106141437362495,0.0310576061759682,0.0132178098866694,0.050401702239388,-0.00413362532257589
"unvindictive",-0.523482903255607,-0.182376966506381,0.0903289174311817,0.125616443373731,0.0190275408175094,0.0309093957097522,-0.0921853523768149,0.0339577557300024,-0.0490995193599809,-0.0725025566319416
"unvisioned",-0.0242913950366494,-0.082481560391515,-0.0350240648692469,0.0271785329027689,0.142048148640541,0.098328317062925,-0.00455096158087547,-0.0160129487553109,0.0948178328971858,0.0100030623270204
"unvocal",0.0264744261233437,-0.0141849060496065,0.586496015211934,-0.0713055958157745,0.178438598062874,0.140420860711694,-0.00814211641744078,0.0378394850590862,-0.0175287836486091,0.154615706005714
"unvoluptuous",0.058777980419931,-0.0845389583339979,0.0210318710186467,0.0194286296485306,0.189205687341914,0.048427786829106,-0.193210436173936,0.0094279504877818,0.0334728234617682,0.0914090925957172
"unwarlike",-0.0460159693728422,-0.0451610594352864,-0.0288458242944972,0.0290803045829531,0.15614721984773,0.0271683412582123,0.0211641970535521,0.0436958885597812,-0.110497411357542,-0.0594981529759964
"unwary",0.0619612923233727,-0.0519805878785406,-0.0822266966242004,0.186614727113074,0.0714450459418147,0.0795696680809475,-0.0536363441083718,0.0392008603279859,-0.0257998910894173,0.095575718041441
"unwasteful",0.00251010551244779,-0.0174836240729371,0.0759465378138653,-0.228568421432057,-0.00325436286793538,0.0345675327428367,0.110687566872552,0.0163734722259157,0.0545260389460075,0.0394492133220317
"unwatchful",-0.105092261864769,-0.00883255112109457,0.00447581019272092,0.26514396303521,0.0398988835962215,-0.0709456402392996,-0.0325292736159734,0.0427994102182818,0.0160540935835611,0.000205167226444932
"unwavering",0.0545193104232917,-0.00214010314738272,0.0629175843617947,-0.226738531258414,-0.0651119658558237,0.0804454247853113,-0.000344608426406557,-0.0417433392471028,0.0720427743072046,0.0620514619796786
"unwild",-0.00226909319307973,-0.0663966779661216,-0.135565197682165,-0.175095614125282,0.284366708028366,-0.0433397155249099,-0.0117490206588935,0.161375984730781,0.0568601498005292,-0.11681093221862
"unwillful",0.0292096537988776,-0.0172630149508156,-0.0303413955963464,0.128998212939365,0.205589711922441,0.106959667035884,-0.0344096949013286,-0.0382496033252998,0.0429753615773618,-0.0291726079548266
"unwily",0.0265512717787067,-0.188019336201061,-0.104991221276631,0.159064034488737,0.295961339393631,0.170673116260987,0.0367206750115255,0.0132175667412782,0.0213033804703798,0.10658842159109
"unwise",0.0389903087468037,-0.0510823966530475,-0.0893558001981785,0.16634829463785,-0.00848920546370212,0.166383942283928,-0.120893711907147,0.0124127037313862,-0.0651724256017249,0.0718207001499897
"unwitty",-0.0886281352765908,-0.0126176269329772,0.050341881726499,-0.113544501760712,0.0601638952620873,0.115001367290287,0.0466578320583545,0.0169552365560644,0.0416004844719937,0.0895532433270045
"unworldly",0.0103466274211479,-0.0915457801838202,0.154104636231542,0.0559735593487126,0.161891299453055,0.125057677130801,0.0325002337236811,-0.119316466697294,-0.0514679862911964,0.0201145684873
"unyielding",-0.00637819577285434,0.15207600543947,0.1375689972146,-0.27547054800548,-0.206026335213662,0.124331668437763,-0.11067186546725,0.0119843145504765,0.141092163595355,-0.0383500601702701
"unzealous",-0.0839054859285931,-0.0623114309266568,-0.0175001968268827,0.19419933957112,0.219680538476963,-0.0640663973926785,0.0336084124805189,0.017898335936185,0.143830090196713,0.00618591498973242
"urbane",-0.0222900861132351,-0.0121126968774397,-0.305683277430446,0.0377679026310297,-0.0451311154233895,-0.360547087084181,-0.0943957482420762,0.102567055199559,0.0609320477796841,-0.368612196891085
"valiant",0.0214408321792736,-0.00798754320842164,-0.0760427181898768,-0.110612223838147,-0.34589208591527,0.09465702474613,-0.0305145951778547,-0.198765154998275,0.131205108657188,0.128447397956255
"valorous",-0.0373298934766822,0.0147195395545977,-0.0164009316806445,-0.0512557070540775,-0.382952528315893,-0.00820665592038928,0.00710948015641053,-0.186474363026258,0.177396867616364,0.154860813477636
"variable",0.205380400824942,-0.178391185590477,0.155650232726554,0.37911948701712,-0.265579813058944,-0.200279389404574,-0.0305811224989565,0.0881124972476763,-0.0867113013794307,0.0606970350790907
"vengeful",0.0424928329951438,0.0562073207569998,0.0156344058645144,0.0042768403720077,-0.00204214477310057,-0.0292485837260621,0.0794026601184537,0.0208272838955806,0.0943173360996214,0.0172506943292471
"venturesome",0.0672949846369198,-0.148246191436013,0.11355745768365,0.217969897493472,-0.626182243220815,0.00866328625156285,-0.129103570461872,-0.00983562738293192,0.0241750663534723,-0.0245799146319594
"venturous",0.0627119762127794,-0.0838328394258829,0.0708431811086088,0.241085565405219,-0.609946277391695,0.0167898665499166,-0.0872945647869624,-0.0390337996257621,-0.0200943836657394,-0.0135879166420038
"verbose",-0.0195831543281394,0.0807280817785185,-0.217974430804406,0.135919754005898,0.0588414036361298,-0.166711482538118,-0.0873372015687644,0.0103786563349539,-0.0594917009130354,-0.0374906674832061
"vibrant",-0.0597784340193746,-0.0841673213000757,-0.203741125916042,0.161605729842151,-0.305999021504065,0.0852299321191591,0.183480223856216,-0.0223865689766119,-0.0864091895467963,-0.212316800797756
"vigorless",-0.0860060062771541,-0.0154668559949114,0.0086422403521148,0.0776458619254377,0.216056723520069,-0.0490022925269672,0.0209671511809234,0.024914706373292,0.0394367944403299,0.000162805289598777
"violent",-0.0718891360708144,-0.00941657703725769,0.0135099313979295,0.00849424902927052,-0.0120810829696041,0.0161442635934678,0.0209785547252069,0.0162179431271859,0.0648912931797029,0.0273160678992312
"virile",-0.0054779559544941,-0.106521761774047,0.00817587970804538,0.0321225275646534,-0.261601418318074,0.177275807530708,-0.76697813946378,0.122750387909806,0.0651492754116858,0.0328824637150123
"visionary",-0.0753492056568166,-0.0235959351024814,0.192629092097303,0.0950904965312831,-0.379343483730606,-0.276234089270965,0.0418880730561839,-0.0490046112820538,-0.00569965067978637,-0.243207121186235
"vivid",0.053445173589117,-0.0159085079596902,-0.113537163363652,0.194342501588992,-0.221069519322505,0.0299578730671899,0.077819085583742,-0.13864795247262,-0.12462647954817,-0.118606778761688
"vocal",-0.0559680448311784,0.150079657669461,-0.468583882503726,0.117198112112301,-0.238398316812574,-0.0893101830465886,0.0200642682639636,0.00281057838564029,0.0621330316774749,-0.0939814065163465
"volcanic",-0.0832920352898315,0.175073693579347,0.0402495649631896,0.0797031393083955,-0.229855229943343,0.0508015729506863,0.0714889402955689,-0.0121457092589879,0.0475039221227538,0.0198381787352237
"voluptuous",-0.127585780117904,0.0162183849766969,-0.0127363083548857,0.0369777578593873,-0.0108578301945006,-0.000491299473842315,0.294236004202537,0.019733661447308,0.0074328090532393,-0.103315074283787
"warlike",-0.0702346741738284,-0.0173526570222141,0.0232827296155449,-0.00435319897857296,-0.012506546694997,-0.0179660186870692,0.0209316804535687,0.0282216240007593,0.0693069474019444,0.00204075278233789
"warm-hearted",-0.101398736930279,-0.243129693606125,-0.332943014562037,0.0232316007963668,0.0275224913654041,0.0660746654675904,-0.0194201442673009,-0.143144259594616,-0.0760211037246586,0.0270488444106334
"warmthless",0.0896957697216641,0.190629343133453,0.553712357130711,-0.000702345205290359,0.0254388427024535,-0.15592969230864,0.0160745886320073,0.222136301980236,0.115697315596255,0.0313905633806946
"weak-hearted",-0.0707056347183907,-0.0239830462773578,0.00277288083456652,0.000362680597576932,0.0385437706826332,-0.0039587948151121,0.0193507002472361,0.0233556988877897,0.00385545365226928,-0.00424275971229882
"weak-kneed",-0.0584123497776776,-0.0436603634637534,-0.0034529173637286,0.0375907754953653,0.0388712646841388,-0.0245456210092156,0.0278278090425665,0.00654396811953772,0.0109179659782629,-0.00240307464709813
"weak-spirited",-0.0387396217350128,-0.0374658689849764,0.00506163674622373,0.000883354081306753,0.0385382934336633,0.000453772819398946,0.00827778040898004,0.0303798834855054,0.00129560568290129,-0.00436095002794174
"weepy",-0.0530856515654714,-0.0318331252004794,-0.00983996023524302,0.0163073373381878,0.0279122961448726,-0.0178942740319606,0.152983418966583,-0.0784619051313586,-0.0111110283973971,0.0547543847384167
"well-mannered",-0.0454564979363515,-0.171188140828206,-0.104916349633385,-0.112938415997692,0.115367463420773,0.00316182613932666,-0.020014468132355,-0.0119233867247809,0.00990339342087676,-0.117718947139967
"well-read",0.0932844655482051,-0.0296653541935811,0.0100680860149642,0.0189266865574182,0.112557610798344,-0.463443561821836,0.067629159831013,-0.0502255068464554,0.0172196813744196,-0.0130677817709952
"well-spoken",-0.00790853653474069,-0.0172172070598755,-0.171198702096387,-0.00834243480478216,0.0255926236477623,-0.223387268128444,-0.00666950901103668,-0.00997264316795774,0.0186008999430308,-0.164475600756872
"whimsical",-0.0359582347903853,-0.091357898024757,0.0136248270231338,0.28624563214673,0.00895346303735174,0.0468033670842456,0.202308356933681,-0.147178395256332,-0.191727796070569,-0.191716422944443
"whiny",-0.0753644489873135,-0.00624819977654035,0.0105085917334701,-0.00105781324784592,-5.08110007226424e-05,-0.00960861025515153,0.0301072847107762,0.0084622354686758,0.0152472215423286,0.00190840922386739
"wide-awake",-0.0143449291694908,0.00128651977768213,-0.00323638454587734,-0.0579521068198336,-0.0841607030469446,0.0340247185036517,0.025414250789411,0.0779598056287598,0.0202718722349021,0.0163104956791401
"wild",-0.0895003772518828,-0.0120810314424106,0.154142526458579,0.334155612612447,-0.40496339730973,0.147018893409598,0.0206072177505873,-0.00584465405257284,-0.015805865811015,0.0156669340370775
"willful",0.128843839088745,0.121249744925949,0.0819318888979556,0.00578266246941929,-0.310436441911386,0.0291113629173988,-0.106421157498708,-0.00146620732701481,-0.0109932569038875,0.00385455203010126
"wily",0.66529084673598,-0.130158502011372,0.0456861087288136,-0.0273319315680941,-0.165862886172516,-0.0454980578737078,-0.11764905469527,0.0349830064078992,0.0653376229672476,0.0217979504809246
"wishful",0.180043197532839,-0.162780149628997,-0.0123600553057802,0.208792437042438,-0.0606169868246325,0.0759891817273176,0.106074557483241,-0.2298333192209,-0.17339517813788,-0.0527433971341127
"withdrawing",0.0252293590766842,-0.166084775421645,0.647457777552276,0.0512645834382441,0.0615521863384594,-0.0149213420093429,0.00883982186291823,-0.0442935049099205,-0.0986643994365203,-0.0211613520423743
"witless",-0.0630763129768789,-0.0301950443730688,0.0130400282879252,-0.0020748649201539,0.0131559689439919,-0.00198783168874244,0.0152393039229431,0.0254559815881007,0.0390672950276343,-0.00300136131984083
"womanly",-0.101403726444635,0.114905744204064,-0.0571046812911737,-0.0961187059091103,0.107535610668565,-0.0757846800465735,1.07483600323853,-0.167193540270159,0.0851340396743207,-0.0885795915045999
"world-weary",0.241118969437274,0.157563835404312,0.160480408494941,0.134354171824898,0.188827987026159,-0.0431863882254073,-0.101470322834588,-0.235366274283,0.0345233417566556,0.141388900246666
"worldly-minded",0.0581806298964785,-0.0491792278714232,-0.190545576978807,0.0815955638574742,-0.223782684768106,-0.284862836234571,-0.173850313814467,0.0164135039100541,0.0785804554524297,-0.234831675776228
"worldly-wise",0.0447547941947392,0.0694841093751916,-0.0997618474785838,-0.00335084464352671,-0.0909569879619972,-0.148742629556472,-0.0512382234043823,-0.0758512853338016,0.126549467509835,-0.126818250592899
"worriless",0.0164088054523769,-0.125910343227362,0.0496125969148552,0.11157993563586,-0.0253515064283526,0.111523179929511,0.147106542556325,0.122590303243058,0.269167750208964,-0.0280707989157503
"worrying",-0.0592534990792856,-0.0202333008771172,-0.134745927774326,-0.0476472031977995,0.178931953607934,-0.0397825359208912,-0.0144238291588816,-0.162673143405518,-0.412727217038693,0.0381126613284043
"worshipful",-0.0320417631245491,-0.0785554766915085,-0.0268085416890233,0.0357491519293839,-0.02084050368012,0.0111382715334499,0.0959177124586794,-0.139434116584885,0.0168704018092502,-0.0298474626174292
"zany",-0.0927233330704583,-0.0780571829678276,-0.0113307427024889,0.224858242984296,-0.137806691462626,0.116077142550268,0.105617376379174,0.0742103393885735,-0.0714916952058872,-0.0880141470768464
"zealless",-0.0934358353810672,-0.0381131062075688,0.00485883421815473,0.101469324281754,0.115967205542857,-0.0232328460206058,0.0181345522843647,0.0455953936238619,0.0979631441907773,0.00197988858754415
"zestful",0.014699907908279,-0.100122354389413,-0.192894594368952,-0.00495679253330544,-0.325796371329447,0.211789279167249,0.0160490986298861,-0.1249742725177,-0.0929903526061838,-0.0738592467307361
