"","RC2","RC1","RC4","RC6","RC3","RC5"
"active",-0.0980173825010111,-0.0936839254164176,0.0270521093762839,-0.288282198138067,-0.0700358401020928,0.0234298626124025
"agreeable",0.053330765500234,-0.357041429856535,0.0577974083188678,0.112509356980758,-0.289852158283263,0.065342367224688
"anxious",-0.223843753741155,-0.0108782846118622,0.101427157889029,0.161589136595309,0.0618680005158407,-0.134060139724391
"artistic",-0.10848769224083,-0.0216792782242303,0.358909618794126,0.235743103118613,0.138338298989698,-0.143785464021644
"assertive",0.0281071567840692,-0.157613438671845,-0.100880868862334,-0.438005476864507,0.1336381875189,-0.0106704538797985
"bashful",-0.0868890541947003,0.377385686526371,0.0758889983199388,0.226125988248771,-0.199814450378088,-0.0590755017771967
"bold",0.0193618155730693,-0.092376248542347,0.138634486393726,-0.465549691572353,0.0157843752533068,-0.0590269791980246
"bright",-0.00607849692082988,0.00774847268007799,0.0690991694419193,-0.0442249409625126,-0.0399869647359554,-0.169689054804388
"careful",0.00376861781478563,0.0271457224375391,-0.389816071758678,0.118511033411673,-0.0384424117107418,-0.0281374356830582
"careless",-0.0530141140941789,0.0396761361859574,0.435113150484887,0.0433138180767256,0.00522569823048821,0.0516707268720733
"cold",0.112441156882371,0.508210688690813,-0.0583608668843872,-0.0359913692939798,0.163429507801582,-0.128571060940241
"complex",0.0769122949423251,0.125471944522133,0.0667007837734553,0.0180321656582051,0.0395551323646691,-0.274401773501456
"conscientious",-0.16935298199435,-0.0298043107389992,-0.41329891586348,0.0206847473159611,-0.0337103347211234,-0.00251890279315409
"considerate",-0.139162624377386,-0.197827043210183,-0.00432582836816218,0.124018101459801,-0.248261780747315,0.0415440366240042
"cooperative",-0.0377473737339302,-0.233594366703808,-0.0173725769532695,0.0117240591859264,-0.284868275033705,-0.0150556772169272
"creative",-0.0499064469405457,0.0560237177031784,0.197122915337035,0.0616922077295433,0.0233134904081842,-0.119561064896967
"daring",0.002602759586524,0.0570935476794201,0.366491709740044,-0.523685530112687,-0.0756801940683116,-0.0450003208773628
"deep",0.00735162157943655,0.0958762460323918,0.0265580730709973,0.0760707789562667,-0.0143197054325868,-0.163822568352512
"demanding",-0.117192169117792,-0.00746246988390156,-0.241338405567636,-0.409671314255705,0.277867140055293,-0.190785373429647
"disorganized",-0.120744367335283,0.0452451300056447,0.406553569843532,0.07102141731274,-0.00615806800625454,-0.0242824417356309
"distrustful",0.563195706378193,0.195898125505015,-0.035975488208447,0.111361046126867,0.102689171918283,0.0866120948482466
"efficient",0.080342390659869,0.0148420286884479,-0.277951967039463,-0.0790277083163211,-0.0176732555750609,0.00815614554879242
"emotional",-0.108481577719884,-0.370003761304501,0.221262425100527,0.157130549777279,-0.0249522987230634,-0.0669541539558644
"energetic",-0.108558826066472,-0.223972711411124,0.083491279614269,-0.299764207199033,-0.0277629730885826,0.0391708103237953
"envious",0.164013090331676,-0.0712325925469754,0.0837956630938916,0.0477591706874558,0.0105586761610043,-0.0018398730350576
"fearful",-0.0799980975063183,-0.0238836632808638,0.0456928194746507,0.117758690480034,-0.0308091820067958,-0.0172873846283093
"fretful",-0.330918053070628,-0.108991629304211,0.0287760367872238,0.194468911335916,0.312794057455775,-0.14144816122764
"generous",-0.182339147310911,-0.188869849701094,-0.00210744936058822,0.0142249047992634,-0.0729490221165031,0.0102691832877237
"haphazard",-0.0916929555895756,0.0630342211734957,0.409332616378123,0.0340086189583272,0.00346303827040411,0.0176275781613825
"harsh",-0.159311795043772,0.0275534780902942,-0.154287145633228,-0.255458030050215,0.556183496155324,-0.0238136381976995
"helpful",-0.0332518280252275,-0.176700485898962,-0.0739761264145741,0.0293141006401954,-0.0933952366451474,0.034617135229404
"high-strung",-0.260846306616623,-0.104032208902329,-0.00409814582836512,-0.145095496041683,0.302831067501508,-0.180701269573439
"imaginative",-0.0199037973197516,0.0510925488358932,0.253521777864086,0.0691045973883057,0.0172713918900995,-0.210450458610724
"impractical",-0.11194690375114,-0.0190525893124021,0.246645465860578,0.141292120524902,0.0340506854518976,-0.00553883943115754
"inconsistent",0.0104940467176424,0.0164354172246495,0.431362799580894,0.099017251346811,0.0121205359887729,-0.0211782722077152
"inefficient",-0.119794678764885,0.0080687746367361,0.304012476740699,0.0793610453898806,0.0271350116533009,0.000691649070236846
"inhibited",-0.069559313954177,0.471888919593001,-0.0167642349597678,0.275472116923696,-0.139765764353226,-0.062798196797089
"innovative",-0.0775589335915064,0.181789159996899,0.209498775026928,-0.219012889914961,-0.0589047924994186,-0.375944966172718
"insecure",-0.081388270802529,0.114452894324699,0.115658512119411,0.180326825673491,-0.0394489706904079,-0.0964140079727312
"intellectual",-0.00542076390767357,0.131092731317162,-0.0880752610895255,0.0314274762215864,-0.034200619639991,-0.289647984604541
"introspective",-0.00674191810438582,0.254306637219542,-0.00980699228832193,0.304033701735535,-0.082802752211614,-0.320914306135829
"introverted",-0.0515337732970387,0.57259535617545,-0.0726571989235072,0.402016968487388,-0.0832775746167491,-0.0682184705095825
"irritable",-0.233775460597834,0.0184613056436573,0.0323118896735962,-0.119593630110166,0.459666913465636,0.0220379088063923
"jealous",0.0958492794366007,-0.107272883199301,0.0410122364916741,0.0323560868838832,0.0719745452415125,0.0286018735875555
"kind",-0.0877790113461575,-0.150584255691094,0.0205917759480593,0.102265109774217,-0.113791786925317,0.0372767128531845
"moody",-0.086854438998677,0.134160522628226,0.121901795806887,0.0464209716916658,0.22948715469665,0.0224557007569697
"negligent",-0.00673490976931218,0.0968742415907988,0.28337740765676,0.0569813830421886,-0.0277587764228696,-0.00583507520085306
"nervous",-0.118860757596429,0.027297380928589,0.116752120001916,0.155130710895747,-0.021642608895902,-0.106580034399599
"organized",0.0727235824778434,-0.0391557684419919,-0.37107730121285,-0.0294540477143129,-0.0156004937412972,-0.0277952231119569
"philosophical",0.062682772998241,0.105708406069918,-0.0345612855170292,0.154402271919385,-0.0594640896069643,-0.264975239279083
"pleasant",0.00257135245821209,-0.182977250485322,0.053016052399042,0.0708217818703487,-0.0976069377248299,0.0403932651970908
"practical",0.0741776305293508,-0.01576952573187,-0.340775947650487,-0.0272295725676528,-0.0530156047237884,0.128543163334733
"prompt",0.072730295020176,-0.106784194612586,-0.339454108567071,-0.07303876098169,-0.0226690237448148,0.0209444569519319
"quiet",-0.0321812858913734,0.44723572737037,-0.235236019563512,0.417152610364478,-0.152208455685829,0.0284062162205304
"relaxed",0.239723437054297,-0.0979627127189213,0.222788627296987,0.292720292210519,-0.28420965423826,0.230308442937938
"reserved",-0.0446689824642432,0.629444882827165,-0.233731472038421,0.343052322536625,-0.100694701928297,-0.0836104373038437
"rude",-0.0800524274117329,0.0731531816455302,0.0311906464696024,-0.0708633048099155,0.406435047710687,0.00659194438561032
"self-pitying",-0.057432034722316,-0.00941404225999294,0.0384985059722435,0.0765288392729722,0.029688232646313,0.00215257608152758
"selfish",0.578228445849947,0.0491800556820287,0.0487889995603109,-0.0119026714760842,0.0224839010179869,-0.0121800608906619
"shallow",0.098597328715361,-0.0634211702092291,0.0258088812138507,0.0262404816898935,-0.00164403453530701,0.0315130957344479
"shy",-0.0929733034065256,0.43828532438758,0.0629788524486759,0.266175966907956,-0.202892337277892,-0.0604843670989994
"simple",-0.0492199442965325,-0.0837204194635335,-0.0286010158619307,0.141051041834901,-0.102955564524143,0.372631640579518
"sloppy",-0.0796771483439131,0.0353058288663982,0.197635936108738,0.0347753998677355,-0.000120062749688453,-0.00058129215610657
"steady",0.0496933709990689,-0.0132071078582616,-0.37743773137696,0.0442747085185495,-0.0632420948796147,0.105031613072073
"sympathetic",-0.110271788004566,-0.267152285522316,0.023664457348796,0.149422759187208,-0.274760701096825,0.0181516868876986
"systematic",0.0564953304062766,0.0441739463875466,-0.411409276372517,-0.00831379236635909,-0.0245034728340528,-0.0558373400340002
"talkative",0.085775115947507,-0.556079636651062,0.226598149026567,-0.118879072713844,0.0961901496354261,-0.0265659164004125
"temperamental",-0.2129984841003,-0.0410784798630459,0.154639703983836,-0.176340399742361,0.452219552248083,0.0166213362674832
"thorough",0.0299856518895206,0.0193247378322161,-0.307764252271201,0.0196235240156368,-0.0196176767055833,0.00263078503405209
"timid",-0.104611934156626,0.110651559616462,0.0239360633600519,0.182752269779253,-0.101758425352236,-0.0580358032359573
"touchy",-0.181584494396527,-0.0857608815272572,-0.00515464074164454,0.0629464865216462,0.480446615825479,0.0103131120428692
"trustful",-0.646765332061123,-0.165612296329798,-0.0291463735679576,-0.0236819296503667,0.0832669203189914,0.0154014276279257
"unadventurous",-0.0194673767497395,0.00181554589544938,-0.337622197302132,0.477713724666054,0.0396214099952294,0.184209665477508
"uncharitable",0.228011838503831,0.0231731252509868,0.00384243984234693,0.115967942364503,0.352287611694773,0.058252374873587
"uncooperative",-0.0696376265541645,0.192650938078526,0.0389334010461369,-0.00143533229930468,0.265479035504934,0.0765698075334671
"undemanding",0.0992895606633502,0.057684366007448,0.209162191646325,0.294593066178702,-0.236761128904765,0.153968060667987
"undependable",0.248759371628421,0.00975420337404695,0.284879535682038,0.0979617752882534,-0.0477791849517704,0.0390329431048083
"unemotional",-0.00515320048903407,0.42090899836631,-0.0827612263642947,-0.0523755919719806,-0.0687515417178505,0.0311214752153883
"unexcitable",-0.0366723199325005,0.260605673656913,-0.333081908573156,0.329408923103278,0.0214323361503623,0.111616311741197
"unimaginative",-0.0628204063592203,-0.00604912759484427,-0.0962279999256507,0.00622701049731509,-0.0296984081636473,0.126348202019065
"uninquisitive",-0.0703424127084588,0.00503269943550982,-0.00321519836032417,-0.0152483577345077,-0.019024153255163,0.24180689197849
"unintellectual",-0.0401479037019427,-0.0241150717211825,0.0214507159153468,-0.00498633901050059,-0.0524100383796083,0.176920495969937
"unintelligent",-0.0508679797638435,0.0139939269975796,-0.00410753910557318,-0.00947356781009864,-0.0320598198707706,0.0429001606208979
"unkind",0.260566125979119,-0.0237392071223909,-0.07318079980608,0.0207969982690869,0.392923702321341,-0.0174447350677878
"unrestrained",-0.0462779445313242,-0.0345186778022268,0.476549235189333,-0.287029335268907,-0.0274765365350655,0.0184889626202162
"unsophisticated",-0.0467449786173883,-0.0105632708191533,-0.00547662313393301,0.0529980688977251,-0.0511660047439149,0.428291825721506
"unsympathetic",0.205143100910594,0.174723581398114,-0.0364751135997744,-0.125323282143381,0.390219470969217,-0.0207023113598608
"verbal",0.0806414591355,-0.408385089713057,0.021859271933804,-0.0798551667576483,0.0530098430802063,-0.217747403437078
"vigorous",-0.127881510440069,-0.070051451608159,0.000156029251096986,-0.422490807536863,-0.0460067226515265,0.0463947069830205
"warm",0.033705183163964,-0.515930224148924,0.0805439199107768,0.07799932399695,-0.216980750564225,0.11323944906574
"withdrawn",-0.04464358012406,0.678167657751797,0.0682336862344022,0.170548631292524,-0.193937407137279,-0.113342626319564
"imperceptive",-0.0257991912618191,0.00261202386666543,0.0642309004551816,0.0113009537403861,0.0212611137657499,0.149186968794107
"imperturbable",0.255038064427755,0.206262194775414,-0.295868872419546,0.171917605846974,-0.28679177678361,0.0582548585796492
"uncreative",-0.0538933426391045,-0.0166378055902838,-0.0941867528919281,-0.0230737015263842,-0.0614509842934515,0.127886955250321
"unenvious",-0.165653586359423,0.114407345203181,0.0327907489726295,0.0734168755539447,-0.0450328439754341,0.0456365814084814
"unreflective",0.0740690157322317,-0.0557174550352059,0.137790471575439,0.00125923304130146,0.00119526320776225,0.247636935314555
"unsystematic",-0.111681203193093,0.047171127962575,0.490513015933056,0.0538640215106866,0.0346158185785643,0.0337775903782494
"untalkative",-0.114374936014665,0.728145632343817,-0.0815907837857135,0.10853749689758,-0.0806098764856079,0.0338571275018717
"abrupt",-0.191867502972935,0.260949324258196,0.0966656378997178,-0.281372157816674,0.393993762551003,0.015204616222993
"absent-minded",-0.134018874777071,0.157241814468383,0.401793232821762,0.132576585909092,-0.0928833342730826,-0.0527017340359872
"abusive",-0.0300165180774327,0.0042509939552025,-0.00125747422047091,-0.00500136228831275,0.024955376323724,0.0173835018057473
"accommodating",0.122907785101133,-0.414991312304862,0.0595744188986228,0.155741924383385,-0.355977255006041,0.0493681376643835
"adaptable",0.0943681886997029,0.0249179355951281,0.181017573743481,-0.148620482164048,-0.181921779211715,-0.199397476657779
"adventurous",-0.0821682437396024,0.0405556327814573,0.322300630427105,-0.386744914099435,-0.144002994991416,-0.0500008892721914
"affectionate",-0.126356350739508,-0.460859773863869,0.0590852676164931,0.112111284577757,-0.133487882081613,0.101510158877967
"aggressive",-0.0310130699832631,-0.0206718665580581,-0.0351708824108981,-0.365275821765546,0.210546986275771,-0.0231293140447443
"aimless",-0.0825115551746349,0.0264693439832578,0.176112588062696,0.0558039725893572,0.0222803489084225,-0.00564557747617235
"alert",0.0245289678422954,-0.00475162560662153,-0.077278648355857,-0.074831727079081,-0.0190982244718987,0.0120838289524399
"aloof",-0.0246576342411224,0.721794549281506,0.0822657289525007,0.0569283947065007,0.0222219441775951,-0.149731223824099
"altruistic",-0.382005917787669,-0.227636029511141,-0.068918519366305,0.0528631481736563,-0.180843335374701,0.00817141095462693
"ambitious",-0.0134813707091511,0.0704153405088142,0.0144189388856907,-0.326718095266909,-0.043304032464095,-0.306713395657088
"amiable",0.0424065029410277,-0.485437254488643,0.0665132401588837,0.0956665704523523,-0.229950681979859,0.134828293937735
"analytical",0.0303463203065744,0.175575631515318,-0.199663742455853,0.00360242878825127,0.0200008342170153,-0.292570867655706
"animated",0.0447989970847422,-0.393484652771848,0.36284482620548,-0.207276643137385,-0.035582540275349,-0.0203034445241966
"antagonistic",0.203522777652369,-0.0293501096716959,-0.106029422905544,-0.13052108306315,0.446998378560472,-0.00680420727088557
"apathetic",-0.0622586671094711,0.120861270364405,0.0622910568223316,0.0236288741151916,-0.0302825616254955,-0.00235739433964785
"argumentative",-0.140294157266525,-0.0678015834433279,-0.106807184613674,-0.219645672603508,0.559836813610633,0.0424802537589846
"articulate",0.0314190837946867,-0.0867876914386621,0.00925205568213782,-0.0206662900021278,0.00305055744841069,-0.181321066382616
"assured",0.034773684044923,-0.0219339772036544,-0.0669070977027135,-0.141534528032887,-0.000760273205172042,0.0220802104673676
"autonomous",-0.00115342380599068,0.157007876404298,0.045649926355604,-0.149304664646629,-0.0703902577519494,-0.0832233385592197
"belligerent",-0.142083862375567,0.0129157349507877,-0.0122345671813719,-0.154185370158137,0.233711553860446,0.0910862149910375
"benevolent",-0.225289928406056,-0.0961636065420508,0.00495458075269087,0.0419119875552717,-0.222486092292438,0.0109115101070823
"bigoted",-0.0652621981889638,0.0158065328346351,-0.0126864176135149,-0.00832102778299498,-0.0138129505173563,-0.00326429602217109
"bitter",0.080352510376891,0.0819449283073898,-0.0172373008203128,0.032052902538603,0.209837829920885,0.0259466914004632
"bland",-0.01490358681407,0.0693031088813063,-0.0683681480926926,0.112163736100999,-0.0239592314064892,0.0524650299748159
"boastful",0.229727093667414,-0.0836723001478626,0.0880591322968504,-0.225430410707458,0.0585751666894295,0.0279029366132528
"boisterous",-0.0248273588520979,-0.14366039991021,0.288937866571947,-0.327409146363668,-0.0235572623095581,0.157831255550748
"bossy",0.00536576225620968,-0.256079514494698,-0.269922752324415,-0.278570819007525,0.43796603916538,-0.0605723420905995
"brave",-0.0304606895650599,0.00652530280104324,0.0450364342253814,-0.242344343249459,-0.101864911810816,0.0706604358206123
"bullheaded",-0.00605016767672144,-0.0136198395800122,-0.0884482514695282,-0.416057723603035,0.306461803156954,0.297779346328253
"callous",0.235855190380685,0.0351714710382985,-0.0231007014817674,-0.0266308589205989,0.192518772589667,0.00441738468508237
"candid",-0.589285693848992,-0.223326039633674,0.0249546432124612,-0.0963283716262334,0.177827745539425,0.0136466225072629
"carefree",-0.0446152812864992,-0.0838387274440118,0.409774017804069,-0.0599789153456984,-0.133244530455767,0.130932584518993
"casual",0.0768803415302527,-0.00326557046610005,0.480963864557315,0.0905736294558503,-0.202837248865793,0.1850377260021
"cautious",0.0223829760114741,0.0924502890532581,-0.426439730744897,0.359940633105592,0.0104051053580425,-0.0537166632266368
"charitable",-0.259899239704531,-0.221821234666414,-0.0585668140823111,0.0205135400710024,-0.149085487382378,0.00448213294519014
"cheerful",0.0533347342703322,-0.497716851280721,0.10378645172561,0.0216432589571603,-0.175590454379379,0.149124102405343
"clever",0.0660004550704873,0.0789270711169969,0.0305797133456992,-0.0207031024711281,-0.0185998003536221,-0.14451330260183
"coarse",-0.0791143559877043,0.0861557404368682,0.0743596959679509,-0.0773263577295533,0.0984470254702807,0.17213043815439
"combative",-0.0964126255679101,-0.000578396924787647,-0.0494414212070789,-0.405130298996253,0.291631602196717,0.0586495426093954
"communicative",0.017747365151068,-0.585504926593408,-0.0286548653864365,-0.0580194848844112,0.0691485872772678,-0.0623486312980283
"compassionate",-0.165810575334537,-0.177062343111084,0.0199255331242595,0.114447625849287,-0.227602373603157,0.0399110610999081
"compliant",-0.0069935772778307,-0.182490551623999,-0.254870363249585,0.271437344494653,-0.23432901594618,0.0499590916167622
"compulsive",0.109192696004634,0.0118684282269316,-0.13518201846279,-0.0578976208628658,0.224507489466922,-0.0301806292968681
"conceited",0.186861317411895,-0.0144995465091784,-0.00805069885423555,-0.0309541628622237,0.123831206939075,-0.062036890965884
"concise",0.0833261040798709,0.080014734589873,-0.290787300266393,0.00590864669377502,-0.108188938927034,-0.0850184646140068
"condescending",0.209816999859134,-0.00339973433579948,-0.115305214265089,0.0172159140037189,0.454669800756666,-0.125257392530552
"confident",0.0278834761905264,-0.0445464903225593,-0.0100346810546141,-0.18917707454301,-0.00879766554646545,-0.0123493221231174
"conservative",0.127567773013391,-0.0198212628459053,-0.529520344264633,0.150233643113604,0.0757992652682322,0.289632895725652
"consistent",-0.000904791215176999,-0.0258444566672448,-0.368840562578663,-0.0258813388135585,-0.0333108266598695,0.0531730787683044
"contemplative",0.0636324048733865,0.154734113887437,-0.0458948203331412,0.201892522648692,-0.0374833078608748,-0.164011674682829
"controlled",0.112079024692168,0.021458861119626,-0.40956569478979,0.0208044136174733,-0.0920475311128383,-0.024510216296074
"conventional",0.0616124540301608,-0.177602242373994,-0.572445034653672,0.216550042279914,0.0504313310353109,0.411265619119188
"cordial",0.0484154340147941,-0.465742274723778,-0.0102950595066617,0.0288568379209882,-0.20221595367941,0.0647803609808038
"courageous",-0.0517715909769283,-0.0133165513909053,0.036990882528016,-0.253598886325918,-0.0701481602566385,0.0366808173837897
"courteous",0.0388693095510615,-0.166512483029567,-0.0382535960676954,0.102634431794138,-0.204085370442562,0.00524962447892693
"cowardly",-0.0326211113155942,0.0106062316326607,0.0227240747520397,0.0435851584284837,-0.0217829705342069,-0.00102758585670128
"crabby",-0.197862323977172,0.0397923470571991,-0.0894278823315058,0.0159181171330185,0.499571321598454,0.0963945113601508
"crafty",0.432124010694478,0.137166856165597,0.181412687746857,-0.02109076682965,-0.0358651749664622,-0.101403593930335
"cranky",-0.20143234648307,0.061933224925787,-0.0143166697869382,0.0207042384798468,0.429687842351141,0.178826712849835
"critical",0.0178393379114866,0.145207092785795,-0.149447047080514,-0.122682819807404,0.234733182611606,-0.23577249519524
"cruel",0.0916692013529118,0.00677204259614414,-0.0134866322206923,-0.0128663931406919,0.028134330185495,-0.00671274625840849
"cultured",0.0209531894249349,-0.0728512011994516,-0.00251847723129302,0.113187838731468,0.0460020441909401,-0.331543608600375
"cunning",0.656454200759807,0.090175183790254,-0.0299684577635364,-0.142933697298724,-0.167929893343691,-0.111061637562599
"curious",0.0629657732279349,0.0316538260050219,0.110446360764307,0.0828955030527333,-0.0517751819673067,-0.203849820492554
"cynical",0.382521489486707,0.120976323049027,-0.0280528771330333,0.0500727429995658,0.325379141934808,-0.00355427132695022
"deceitful",0.862934852397888,-0.065294990847099,-0.064958204870093,0.0347163362587519,-0.227198107484751,0.00533227562086847
"decisive",0.086403339846878,0.00166994543668866,-0.261150065067143,-0.27937443628938,-0.0221528339785134,0.0238614382216672
"defensive",0.00139693284718031,0.150180082765979,-0.0813791182597555,0.083396321787204,0.260048114343485,0.154247386960977
"deliberate",0.0933177543606772,0.0203265712824287,-0.352364078101843,0.0218616489154728,-0.0199035219180967,-0.00232507111277522
"demonstrative",0.0447647475680295,-0.582079383396516,0.0866108173140757,-0.0557780447886329,0.0369116991029571,-0.0244667785011268
"dependable",-0.094949642840835,-0.0468218466738177,-0.201994243958289,-0.0554701804546345,-0.0387775948699096,0.0547964921806834
"dependent",-0.0546237068272137,-0.0627717581372215,0.0766446043338305,0.125284807401599,-0.0427286383950445,0.00944858126625841
"detached",0.0454223228602798,0.716507027905301,0.0872921393286502,0.0743513044839107,-0.0423695532265685,-0.111025334545293
"devious",0.880151909515609,0.0131845086863933,-0.0275891358523388,0.0257951058225378,-0.230432526941761,-0.0239771510781478
"dignified",-0.0513390399748704,-0.0201660123205833,-0.164306605067846,-0.00936257549949573,-0.0533479336778911,-0.0991918273193117
"diplomatic",0.186473039046847,-0.270475335667284,-0.190471223129545,0.0597429074218288,-0.348772928310818,-0.271679422515481
"direct",-0.127877086736682,-0.195900568076664,-0.136038334168004,-0.245058533621797,0.181574444802359,0.067200732534865
"discreet",-0.0446273681188673,0.241412289385078,-0.143786747543712,0.161410106809699,-0.17078122288466,-0.182831021860753
"dishonest",0.768747657586854,-0.0837044737211287,-0.0166692845401466,0.0367993365796466,-0.168812820220788,0.0174112840818053
"disorderly",-0.102230026549622,0.0709498453379302,0.343798420888797,-0.0310083538871323,0.0063197202309784,0.0446829320397442
"disrespectful",0.057462964527621,0.0211172709760541,0.0478642141914935,0.00668102350762267,0.2074905120087,0.0460986743052775
"docile",-0.027845023259395,-0.060855688966447,-0.0814330535022464,0.296322105763788,-0.152708625081408,0.0820060468293901
"dogmatic",-0.0537643853495204,-0.065830588174595,-0.311339402994194,-0.0788321890143434,0.332014218916976,0.228992029367974
"dominant",0.069788055892242,-0.0632990146283554,-0.138615156381803,-0.4671436005764,0.186179388446787,-0.0933129008578724
"domineering",0.134676665044338,-0.135068922261138,-0.251166409702156,-0.317392441129301,0.356879868472891,-0.0666438337409163
"down-to-earth",-0.132599414962465,-0.254510310714496,-0.0764224862110301,0.202094453009827,-0.0602686550399932,0.367035210084417
"dull",-0.0393142773560043,0.0636273761124043,-0.0634205718344939,0.0708783987869992,-0.0249638059685463,0.0717113237329943
"earnest",-0.221869451234607,0.00942004238619712,-0.086214246412968,0.0238343733672351,-0.0159056834074525,0.0438825992311665
"earthy",-0.0938820279601023,-0.148977496352913,-0.0265685197340138,0.165417584192076,-0.0188566105795687,0.37287433845684
"easygoing",0.188085673098629,-0.22078399933003,0.373687699396957,0.222856232395425,-0.304145343459272,0.187020747576187
"economical",0.0266537464135326,0.0240211155128768,-0.226634457211653,0.0668055569445486,-0.0177885233793495,-6.98097135614682e-05
"egocentric",0.430324565997278,0.0220027447558005,0.00264900648750117,-0.0932066877557537,0.23285767341026,-0.0796698639831157
"egotistical",0.357464814659917,0.0116701537371089,-0.0395216466093894,-0.16282729594684,0.284081817323775,-0.101172588006134
"eloquent",0.082382244876333,-0.196458736285255,0.0730585221030035,-0.0363337286541575,-0.0592826531141371,-0.399963889914477
"empathic",-0.11957309169062,-0.413824759009348,0.0192587712034532,0.0899349367616612,-0.278167340558686,0.00688452851185663
"enterprising",0.0166239248653473,0.0447243221570399,0.0929707476218616,-0.273860815836184,-0.0509183966426809,-0.174623840633379
"enthusiastic",-0.0447623582422052,-0.117766399405804,0.089887723424557,-0.0926509795560548,-0.0253558839162877,-0.0109445175518114
"erratic",-0.0814863941272951,0.0512423915265376,0.374703766037652,-0.0660561169720032,0.0637208103928324,0.0553469296609435
"ethical",-0.534901552592333,0.040956789007017,-0.055929297124053,-0.0721711044914634,-0.0300065553529156,-0.0389568748251253
"exacting",0.0489500802555818,0.116631709230425,-0.406263877149789,-0.0332702871415037,0.101107758270191,-0.0910056865968216
"excitable",-0.106631645873403,-0.229169518568034,0.358222749460345,-0.167946283965231,-0.00623498320373818,-0.0242328341233047
"exhibitionistic",-0.0483278606787205,-0.0789921884902025,0.19050833473732,-0.154711039188841,0.0164021671319982,-0.0527086487526899
"explosive",-0.11851140448572,-0.00370558076970797,0.227970393711184,-0.406242031726616,0.0707864468581387,0.0350720752606719
"expressive",0.00714351977367458,-0.445482919076056,0.279548668401139,-0.0111677007578187,0.0119313109028839,-0.112682892905571
"extravagant",0.0632724415281154,-0.0792105202798137,0.234856642104263,-0.18660810621931,0.0342352803234803,-0.1844020754172
"extroverted",0.071461403661548,-0.570597653535491,0.167068232596196,-0.357882253772044,0.00181405828109974,0.0798533976426738
"faultfinding",-0.203744189145417,-0.0245560565512137,-0.164420288850227,0.0166342176281893,0.602568554703921,-0.0914854624714984
"feminine",-0.215907571167215,-0.444754833485072,0.0527375957244734,0.277857361638655,0.0324515731851947,-0.325849528647263
"finicky",-0.0636345113707948,0.0611410154742368,-0.10424633416031,0.295831895589748,0.382291356914401,-0.13314336333007
"firm",0.0249428251523005,0.0275016435048742,-0.235896733659986,-0.147836513626008,0.0187449467073038,0.0605029760629573
"flamboyant",-0.0901323072265862,-0.101923228839711,0.231281671567062,-0.0869942329492605,0.0307063804166763,-0.123761864344139
"flexible",0.173129573996324,-0.0725751970308486,0.265818841642823,-0.0548698164455898,-0.27633749059825,-0.217377200762758
"flirtatious",0.0754814157408847,-0.110587595318059,0.205597826909933,-0.106638792516153,-0.0440347261823993,-0.0172901475723604
"foolhardy",-0.0170934535095497,-0.0128182464209914,0.236254237856527,-0.150005242950593,-0.0275154443336877,0.171774956521712
"forceful",-0.0113895128580925,-0.114533371839063,-0.142351639526085,-0.578697716991672,0.233189080815032,0.0479557030304675
"foresighted",0.0445652172117779,0.0669954541405655,-0.297957841449207,-0.104261856210559,-0.055449300848787,-0.214566803724814
"forgetful",-0.142716453425331,0.0481894950695899,0.327468836261729,0.0721544156978125,-0.0795306721920413,0.0170008175605504
"formal",0.0733352798999659,-0.0403397183262947,-0.45053947998672,0.0493954167304147,0.0555924644684089,-0.278556771960631
"frank",-0.552002201886057,-0.158000316880888,0.0317220965872308,-0.0963427563610939,0.199458862355757,0.0385581943845025
"friendly",0.0187495373256919,-0.367487585702826,0.0446401604490977,0.037299359299193,-0.0713711944868849,0.0816921056572311
"frivolous",-0.0354905265466459,-0.0283051561310366,0.130871379282606,-0.00044624708276614,-0.0154876003234357,0.0160181598979356
"genial",0.118113179336923,-0.490695009423492,0.125326047961185,0.112583541998849,-0.264793736181787,0.175924139398649
"gossipy",0.160443444798518,-0.222355715564253,-0.0110135155701398,0.119111175311634,0.037825512073487,0.083841510719469
"greedy",0.409731668569605,-0.0505492429831848,0.0103413751048885,-0.0553621744696407,-0.052403561521303,0.0447934606638006
"gregarious",0.0676160451418153,-0.575202091410085,0.197934316107634,-0.233285807323534,-0.0357432638931614,0.0683636596706816
"grumpy",-0.138811518507121,0.17701822447692,-0.0815362324292717,0.0231763553935115,0.343992038372419,0.163104508882958
"gullible",-0.0436952932659641,-0.0597046430559616,0.0970387103093427,0.0671559436687273,-0.0544628996430938,0.0654402561639009
"happy-go-lucky",0.0180501210770763,-0.267443366251484,0.364592957773544,0.0134554209982323,-0.129492106831217,0.220867070153798
"hearty",0.0196338370622752,-0.297318569878819,0.00326111074047674,-0.0860751783423788,-0.0352427021597795,0.311305661023488
"honest",-0.591436407069508,-0.00377141411594679,-0.0228579115893146,-0.0642786116442648,0.0675059257115003,-0.0122493667176185
"humble",-0.312909871354071,0.034522028787931,0.0547077800217846,0.209686212503962,-0.296587894601782,0.134376308462406
"humorless",-0.0458457946655077,0.252029245839422,-0.17265827883509,0.00120755400558021,0.0313171054064914,-0.026317331727752
"humorous",0.0277551958788515,-0.299291163135975,0.157135906695659,-0.00791539566613902,-0.126837256447205,0.139552777058575
"hypocritical",0.593193087516513,-0.110545055401868,0.000549062567562176,0.0496124457403604,-0.0674793918976486,0.0548663896849195
"idealistic",-0.294914837167682,-0.097806864721164,0.235533739884662,0.0649647114808199,-0.12790651913332,-0.212242642710744
"ignorant",-0.0569560932517578,0.0137281556682299,-0.000842597591984854,-0.000417008396472286,-0.0167129967909672,0.0403111428270753
"illogical",-0.0542768257346575,-0.0470715302706932,0.136352632717747,0.0139805729162314,0.0094063216733843,0.109931870847548
"immature",-0.0433146474789543,0.036566385387454,0.137823402596898,-0.0040827115317719,-0.0173872455897328,0.0102166551461909
"impartial",-0.379595897137341,0.212755665295978,-0.05727994489303,0.022732466655648,-0.339904704924933,-0.127293469913691
"impatient",-0.283601947574109,-0.0231495115262868,0.301927025241133,-0.372674643673013,0.342805552504816,-0.0862349959440093
"impersonal",-0.028691836204435,0.652995427093947,-0.00832309548038015,0.00848110815101912,-0.0728016828311931,-0.0936307163510245
"impetuous",-0.146992619179116,-0.0544586110251229,0.373855900379707,-0.255963578604012,0.0877145023349759,0.0685302421984171
"impolite",-0.0574971413704995,0.119422009063048,0.0499437146909436,-0.0672751054297634,0.314966814608894,0.0210668667086878
"impulsive",-0.0616646535885316,-0.0759742007594173,0.541524067703528,-0.208225488071003,0.0504356707801836,0.163147081401599
"inarticulate",-0.0749772437733555,0.191845888521251,0.0634265580470791,-0.0178896998279477,-0.0943750105177046,0.0949830192511983
"inconsiderate",0.227544944170139,0.102538360392921,0.0735222062319718,-0.0290154545506395,0.262780042844756,0.0272217831209862
"indecisive",-0.129352918771678,0.05028796456862,0.284688353396337,0.17194507200615,-0.0468170076310316,-0.0961602234994503
"independent",-0.0379531876566415,0.123322163893835,0.0476838907136161,-0.0905885079212703,-0.0118287120746745,-0.0372569707287521
"indirect",0.632630958641595,0.186538361050733,0.0946874181632435,0.207068457406472,-0.30719179444525,-0.0823186320763446
"indiscreet",0.363671187735491,-0.165246534414254,0.218054440803853,-0.00167533864236369,-0.00474937283298096,0.211783221077548
"individualistic",0.0814766869562067,0.302244584387598,0.267473263683795,-0.162741858615797,0.0500457775625439,-0.148464136366623
"indulgent",0.187950203940143,-0.185534429842675,0.31001693857422,0.0779669280464433,0.0128125751057243,-0.0102117923010012
"industrious",0.0143247546392813,0.0293345510958976,-0.141180025278579,-0.0722196389145986,-0.0124853453138974,0.0467007960740871
"informal",0.0358698843855869,-0.0703189641212968,0.482763359772896,-0.0417741817540101,-0.142009433519114,0.253132175752871
"ingenious",0.0610829241565441,0.155172281213242,0.12348003598932,-0.0378544412597731,0.000181019726656653,-0.260485555153489
"inquisitive",0.0583000518569273,0.00575930404138285,0.0620901606008237,0.0421493128305486,0.00288744322704819,-0.252525936439454
"insensitive",0.0307455565405577,0.167512645989917,-0.0171730534720242,-0.111547999613642,0.359421799661114,0.0214002209454941
"insightful",0.00988923462765461,0.0689201619576712,0.00657031053722175,0.0233347722835896,-0.00436716940282408,-0.176564831869664
"insincere",0.72257300320989,-0.0918143863673118,-0.0591946491256203,0.0289366114683694,-0.134589616400095,-0.0399532676447802
"intelligent",0.00895700663446873,0.101699034034729,0.015673693332762,-0.0250983587750401,-0.0162153602652997,-0.137488336779961
"intense",-0.0910473185132677,0.137673025341597,0.0433352699850962,-0.470374134445816,0.149458945979488,-0.217914285553835
"intolerant",-0.197210449430939,0.0155550583024042,-0.0913220133019161,-0.044751116441556,0.503938470698303,0.0570302591652526
"intrusive",0.257750128347273,-0.255421270436298,-0.137463393338648,-0.0322851088901343,0.289858309414166,-0.0147660674248894
"inventive",-0.0272193969093997,0.131170942596674,0.224380551722461,-0.0229427821699533,0.0313584319597496,-0.210014956225975
"irreverent",0.111616162934923,0.0976912967412369,0.40862823980779,-0.149535434813046,0.0042485883534771,0.0628021043570403
"jovial",0.0644614142963257,-0.498261824994033,0.189538048556558,-0.0250732624776672,-0.115995880920709,0.196732589967913
"knowledgeable",0.00224350954007235,0.0907206909726441,-0.020183922057653,-0.000159617486315923,-0.00264179643629692,-0.122402144574205
"lax",-0.00836134627958347,0.0374132265445329,0.398064756753597,0.140912407817473,-0.0268226482955229,0.0344761281688106
"lazy",-0.0714654622046424,0.0306952516242581,0.142446736294132,0.0484883108863955,-0.00702743001230653,-0.000132641980352241
"lenient",0.126163747643462,-0.176942858381153,0.231248425620572,0.32169213823924,-0.326832984421447,0.0610764150242524
"lethargic",-0.0663474491515132,0.0288833675153851,0.0957513539774034,0.0467614859694054,-0.0140732134621287,0.00566335966048223
"logical",0.0247575922266925,0.108165101233696,-0.172706348802461,-0.0402375608162305,-0.0150424752573018,-0.101589056675144
"loyal",-0.209704185773999,-0.0169101535908357,-0.0392407983134774,-0.0347191325378033,-0.0518699011582005,0.0572587189733606
"lustful",-0.029707259032029,0.0176698354675977,0.100294439420716,-0.0738777894571563,-0.0388335654003628,-0.00121830653493355
"magnetic",0.20763733853092,-0.358132124948982,0.186141272678119,-0.235601592743479,-0.0946381395306342,-0.0935365518965994
"manipulative",0.900599541868234,-0.103704365959902,-0.0846630336079894,-0.028395293706327,-0.187322838772292,-0.074614659554454
"mannerly",0.0556083347249163,-0.171176192866244,-0.113827882781551,0.11793442290684,-0.101368384195848,-0.0149430711339661
"masculine",0.0923492298682836,0.419104203902122,-0.0198972071503977,-0.360878058260193,-0.0996833073776544,0.374846616207874
"masochistic",-0.0691182997841714,0.0165896387960694,-0.00544112610014516,-0.0206007995777378,-0.0199805566345996,-0.00747349585839909
"mature",0.0038384045882314,0.0239483846627009,-0.173833939522072,0.0414952042148391,-0.0453190216033062,-0.0114613604549361
"meddlesome",0.377255220406691,-0.32437170793462,-0.197633936216535,0.10671095970196,0.290814022895961,0.0213681178025217
"meek",-0.0453198840928631,0.035598656521453,-0.0127026461702673,0.22517084382421,-0.116686994000902,0.0301088576682837
"melancholic",-0.0417128511009944,0.261036116785565,0.0766041860450495,0.265554199838854,-0.0378625103735985,-0.0352662235122103
"merry",0.057255508328569,-0.434016317206471,0.14863449205707,-0.0248678400920054,-0.151632814334495,0.179839651964132
"meticulous",0.0467786406736657,0.0432958269365947,-0.36231415163309,0.0593622681758428,0.039651023443747,-0.0730798221697125
"mischievous",0.608497082829823,-0.121546789650597,0.256919817465989,0.0197370412106538,-0.118676447735793,0.0245883576174421
"modest",-0.325855932305286,0.0762913685502224,-0.0648707378963653,0.328706100625368,-0.194963671622935,0.126223962160587
"moral",-0.486655277284886,0.00303457534016031,-0.052944957903974,-0.0152397230417156,-0.0469260648662226,-0.0182938049622196
"moralistic",-0.445789479749547,-0.13208933550585,-0.179167925560397,0.0647390509537267,0.0214173864972203,0.00900896637906254
"naive",-0.0918694371678454,-0.0198870469114258,0.117508941596583,0.0464097260010656,-0.0410876219020038,-0.00581758100481477
"natural",-0.0401822494325573,-0.113556808717304,0.0449354247584829,0.0324003245494696,-0.044319140203716,0.0961331289727217
"negativistic",0.428934884410035,0.111179491744027,-0.0662412817348004,0.111772406005056,0.32002162415848,0.147016246301136
"nonchalant",0.218677138266595,0.16950839333187,0.329751763250274,0.0749825630883473,-0.129909594366206,0.0278214997460837
"nonconforming",-0.0978789832650233,0.318340119436349,0.486724044777752,0.012851280968259,-0.0181526923047537,-0.124450894061228
"nonpersistent",-0.0816654734476369,0.0083084251079908,0.235829590356904,0.0676543920033009,0.0174289668208775,-0.00791068538215798
"nonreligious",-0.0449093993452227,0.0509908492182352,0.024311719230322,-0.00709549837037192,-0.0252310583205895,0.0153401444190588
"nosy",0.19636171258496,-0.237229942414339,-0.0567514799819843,0.102877454957819,0.126148724832942,-0.0136297185452492
"objective",-0.272793052185126,0.133133698405361,-0.206482061295916,-0.110434705937907,-0.065711446698953,-0.103959843184787
"obliging",-0.0616501268471397,-0.219730079394536,-0.101169277362452,0.0741520193524656,-0.155838793701662,0.106923459663839
"obsessive",0.0133518801536681,0.171787175955618,-0.136368699119372,-0.0573629831992849,0.192713077913655,-0.156904661694791
"obstinate",0.0586112451766673,0.142487183851496,-0.165330150751499,-0.118756202124275,0.306196786602156,0.226903676396253
"opinionated",0.00910758007102852,-0.110145019531268,-0.0639100210468695,-0.169289561131467,0.418932775022617,0.0540587623982649
"opportunistic",0.608762114949346,-0.0167679953837715,0.192074137491394,-0.301866970947226,-0.127775273232381,-0.0899238700444508
"optimistic",0.00153776224558861,-0.24846454257332,0.123909745042578,-0.0988740669474431,-0.187984848542967,-0.0554290768442543
"orderly",0.065419291697681,-0.0792867457989965,-0.496065054590943,0.0483091493209533,-0.0249661969309033,0.0243996899695538
"outspoken",-0.120553770196466,-0.366836350984752,0.136522576747973,-0.426032482365092,0.365350163063614,-0.00959992261470799
"passionate",-0.0323411227144821,-0.0234989886583705,0.120968611875709,-0.0452643487696232,0.0374031763868626,-0.047059978347418
"passionless",-0.0388049680835774,0.0625313990359909,-0.0476811910466773,0.0276942064324902,-0.0411500997356697,-0.000835530393081129
"passive",0.0269926887563053,0.0771977464793394,0.0638594539830196,0.306524753184349,-0.109615805137296,0.0745503835310446
"patient",0.208676899208118,-0.0125647102504966,-0.251171923666686,0.311877263045707,-0.309585613237585,0.062821575601312
"patronizing",0.376316898589041,-0.13805670157222,-0.137678438446939,-0.0189789518888257,0.390549893717112,-0.0706651161362383
"peaceful",0.0168092252713373,0.0231819512306618,-0.0322633239320355,0.387062839863296,-0.198126055524884,0.0398682513344667
"perceptive",0.0177217640398452,0.0414917151950323,0.00180789825676786,0.0132040100211468,0.00429103436958406,-0.10701074397359
"perfectionistic",-0.0757723667271042,0.128754274309367,-0.332248004722614,-0.0474852861900313,0.138426058100829,-0.241983446211774
"persistent",0.0162365376008477,0.0195871270137605,-0.111270025512851,-0.10596655849729,-0.00664573397920631,0.0197756274615301
"pessimistic",-0.068611207199043,0.0849477579771103,-0.0607637258237611,0.176157638806697,0.211290248613435,0.0280443588252472
"placid",0.169340651916298,0.0820388450598972,-0.150246987669033,0.579706067516357,-0.332574948628164,0.202275007617183
"playful",-0.0938828286112936,-0.244431190980156,0.381965166730561,-0.0107019948185659,-0.082194947401654,-0.0384168272859465
"poised",0.0918466685565424,-0.189055370153735,-0.21035447101477,-0.050008321645488,-0.135691422890131,-0.164530560083416
"polite",0.0498903883120738,-0.141608020467463,-0.0532535286270813,0.104007222790147,-0.182764601999207,-0.01996779252645
"pompous",0.0294987292647959,0.0157408173454398,-0.029193386209375,-0.0278190244035851,0.127300966082567,-0.0480125415975399
"possessive",0.0919280153881137,-0.0490180215836282,-0.0929947934751625,-0.0253366315751168,0.0956228915239074,0.0194817541144634
"precise",0.0644516381298757,0.0609540984867723,-0.357984270409408,0.0282664238020923,0.0300540372280514,-0.0304403348277601
"predictable",-0.0713614631969693,-0.0694329268623044,-0.480768610454657,0.259065492216548,0.0927429530417007,0.301757693595724
"prejudiced",-0.0701004566032019,0.00574683576022884,-0.0258556763073718,0.0490111902711802,0.092819855711148,0.0241280516241969
"pretentious",0.104924608433523,0.00489187963550417,0.0250133377565258,-0.00294324654198535,0.0888870398197206,-0.135534170061316
"principled",-0.504311372117967,0.037736308036412,-0.11636543177067,-0.0505668450410122,0.000758121701128812,0.00321954169898682
"progressive",-0.149291573104462,-0.0278626865639103,0.19843060111475,-0.165598040583412,-0.119161582513629,-0.42936067780788
"proud",-0.0157665539093441,-0.0160926175641743,-0.00707802105887133,-0.0605880555129357,0.00879346100378771,0.0279526346334992
"prudish",-0.0133178531092072,-0.0131740835877803,-0.128669694869232,0.146860886712168,-0.0202201532709113,0.0403394919706561
"punctual",0.0557484627702615,-0.0929376980642204,-0.447869800563195,0.00357693551425679,0.0124816534230451,0.0523201336151575
"purposeful",-0.00924910815196062,0.0316159716363182,-0.107352293567685,-0.10549347707239,-0.0350467209084128,0.000877804473075867
"quarrelsome",-0.181041245598687,-0.0623836333836321,-0.0274054671072515,-0.0648831645012489,0.466496494649263,0.0669361294722415
"rambunctious",-0.111889754212186,-0.0598950024647723,0.271368632698844,-0.257734062230504,0.00393921777019727,0.121396400043637
"rash",-0.0914749261020663,-0.0623670845538657,0.317558223328236,-0.202305288496139,0.131651701118208,0.150595259104355
"rational",0.0188816498384424,0.0879887131386195,-0.174794321299299,-0.025584270838136,-0.077558717858743,-0.104714279068725
"reasonable",0.00904368160729046,-0.013888071886814,-0.0890551047941882,0.0640110384653017,-0.180475602739519,-0.025434514073087
"rebellious",-0.027600324949686,0.128516140851909,0.388185592172571,-0.186808869755218,0.0697978307784523,-0.0167992669562871
"reckless",-0.0143195769389521,0.0181304187245923,0.285019803715374,-0.164683486761338,-0.0201695186366665,0.130399808549374
"refined",0.0505622244477022,-0.148517762414267,-0.157167145204012,0.155940011677171,0.0611592707193864,-0.417284429320984
"reliable",-0.15678192827144,0.0142679245939901,-0.216529312962807,-0.0395518999242501,-0.0528503329486733,0.0544392340481318
"religious",-0.115915614719708,-0.177572658514151,-0.257320584809114,0.0742816957090595,-0.0491184419572113,0.0549655492004141
"respectful",-0.18317887139422,-0.0627594017711382,-0.0596712389371293,0.0300307084844072,-0.138279392843428,-0.0189166626244304
"responsible",-0.11612618616335,-0.022038158699146,-0.253202794130552,-0.0372525353453678,-0.0477831827352147,-0.00857261336654143
"restless",-0.056970260455886,0.112024716020443,0.398542338644129,-0.421035741395088,-0.011550183722156,-0.154471654477015
"restrained",0.0687748804556823,0.298926347698913,-0.338104624647346,0.393045609304455,-0.175680748497578,0.0102185839545636
"reverent",-0.0559216885626358,-0.0957379251733549,-0.266686975283401,0.231014810494009,-0.154001249348165,0.0177065146833341
"rigid",-0.12869213399675,0.180343728957719,-0.52128827586445,-0.0387153058481432,0.269411924813059,0.19256734609264
"rough",-0.0961451210020759,0.166478166796375,0.11121265684035,-0.27319588669042,0.119055439731345,0.306417026296106
"ruthless",0.45531242241019,-0.0239210466528469,-0.119466303605758,-0.179335110203166,0.0747934857865692,-0.119136991568084
"sarcastic",0.137080692562332,0.097971541645716,0.162366131397515,-0.0725532489445698,0.184477317897043,-0.0242487735278733
"scatterbrained",-0.1503255343162,0.0486510525798749,0.36711521547813,0.0665622600217142,-0.0111251373956412,-0.0704437587641605
"scornful",-0.0245821723457269,0.0136799792770835,-0.0411420130780791,0.0072636668599894,0.433398207945336,0.0141889212967996
"scrupulous",-0.3940910507849,0.0235857294271924,-0.365621885046537,0.0882976484726617,0.090656932824053,-0.0772269042218887
"secretive",0.611046177602887,0.442273173500808,0.0315246642050521,0.146491078976048,-0.231261327919403,-0.0654172984742438
"sedate",0.145835709813442,0.0840123952716891,-0.404051527900049,0.55697348911535,-0.0634988974306931,0.098954244206752
"self-critical",-0.273029259303544,0.216192303790916,0.0223870655996692,0.1201090466623,0.0887196422209085,-0.313958382934376
"self-disciplined",-0.0494500417623046,0.0391293663192937,-0.403158770413375,-0.0986585488617371,-0.0562273044599155,-0.0573960673020387
"self-indulgent",0.234311411972337,-0.0241372361613784,0.267572712043813,-0.00231639623494816,0.0428858900830249,-0.00172351166399375
"self-seeking",0.787749149531028,-0.0679579256620445,0.0183941532672722,-0.0895386986722514,-0.0921367429797162,-0.0766297166670166
"selfless",-0.459095780820122,-0.101736210628723,-0.0535793649412634,0.0326741994689999,-0.119978932290357,0.0485720765202877
"sensitive",-0.0984731153235361,-0.256687811254416,0.102209107412263,0.362393321191287,-0.139538135947636,-0.14557349733475
"sensual",-0.0977549055934251,-0.0213989769152427,0.25481701513333,-0.0151009279599001,-0.0139386289053802,-0.130960258088563
"sentimental",0.00104408001023542,-0.296403336852272,0.0877856818930253,0.443360377816256,0.023020666982596,0.0972888830808297
"serious",-0.020351748207551,0.124536020448066,-0.250100179487828,-0.0105168945151565,-0.00502590183287269,-0.082422911209089
"sexy",-0.0459050017307246,-0.0750513322871918,0.184436901691916,-0.222311146553515,-0.038620621900714,-0.101019110306208
"shrewd",0.216784912620457,0.154188589634735,-0.118410566303188,-0.093671594469973,0.0391173424216195,-0.180708988321107
"silent",0.01232080861155,0.564497595173527,-0.0697144126953343,0.247097089878462,-0.138108908762682,0.0130467499573966
"sincere",-0.523166306440031,-0.0770231118870402,-0.0376991874926394,0.0123518494712259,0.0155036071910586,0.0518406345049569
"skeptical",0.0562434436364324,0.287210220793159,-0.0945597225503506,0.157962802462904,0.168718625040794,-0.021647218461802
"sluggish",-0.0844418115600226,0.0317360979482596,0.122565675400797,0.0690365676790415,-0.00409181678282917,0.00387898745827154
"sly",0.911191697284396,0.113273426564201,0.00776604906376769,-0.0392000130046905,-0.304983714452295,-0.0140777973140705
"smart",0.0101832149020838,0.101467648954254,-0.000760049634411275,-0.0291959150052769,-0.0284131649813374,-0.138123462456478
"smug",0.540639274983222,-0.0701958602529112,-0.0639916678880795,-0.0280808571703996,0.153793326125567,-0.0841941984272822
"snobbish",-0.00445630882233607,0.0422706513592105,-0.0259150616083479,-0.00416324141317052,0.222897001610415,-0.105563713944476
"sociable",0.0512353752771448,-0.639093957315873,0.133663565953629,-0.14007472813329,-0.0526275634168993,0.0492451896362504
"social",0.0621769881990503,-0.635413752864039,0.0985889522334792,-0.131647863826121,-0.0433507540069566,-0.0233964444252434
"somber",0.0162081191509197,0.329269436646689,-0.101743190478001,0.113934670208232,-0.0239485076762494,-0.0184003066384344
"sophisticated",0.0175960933501387,0.026145690769013,-0.0386548793293435,-0.0727069131706519,-0.0177135593785289,-0.540303980365211
"spirited",-0.0290115031499673,-0.271590772615521,0.194214735604036,-0.24035341042138,-0.0052942353879278,0.0419255218591187
"spontaneous",-0.0780075037953415,-0.0659818830703697,0.538672647929044,-0.24628497350869,-0.127764788178597,-0.0632502798350105
"stern",-0.0675471648084441,0.176056428401384,-0.392001949518897,-0.227163123096682,0.296887702227167,0.0968513663756364
"stingy",0.187626825337489,0.0357849507182253,0.0130639044412975,0.084109446322842,0.00580142935589567,0.098036948535046
"straightforward",-0.658653101002107,-0.0844526361823512,-0.0345174333539823,-0.131017582382812,0.183442648584123,0.119278428896001
"strict",-0.0491573976128745,0.0349647521471173,-0.509003083949423,-0.20192810619949,0.143603181086249,0.0595242427876175
"stubborn",-0.0182365567483108,0.0810741877748153,-0.171860353655282,-0.208012887258956,0.238229122293275,0.201387255265199
"subjective",0.29637238913911,-0.108958556626746,0.295044443688288,0.225375719815677,-0.00479717573943964,-0.037738315788204
"submissive",-0.0166732739920681,-0.016223903213871,0.00934707274037551,0.182024677648924,-0.0961358966725321,0.034731747510785
"suggestible",-0.0085552863173854,-0.118939243971624,0.127523424559679,0.044752112404049,-0.0917416915878416,0.00934449071431352
"superstitious",-0.0200359389391785,0.0278497292454744,0.0177489494048823,0.0364932071170755,-0.0394413027531567,0.0741711948886174
"surly",-0.144553868930482,0.219010289911717,0.0134152223133104,-0.0204213256534278,0.335060656163607,0.106908836904171
"suspicious",0.688554721475695,0.145442607088065,-0.0261741207098793,0.0813821616211448,-0.104512249586943,0.0841497579599713
"tactful",0.0707395367686138,-0.142025379595561,-0.0992320715112723,0.0480368194832345,-0.4343480090585,-0.220365780571435
"tactless",-0.124771647175236,0.0638023959108256,0.107137619583343,-0.052556141294438,0.48027517142885,0.1505553684689
"tenacious",0.0308146532116865,0.0449065961619804,-0.0886555749455299,-0.185906654362213,-0.00637031047377516,0.00176605253509518
"thoughtful",-0.031972528774964,-0.0509682695224067,-0.0697272801113266,0.121260658676705,-0.0695059491720195,-0.0930768188688362
"thoughtless",0.133995614320163,-0.0383895144661008,0.17380278718576,-0.017520411559256,0.0376148026490932,0.123478802804763
"thrifty",-0.0420535874091,0.053195061679427,-0.213979422830984,0.211021779968468,-0.0271866259174162,0.0433714154611375
"tolerant",0.157204070754326,-0.0662703345509875,0.105212464827811,0.146046376030354,-0.494261434951195,-0.0312902368086292
"tough",-0.0160698087943012,0.0506959038561618,-0.14582693475756,-0.433692179979607,-0.0239911409202369,0.172486202589212
"traditional",0.116801510067634,-0.107514966366082,-0.474652032914608,0.210224303927737,0.0961141798503743,0.330844784858719
"transparent",-0.618902830835206,-0.271043510092165,-0.00564043656668273,-0.0635387544910411,0.0915205741685248,-0.0654258092433788
"truthful",-0.543825319827467,-0.00291000147828395,-0.0374261068787611,-0.0270764829381417,0.0793853752091937,-0.0272037219471825
"unaffectionate",0.0844005237658234,0.533744116558837,-0.00247617064489833,-0.0833516947286655,0.080454183006982,-0.0776779395254773
"unaggressive",-0.0622874046746252,0.0665339532784739,0.0859807061588126,0.510400394848572,-0.164236824457157,0.0406128363780471
"unambitious",0.0149262966105244,-0.0280313852904395,0.0155593447116156,0.216395582411037,0.000925283249489376,0.148630838329612
"unassuming",-0.180198230792272,0.156357532286666,0.0110403991034362,0.470241683877346,-0.272184071496411,0.189896332713907
"uncommunicative",-0.0580403121672317,0.714605256048307,0.0632926362259591,0.0316879505277326,-0.134370727098478,-0.0275380536321338
"uncompetitive",-0.12359136614201,-0.0494714362126089,0.0822791299522552,0.566945782630461,-0.0120079911234893,0.140378658708982
"unconventional",0.0424952584834217,0.217346556033921,0.573837271464776,-0.0530724351895797,-0.091805591059236,-0.246864546843813
"uncouth",-0.072491804160241,0.097552568838653,0.0458838428047275,-0.0340196584476832,-0.00379210995234026,0.054588190967999
"underhanded",0.853890329776337,-0.0760651052879893,-0.0663460168892885,0.0271304853855501,-0.196454337820523,-0.0266934656867526
"understanding",0.0248165262136794,-0.247929704742852,0.0167576372805516,0.0904125963035074,-0.299099519771214,-0.0274424896255637
"unforgiving",-0.0177562916444726,0.0443217264889605,-0.178803748147892,-0.15769240515231,0.545625648226841,0.0240481875164665
"unfriendly",-0.110869437089948,0.386846338478689,-0.0172392823713885,-0.00567013895921626,0.217231735584221,-0.0197545266536032
"ungracious",0.00302443207376825,0.138464755808323,0.0107312346921898,0.0377473256310776,0.382427599278866,0.000317668836360148
"uninhibited",0.0352385144204342,-0.186627934904991,0.479092959300751,-0.343344771054525,-0.0453554175517972,0.0162225481484633
"unobservant",-0.0532091949085537,0.0292038792812795,0.131848169679603,0.0278555185210717,-0.0345582531950973,0.0373795068911211
"unpredictable",0.123743506595205,0.0973183320036494,0.54531893422982,-0.188699787531029,-0.0638121223913411,-0.0439701564980339
"unreliable",0.150258818548253,0.0265810139199858,0.312980647506288,0.0940551989444835,-0.0466171682155078,0.0340276663828398
"unruly",-0.111578884115676,0.0378533272316748,0.299112414660077,-0.137713131184968,0.0825227712145134,0.136543541070766
"unscrupulous",0.844991039690708,-0.100719770805126,-0.0727297855786946,-0.000108162182554231,-0.197054284971269,-0.00033994679810107
"unselfish",-0.471451771348105,-0.088394115195463,-0.0458519301128293,0.0294922390918156,-0.107766873034917,0.0391045138004181
"unsociable",-0.0841956207045648,0.673071183295435,0.0426506252949468,0.0813454388629496,0.0202371250559092,-0.0482363449538311
"unstable",-0.0611506358556774,0.0205228817320583,0.0997682660233156,-0.0165779201828848,0.00469322174065804,0.0556424889904694
"vague",-0.0147548969983946,0.268152265851634,0.235476830230169,0.0751132306828705,-0.144740248398157,-0.0616093358865703
"vain",0.200170563470054,-0.0578103741362942,0.0421645982313229,-0.0414077466842567,0.0257106310738702,-0.0817538995169668
"versatile",0.0391878358901017,0.0196851195117551,0.160006887208616,-0.0820405547760247,-0.051031071380585,-0.164689523097331
"vindictive",0.310807199716072,-0.0296090840721358,-0.0703259002783926,0.0169366412131379,0.0519729242301055,-0.0259416440808477
"vivacious",-0.101716859417462,-0.401879521782786,0.33014012587558,-0.129681290577574,-0.00933534667018151,-0.175511967173108
"volatile",-0.104337114007695,-0.0149246191958519,0.145834979550717,-0.179095436045601,0.147132005622669,0.0774294016225919
"wary",0.172469653110958,0.218219253957157,-0.198698770509177,0.267160043835935,0.0905394014001353,0.0934703807668737
"wasteful",0.0126733945195765,-0.0148832815469714,0.119325660139422,-0.0125856646711167,-0.0229132137394939,0.0623355204525938
"weariless",0.091373910871924,-0.0113511553091506,-0.25982798672061,-0.0570645454888946,-0.069860832322607,0.111218532650079
"wise",0.00817590649167188,0.044967105481333,-0.0686870474993928,0.0285798620122854,-0.0212327918430982,-0.0686507538827135
"wishy-washy",-0.0500864930649313,-0.00804095695815437,0.060708458795356,0.0582412129851882,-0.0349605035602758,-0.0251327115988778
"witty",0.106179458238386,-0.0729736698316295,0.16392972092957,-0.0789130687099585,-0.100360446895248,-0.24222408124134
"wordy",0.0954344133031577,-0.151073205854459,0.0383953665258231,0.160057298350364,0.11234358586716,-0.201009721298346
"worldly",0.075897595896092,-0.04032847667757,0.133819514223114,-0.187371809073187,0.00926560226455731,-0.323550337296974
"zealous",-0.0277912150050532,-0.0253077814363069,0.0548109732978916,-0.181768686461972,0.0683062306452309,-0.0726601228856016
"abrasive",-0.111851556840388,0.062568828199318,-0.0930856469142234,-0.229141569778185,0.565911276610724,-0.00760682869721006
"abstinent",-0.0744410478665307,0.0763153884550733,-0.166840535980331,0.144037996954255,0.005668140004941,0.073822378702123
"abstract",-0.0633926424485242,0.265205004667153,0.417565793305855,0.108058952600276,-0.0956140546957951,-0.441245582677047
"acceptant",0.0848465664376399,-0.16862018849197,0.113998107319055,0.0416884013154195,-0.376536771298689,-0.0647688124883127
"accessible",0.00917041036502982,-0.589783403619887,-0.0460357645275398,0.020009556674388,-0.0531229522157664,0.0992842711700496
"accomplished",-0.0236433678834735,0.0810536265415553,-0.052440976692167,-0.0838308737306976,-0.00757274935011601,-0.13758722347171
"accurate",-0.00807495397323851,0.0476125750822629,-0.191300903113578,-0.000880638809516547,0.0186358880793891,-0.0113204184836783
"acid",-0.00854242520401504,0.00952373070577018,-0.00275056899575318,-0.0742355571723313,0.373645820342749,-0.10837797278455
"acquiescent",0.105655821359985,-0.124051239690325,-0.0192056931043266,0.362359886998096,-0.231689784033441,0.0808391415306484
"acquisitive",0.554705763487132,0.0105701606038343,-0.00413924592994392,-0.0408144676906083,0.0625599206664928,0.020231621136424
"adaptive",0.0738535076087939,0.0547783796233997,0.132631303353598,-0.134127027974995,-0.152568852157661,-0.242605075267735
"adjustable",0.128743582189709,-0.0386525497385616,0.142860932202929,-0.0678736252532798,-0.232883500793419,-0.181911707769095
"affable",0.10321082479901,-0.50113391605601,0.0851836654290685,0.0470583827334213,-0.216602059094663,0.138863303831373
"affected",0.264373785358438,-0.0936106145919596,0.0146205305516872,0.080837395814777,0.0296247623841661,-0.0812694364963891
"affirmative",-0.00259029343141402,-0.161112463507066,-0.0784919335973446,-0.108500791419047,-0.0723007982363876,-0.0191323443963253
"agitable",-0.233400783781548,-0.136110077758022,0.210134990499078,-0.107777519437425,0.254479239737992,0.05985726948175
"agitative",-0.0626898960120123,-0.12687593062293,0.0984965868745261,-0.295055130524438,0.27061387791031,-0.0448213855540246
"aimful",0.000814320990870533,0.0402849759195921,-0.172005451147459,-0.137443299957161,-0.0351884977221781,-0.031911926214927
"alarmable",-0.100242572918845,-0.101224909892662,0.0638435480952631,0.0834244371045664,-0.00069727460558787,-0.0405178641504664
"amicable",-0.00747988560265415,-0.47989450249956,0.0344775621507055,0.0630345792589337,-0.232924653272465,0.0653769909388717
"amorous",-0.0718571236874778,-0.0526437393964255,0.124854653963873,-0.028174148617304,-0.0159296181276921,-0.0314932587876388
"angelic",-0.12079709205448,-0.301177958406962,-0.0441643559158055,0.160166736421441,-0.137976422967167,-0.0116572619787145
"anticipative",0.0206006798390937,-0.0382061810708097,-0.0416345217964048,-0.130679740743018,-0.0582355952549183,-0.219183123405173
"antisocial",-0.015776617703894,0.610558306933148,0.0762058095148456,0.0713164430317514,-0.0241014676514272,-0.0490972861295915
"appreciative",-0.00198080185538823,-0.0784667443066259,0.0449693739908827,0.0707758442437681,-0.129197675920884,-0.00693330374113033
"approachable",0.00898027390727736,-0.531925300172222,0.0574306691792719,0.0556198301039903,-0.203870229969199,0.11658521483572
"arbitrary",0.0575250179723745,0.0543468434893667,0.189338431589289,0.0541737883556409,-0.00717765444465748,0.00412381603966459
"arbitrative",0.200139997825731,-0.117579355629611,-0.326324521907679,-0.0684782107373632,0.0400156664912111,-0.220821631693479
"aristocratic",0.0533778787969548,0.0185234921106177,-0.0591112382955657,-0.112523255401732,-0.00826213309346108,-0.148238065269545
"arrogant",0.0532649000516531,0.0617146897419898,-0.0374532848280915,-0.177129388910014,0.332071801979929,-0.0915979846634515
"ascendant",-0.0493900461379341,-0.0262657321342336,0.0749223887336746,-0.447051725496606,-0.0395002703353412,-0.347495009707598
"asocial",-0.0434857296858021,0.671787806400604,0.0652544280973796,0.102718480029303,-0.0408887816571535,-0.0770354577277558
"astute",0.0970594960483976,0.0737777178055415,-0.144774200218494,-0.0236923413667489,-0.0184263377666307,-0.141204688718413
"audacious",0.176155604246053,-0.0565127841775384,0.351818835854221,-0.479319851917958,-0.0417496477095792,-0.0872385066858377
"austere",-0.100426099160644,0.395716686458176,-0.254547842582223,-0.0546466383999383,0.0653063570642798,-0.0192766975796434
"authoritative",-0.0132040033014357,-0.0742419282426786,-0.302791116222067,-0.286204117237847,0.117900418747309,-0.135877959094774
"autocratic",0.119984036207875,-0.027562237503175,-0.280225004151102,-0.187070131832146,0.326716210539839,-0.0640975843278341
"aweless",0.0739213962667961,0.122572550359969,0.124652778843148,0.00470451819361474,0.111040056987422,0.144408419736246
"awkward",-0.125413673211771,0.370999303513838,0.135209103065068,0.205634529799718,-0.0257957995376806,-0.0188189786177897
"balky",-0.182651600770117,0.158907223729772,0.0430566535090313,0.0895472248822529,0.237646491285217,0.213248810422323
"bendable",0.199647705585469,-0.204908236745463,0.209567246239908,-0.0541312165340465,-0.222962499413725,-0.201039049595722
"beneficent",-0.234533575695564,-0.24994059699278,-0.0760141288651443,0.0406981075200323,-0.12665278009412,-0.0294651456210423
"biased",0.43532438200543,-0.104301305055441,-0.033413916887822,0.0900769858122184,0.209046429173524,0.113609021347764
"big-headed",0.412054774221022,-0.0709409701523407,-0.0264508307971199,-0.151824534804283,0.236946789702116,-0.0302605230837661
"big-hearted",-0.213582050430836,-0.312576206461784,0.0587849024957428,0.0556016841511041,-0.213095738255433,0.119670284830869
"big-mouthed",0.139484453213556,-0.235179702741253,0.171524670617831,-0.0834298655849544,0.152236412165818,0.169285995192895
"blase",0.0122192843844878,0.100040238572262,0.081771332242189,0.0536192906288795,-0.029656975570629,0.0210354048078732
"blasphemous",-0.0680577087857928,0.0282946821616139,0.0135708876925424,-0.0167035486274541,-0.0103348675926409,-0.00108725606211109
"blunt",-0.10368386520613,0.122504916891139,-0.0300608441381135,-0.218425606344613,0.334165568126758,0.214891725889525
"blunt-witted",-0.0507305553618737,0.00745426850485997,0.00104893955741518,-0.00120123754687958,-0.0185544863817758,0.07021084729838
"blustery",-0.027970189283554,-0.0491030223343723,0.0660305062009935,-0.176212303293981,0.156089283330957,0.177203241634739
"boastless",-0.330197006265979,0.196374055127038,-0.00848696456147375,0.225567641954489,-0.114367491602274,0.0623045524957002
"bookish",0.150518225876436,0.00800438791613584,-0.23250121898179,0.271475942126909,-0.0387348135368292,-0.404833266277669
"boorish",-0.117882841205026,0.0971602254266161,0.0313690335598621,-0.0299870811915708,0.143567779354858,0.0939878401868845
"bountiful",0.0257732696248487,-0.367483198001861,-0.0390367478075276,0.0181784134986878,-0.104162643888341,0.00654181906090432
"boyish",0.00783361195360824,0.0691787170499774,0.222961247918606,-0.070229811698466,-0.132613857071912,0.0717269679420887
"brainy",0.0127837832521347,0.159382252954784,-0.0878243649997266,-0.00552889818507575,-0.0199435910075683,-0.403012552844111
"brash",-0.111229463342017,-0.0527171568974315,0.212079601707449,-0.330234547959313,0.165895689942959,0.117689138895781
"brawlsome",-0.110551927233536,0.0132061263036156,0.0363052292829635,-0.0771174220639738,0.0561550020163321,0.0828218973016929
"brazen",0.418287552033021,-0.0360636196357854,0.255365998493738,-0.378179355482374,0.0032168230180442,0.0761720176851422
"breezy",0.100623921152386,-0.307884806458534,0.37905939900782,-0.00200028735833824,-0.157248861994203,0.0805834733935286
"brisk",0.0327977186745848,-0.104810498215458,-0.145606866397838,-0.441578219661595,0.0309120972467924,0.0126694220445149
"bristly",-0.145318588846319,0.156563311701423,0.00910284662855075,-0.0836261671045488,0.33810644730158,0.080601203196207
"broad-minded",0.0662716899730103,-0.0935072670062665,0.231812740149086,-0.0864558279391269,-0.254683962701185,-0.203838845184213
"broad-spoken",0.160524144446632,-0.291207822578192,0.109377893235721,-0.215951751630607,0.138442102496161,0.397580206357898
"broody",0.0351059376774283,0.358414137596303,0.120190366826548,0.170246656936901,-0.128221792966404,-0.073687192745112
"brusque",-0.247948468010413,0.357516055506721,-0.0662272343114196,-0.291394011965409,0.453220636002765,0.0676055557511151
"brutal",-0.063352939475961,0.0339564986947152,-0.00600918692672348,-0.184483243413896,0.150581805517257,-0.00921959788999945
"bubbly",-0.00717108733724931,-0.391274500948299,0.24996451782664,0.0316611634633555,-0.0416805084893266,-0.020995515893841
"bullish",0.101020830999679,-0.0647941918523778,-0.063091103169436,-0.644942449520072,0.0433329582356647,0.106390628245746
"bullying",0.111744110590842,-0.0470055843007064,-0.0690216113768962,-0.0119990734291627,0.126020500673784,-0.016366874536074
"buoyant",0.0533239229883508,-0.370068325679156,0.26160602787884,-0.239603322714956,-0.198044686367304,0.0445058917540642
"businesslike",0.169098993496863,-0.0100934000586461,-0.42486639695496,-0.189125039804935,0.0543811957705352,-0.138260731587314
"busyish",-0.0176380655065592,-0.00642759191349861,0.00616925663708279,-0.0690750798351807,-0.0140593240053156,-0.0578416678119968
"cagey",0.764304196166266,0.264023250418768,-0.0928284207113385,0.118678984509018,-0.213740754843598,-0.0275801713443654
"calculable",0.129052675434719,0.118042438666767,-0.443934040229068,-0.0693289850813824,0.00475608415995542,-0.0310423202226772
"calculating",0.406614683244895,0.243814181925104,-0.252013692974795,-0.157075424913539,-0.0238477043955065,-0.204501299739782
"calm",0.150090341930274,0.0753854812102347,-0.123643901105171,0.210859036160007,-0.199636349961789,0.021020428138714
"canny",0.0975192882428333,0.0442126518433059,-0.0959121051940127,0.037217212102216,-0.0192493902838096,-0.0929700571177302
"cantankerous",-0.200688808046577,0.110447885365689,-0.0972920637610573,-0.0158150735112886,0.461707971026527,0.246904327497333
"capable",-0.0158031101476834,0.0341501956163937,-0.0223112057889054,-0.0517419730401071,-0.0312032159707193,-0.015379971661113
"capricious",0.125622034032006,-0.062975823002273,0.371607710858487,0.0202415817991339,0.0514782345160321,-0.036036585927543
"careworn",0.127265636986293,0.0118675340957711,-0.268204010589755,0.257103480093567,0.0730780492724426,0.208708848879979
"catty",0.140709372537883,-0.128632480985441,-0.0377428199519413,0.128789927010771,0.103968026545576,-0.0301647950761865
"caustic",0.0152658451862031,0.0523265756602808,-0.101081417865187,-0.117443401041711,0.545245173817045,-0.0771686497998747
"cavalier",0.202391201777158,0.000645862066735133,0.237098081698639,-0.202654396885408,-0.0271777266305421,0.0695107457461932
"censorial",-0.0999706052325989,-0.070969029735123,-0.311266775986186,0.0868986568865327,0.503702124428731,-0.122464580358815
"cerebral",0.0485562458048997,0.267613030847463,-0.0810326723793959,0.0821274724317362,-0.0125005350548948,-0.447504335911306
"ceremonious",0.0922211695727084,-0.143008303477115,-0.222194402470821,0.00720782975465576,0.000752592054348508,-0.145677642491537
"certain",0.0483745257582315,-0.0237524271786351,-0.231845273920843,-0.136206754059295,0.0122678416328274,0.0592253377198342
"changeable",0.103359028996322,-0.0175337628874377,0.506795963946566,-0.138800758959832,-0.0644711403231017,-0.16990584974388
"changeless",0.151391097861005,0.065205229199637,-0.359182542507979,0.340706945939224,0.0998677746082748,0.418937060400337
"chaste",0.0204906147383258,-0.00841630813919111,-0.0192023009900646,0.142823865716628,-0.0322830102720581,0.119845224712412
"chatty",0.132139917068452,-0.576343390587102,0.236011564600273,0.0273607356753625,0.058071337703876,0.0232595367862823
"cherubic",-0.049158406305437,-0.152561311501545,0.0248384598381555,0.119258520308845,-0.0381557235016748,-0.00285776774965679
"chic",-0.0911575724161373,-0.200956646594814,0.214351000149521,-0.0484258135082199,0.0361183421358866,-0.405992736573744
"childish",-0.057615282212453,-0.00749220650785966,0.112760702551215,0.0199888668811159,-0.0173481560531877,0.010061468045878
"childlike",-0.0743787841961377,-0.0541651904405791,0.174313593493453,0.10781538841647,-0.0795188765900295,0.00368398753399088
"chipper",0.0382554378076435,-0.511591611840466,0.164817108020129,0.0751292296251881,-0.114114523788464,0.186307886495164
"chitchatty",0.217288186281118,-0.569599940095543,0.249221957402013,0.103523662632631,0.00253493471342514,0.0829642526845179
"chivalrous",-0.139682205341097,-0.109833392612721,-0.106961099023568,-0.0438533484278971,-0.165782683240495,0.155191831396143
"choosy",-0.00174663187378536,0.0564979251355804,-0.00771997318993449,0.0358897603671097,0.101272043904233,-0.137386175547458
"circumspect",0.107302265567089,0.143961836196227,-0.389898351501507,0.271267397435993,-0.0456892187173953,-0.0823241881355459
"civil",0.00801759593314862,-0.103118856947971,-0.0471396101146538,0.0896505325309462,-0.128007860684121,-0.0177613548835271
"civilized",-0.0215005108313826,-0.0825170196618175,-0.0984974000728638,0.0518788584798432,-0.0593519720970456,-0.0644014514529792
"clairvoyant",-0.00909095133134569,0.0177346782931315,-0.0278433427632488,-0.022348336694395,-0.0369202524827188,-0.0384275751155321
"clannish",0.061910210886573,0.201008907834863,0.0184551763298774,0.0798004973587371,-0.0563967785873492,0.158703712375109
"clear-cut",-0.0449880318230505,-0.0951789584139386,-0.317952270627827,-0.158728251487817,0.0728814818222909,0.0177634264586634
"clear-sighted",-0.0011924550753772,0.0346289335160756,-0.0842071778179057,-0.0485279746088753,-0.00505248196387026,-0.0493211314500032
"clear-thinking",0.000453527451699784,0.0603179521379874,-0.166017803248112,-0.0397133937824117,-0.0433912161323554,-0.0616969229810135
"clearheaded",0.0296484663449508,-0.00132323095479129,-0.277286164555371,-0.0141090279125951,-0.0356330420952384,-0.0512090515835121
"clingy",-0.0580316645468857,-0.082917813221972,-0.0284013898687693,0.0475034030828925,0.0010265914893127,0.0160703036360834
"cliquish",0.125316912011218,0.207203157864595,0.085071449723701,0.0469144367792425,0.0092825356540241,-0.0658474518552849
"close-fisted",0.196405000484087,0.168403705790014,-0.0100286062511874,0.123902968536846,0.0520579891801698,0.0920922614953191
"close-mouthed",0.074725266319538,0.628655379005647,-0.191222271458341,0.0750453657960417,-0.11550949262067,0.1051812225359
"closed-minded",-0.10470945614083,0.00861571470162503,-0.149602921801014,0.0965325825138367,0.232262322850678,0.282255885694621
"clownish",-0.027262346148432,-0.0290437525516742,0.0564769553534636,-0.0020839466665466,-0.032506355050565,0.073548561081147
"clumsy",-0.113062809699658,0.0205542396648367,0.158396726654977,0.0543679321983758,-0.0310267147305632,0.00662806158160677
"cocky",0.188213876546185,-0.0099399476053834,0.148720026558901,-0.301300631133287,0.122197432419448,0.00789504518742365
"coercive",0.580347199734809,-0.167881671220867,-0.194158696196493,-0.124896277781677,0.0813700583364769,-0.0778405728089226
"coherent",0.0162538552847746,-0.0570578427249615,-0.147871505308535,0.00617370010021509,0.00657838733317451,-0.0456288199821514
"cold-hearted",0.242058638408067,0.0636090629813894,-0.0397201025643728,-0.0408687273877335,0.0680079966953659,-0.0372415115631465
"companionable",0.0203874453617566,-0.548175057025024,0.0504622603703226,0.00504603154882026,-0.142943447892015,0.0977967366979633
"compassionless",0.260832786322509,0.159498718864084,-0.00867830324035467,-0.0610007247771585,0.147830909487819,-0.0553170174957099
"competitory",0.109526097982707,0.0134196224750315,-0.0290487729042038,-0.534395050799073,0.140724847070114,-0.174532529396418
"complacent",0.137823522546735,-0.0439203713683773,0.0757688573078229,0.170315047843165,-0.029146693940708,0.173727559411023
"complaining",-0.185795359452194,-0.0778986707640506,0.0101862496130079,0.0699474037560659,0.413558341016447,0.00197263501205722
"complaisant",0.320644992770041,-0.316737549642224,-0.0201765723129585,0.321918054942971,-0.30812752682011,0.167745547681711
"complicated",0.194538994803495,0.197664916081851,0.112042943283755,0.00461767125776788,0.0544554890461885,-0.272114619612974
"complimentary",0.12766595189858,-0.459068572041446,0.0563855262378164,0.0140259657431365,-0.275617338717864,0.0824391034178647
"comradely",-0.0262157781375232,-0.453210252896745,0.0297927041252323,-0.045993690842929,-0.192382372707747,0.175037881233504
"conceitless",-0.444818325798672,0.0999152706458977,0.0312462014740866,0.0925785318501387,-0.280105923714358,0.0658399886273061
"conciliatory",0.066323679029808,-0.292565437747915,0.0162193089520434,0.218339089388205,-0.355966209815718,-0.134094471566313
"confusable",-0.0390215371254238,0.0410922463178883,0.292038309677437,0.129372993163717,-0.0764072171618932,-0.0296077165097593
"confused",-0.106629357915522,0.0084337386832149,0.249154973495647,0.151500658029751,-0.0520948294083158,0.0243039064227964
"congenial",0.0811745121737686,-0.531744543514965,0.0992637443407814,0.0584171854528656,-0.243244989131183,0.117781675161167
"conscienceless",0.457690983266718,-0.0431738363455809,-0.003126425354239,0.0179484436198616,-0.0379991053440072,0.0264587110919602
"consolatory",0.0479469731072221,-0.441049435490379,-0.0785538478728378,0.194140692969474,-0.272309629298333,0.0362683523845066
"constant",0.0473994435592563,-0.0538677975822294,-0.308845128480175,-0.00826754508864206,-0.0533540767417217,0.0940728202583811
"constrained",-0.040808492969697,0.292867411932323,-0.239013652935448,0.242209958750608,-0.00294068887043974,0.085994789741185
"constructive",-0.0339256433440544,-0.0372712214385557,-0.0830050667276435,-0.051185900292396,-0.160005696518386,-0.0602318066531614
"contented",0.0093667682008681,-0.081322142402669,0.00284911106832701,0.14128840835528,-0.0683896417640485,0.10971340286197
"contradictious",0.210382346827294,0.0224371190916637,0.0240306702948384,0.0220803388512634,0.349928951619909,0.127616464975992
"contradictory",0.544211618094188,0.0808907358129436,0.120259357679402,0.0212059077391974,0.00968369498024675,0.0691342905667826
"contrary",0.126819268770427,0.112880935696383,-0.00457134077508251,0.0217984782985152,0.288767038802426,0.13831811869528
"contrary-minded",0.0751737534182796,0.170732270392279,-0.00501081651896664,0.00682091079644356,0.367111018524151,0.11856406687218
"conversational",0.113168666782432,-0.564931257912942,0.10075928683013,-0.0557623840219066,-0.00649355125945531,0.000107369175026286
"cool",-0.00434521041406678,-0.00404478249542911,0.317708768560771,-0.254767608502465,-0.0690144757803375,-0.0876961590249318
"cool-headed",0.182349579390056,0.120265539587766,-0.203247252270267,0.128772040353002,-0.20441922866892,-0.0126890104243531
"corrective",-0.0147345316629553,-0.0143141895329392,-0.287894406166592,-0.00291664760813002,0.00598639203438098,-0.139332918267583
"cosmopolitan",-0.0424947895091378,-0.158126347631544,0.195181010633482,-0.208928780346685,-0.00612873510748835,-0.471965575765789
"counselable",-0.0562617099121487,-0.326134744319473,0.024357960472445,0.0906894008492202,-0.188234938115923,-0.0972378581892898
"courtly",0.155526476819639,-0.118077334416045,-0.15592438614464,-0.0620712267282221,-0.0466019073587032,-0.191112960850903
"covetous",0.669414287466231,-0.12318413769859,-0.00136124665738746,-0.0170695866331719,-0.0539626564626913,0.000926604856929757
"coy",0.424469250434089,0.155972600599153,0.081842896534582,0.225630091735138,-0.267730518953583,-0.0884677201488753
"credulous",0.104990759017852,-0.120129099519071,0.122859945514638,0.0779769089275122,-0.0836190080029,0.120237674276151
"crotchety",-0.193970600219885,0.0871978912415245,-0.105808073941804,0.138727859351447,0.428826790294993,0.284456048071659
"crusading",-0.153048345974504,-0.0588788742481386,-0.136316761173898,-0.340412356613197,-0.0741901594996019,-0.179137263454212
"cultivated",0.000371395518470542,-0.0184431610627697,-0.110030085923393,0.0443164335511645,-0.0159426877411603,-0.221869315154834
"curt",-0.138782204083293,0.430366940984446,-0.0972080492502832,-0.212025545489729,0.330582840839941,0.0101432399869768
"dainty",-0.0781021838954103,-0.132431406747484,0.0372259293405576,0.115636707127366,-0.0069833348111906,-0.0863042362838091
"dapper",0.139213527829416,-0.0951468400449468,0.00850892966001412,-0.116492844031084,-0.0207286712503773,-0.210875252921396
"dauntless",-0.0537230231896856,0.0243810339272674,0.0208945967245549,-0.431935708955048,-0.0422080179155015,0.0406579878708812
"debonair",0.165309979425838,-0.157123895402126,0.0688084698141027,-0.178992483502462,-0.0807630228432918,-0.198552348613449
"deceivable",0.0850845849104764,-0.0430764461167412,0.133373317339111,0.0665503987947697,-0.0679429631513845,0.0929100466004895
"deceptive",0.907844209531661,0.0195363428220411,-0.0310114968231891,0.0208985627230189,-0.254496872004555,0.000154332372645385
"dedicated",-0.0291781752841221,0.019997061729305,-0.0877330051661666,-0.0230076788112795,-0.0350063078362366,0.0100964887489743
"defiant",0.0364098304524986,0.0594800301864585,0.115079955514429,-0.293897954810317,0.201361379608567,0.150327214978785
"definite",0.00116188346767632,-0.0452710773157256,-0.305811288011352,-0.113852373510196,0.0502913749426057,0.0628619183385391
"deliberative",0.0904467069587997,0.110602140819332,-0.363863148950043,0.0851305863538877,-0.0215659925871037,-0.0854106499486589
"democratic",-0.051300806331196,-0.121025083738832,0.0115240110678797,-0.0393144420807287,-0.156420914154853,-0.0197451292089031
"demure",0.00103969653722146,0.0149399167794831,-0.022207813451829,0.378275526447203,-0.126249477838277,-0.0713263694597137
"derisive",-0.0182639107014001,0.00479990830952864,0.00519698475338815,-0.000591974432995151,0.372551558947007,-0.0183449047437058
"derogatory",0.0274143488121169,-0.03048682824581,-0.0109387184136949,0.0189763726055119,0.103820000845799,0.0213253761037297
"designful",0.0478089109261183,0.194653636234919,0.0910973915230318,-0.0575980153582052,0.115400907529763,-0.366395493370698
"despondent",-0.0484164918588627,0.0823341541783865,0.0272431625592095,0.0661784116326026,-0.026522888744126,0.0287899934749825
"destructive",-0.039083538393418,0.0305488750287458,0.0028877661640139,-0.047967293732973,-0.0119938508384879,0.0328599905241539
"determined",-0.0232795269708229,0.0475725073391299,-0.0764186192448716,-0.169500585849024,-0.00805999522918485,-0.00210052151506445
"devil-may-care",0.0209733467812267,0.0442827900952378,0.511648578995617,-0.229590842711922,-0.0310890783804972,0.126196578858964
"devilish",0.654865137079596,-0.027039492546084,0.043705856341727,-0.102988517190164,-0.0914740757623347,-0.00583528450763276
"devout",-0.147963294773418,-0.161737761698475,-0.192288900929776,0.0387539439684308,-0.0413126520173268,0.0432024166871026
"dictatorial",0.0148007784690565,-0.042631990979905,-0.207268756461195,-0.152569956801049,0.344615680194085,-0.0565555281380609
"digressive",0.0490717586281909,0.0795502187159421,0.392909115632745,0.126115830801904,-0.00493745491740261,-0.0304651081539425
"diligent",0.0176200796719599,-0.00103828138344598,-0.256712080258826,-0.0148715528690865,-0.0224326377117558,0.018029078988657
"discerning",0.0230156446786717,0.0772180141616757,-0.108487384343881,0.0221842258514374,0.0293648161645372,-0.149495193061652
"discourageable",-0.128700929894799,-0.0409161162982833,0.156720435770174,0.191128776362551,0.0369047365716714,-0.0506309852255069
"discourteous",-0.0493189304814891,0.0877971686817777,0.0373620428525868,-0.0262145874564692,0.273785354232691,0.0163999250522609
"discriminative",0.163783986526851,0.200542359267628,-0.113947409889215,0.0513783163527603,0.306235717751869,-0.142628253143876
"disdainful",0.0329095689635056,0.0909586980001936,-0.0342230142753404,0.0241711045918855,0.397388598736902,-0.0472287080928438
"disguiseless",-0.570719683977085,-0.163392261794042,0.0489544772076514,-0.0236757886576494,0.199725980279077,0.26250138722952
"disobliging",0.0540880229281845,0.0947081579877034,0.0315415929230384,0.0534916100529815,0.420701669441904,0.0247814346681553
"dispassionate",0.0345952351758606,0.376627162673143,-0.20059570248141,0.074193249633103,0.0186351854957438,-0.0581734736381176
"disregardful",0.240968657611182,0.174486020223775,0.343985797999717,-0.0722058494484307,0.179874132598205,0.0795747606546909
"disruptive",-0.0315010943476359,0.0530114771580681,0.30476452648635,-0.286640541791834,0.130883035564225,-0.0957766781187151
"dissatisfied",-0.160228705024313,0.0858081482363232,-0.002837648133968,0.0355555706785858,0.27674490293122,-0.0203962703135487
"dissensualized",-0.0386871793503395,0.0270966198093765,-0.00246050642341688,0.0029300878361973,0.00893504981855585,0.00871256138755522
"dissocial",0.04722956686171,0.630391213058547,0.0904971202491481,0.0901830473537021,0.0382876621511246,-0.0935054398977479
"distant",0.0475953467054635,0.740906695951434,0.056376039317255,0.045850555177359,0.0147633508362442,-0.134514140854405
"distractible",-0.0997905502613962,-0.0226510157076256,0.559980771218737,0.140977708653672,-0.0351274534100585,-0.0370004665311846
"divertible",0.147764633696029,-0.106058487932959,0.311433645239872,0.0228628361474482,-0.0339366779387002,0.0412672611062208
"doctrinaire",-0.084977722642908,-0.00526232022413439,-0.264331620709568,0.00181626678206938,0.252195012686507,-0.0520665715928216
"dogged",0.0355948292303623,0.0419713780971692,-0.175414839093002,-0.119207628983442,-0.0213222332787666,0.0736093467305394
"doleful",-0.026269290581485,0.0680175571820816,0.0177038143330053,0.117688007467328,-0.0122279265381556,0.0407187940062692
"double-faced",0.853412530004271,-0.0925804058724469,-0.0582915998876127,0.0663972320979351,-0.190008558685073,-0.0405458936300862
"double-tongued",0.836998659702802,-0.129972768814956,-0.0502959769297909,0.0920041554392671,-0.120998442372257,-0.0498347244929468
"dreamy",-0.0854338855588825,-0.0655598259770549,0.406939900418265,0.0896638210543269,-0.0671402602054405,-0.188371916692241
"dull-witted",-0.0589301154524952,0.0121933853999877,-0.00980919057778004,-0.0093560961749503,-0.0263149759706788,0.00856154611716937
"durable",-0.00843594282567321,0.0127087230156314,-0.0607665628868816,-0.0832743651697455,-0.0351805985993046,0.112967918617501
"dutiful",-0.0375087504592763,-0.0888506457732557,-0.313449051695144,0.0227191712133295,-0.0444910879594264,0.0792990495561332
"dynamic",-0.0415555552402534,-0.0591975620450492,0.253228583247501,-0.421773995271361,-0.0578589176731316,-0.272957006402912
"eager",-0.0267511284052933,-0.0972446341572865,0.0634204116574906,-0.20203712332143,-0.00785455328607519,-0.0707848293748106
"eagle-eyed",0.0546095649439346,0.0845836388158965,-0.187059849894999,-0.050349309813548,0.0968483031836355,0.00678522272368217
"earthly-minded",0.0663212256828362,-0.183229945988907,-0.207612747776039,0.248273302686444,-0.0224738652328297,0.287915703447378
"earthly-wise",0.0361786205203599,-0.0448040216467148,-0.0724240328611587,0.0164412235877383,-0.0182356157269529,0.0482164754569746
"easeless",-0.126305062596532,0.181961271918427,0.163906044113918,0.0889412576132207,0.0223879510561347,0.0135727674751927
"educable",0.000621860705787215,0.0330896732633395,0.0966166406421618,-0.0280238927579395,-0.136561590407413,-0.209503756475692
"educated",-0.0701017134253287,0.0633632566590703,-0.0368346149300234,-0.0232646422977529,-0.0187543696855191,-0.223533344202257
"effeminate",-0.0606806673600765,-0.00131794824451334,0.0301195037435709,0.0483052020772431,-0.0208965515403653,-0.0290271993324668
"effervescent",0.0370721039626335,-0.432843813100166,0.318025777369194,-0.171487258165007,-0.0620736377899753,-0.0882507009658393
"elegant",0.0176489331032885,-0.19467796432478,-0.0236843443297139,0.048932721698513,0.0073916244389077,-0.379510541638163
"elfish",-0.0681965635684281,0.0330416256715052,0.000487157330541524,-0.00394421017427211,-0.0310288467438976,-0.00637397834233507
"elusive",0.415765824821788,0.585850885942979,0.209123796001017,0.0470258843781594,-0.294358734587095,-0.246165742598124
"embittered",0.0319960682827528,0.065348720266022,-0.00416619997142039,0.00896595512501909,0.0933745009217924,0.0453397950235751
"emotionless",-0.000321730691488077,0.281062163697935,-0.0654848286727895,-0.0116890308329236,0.00397581566382918,-0.0260838106235382
"emphatic",0.0247296482921974,-0.279670717527545,-0.030776705615408,-0.105758113825587,0.0971622775793993,-0.00985774319594696
"encyclopedic",0.112221904309191,0.172096529905374,-0.208739808895746,0.137535467482172,0.0952642953475798,-0.278987717821436
"enlightened",0.00517237211646953,0.0324567634046808,-0.0317782665949151,0.0610428654883501,-0.0517872895442549,-0.281772615076702
"equalitarian",-0.245841985074821,-0.0739830193862083,0.0334432222564342,0.0364776567364169,-0.215152298740933,-0.0421984602476267
"evangelistic",-0.0215527333310158,-0.210543268940879,-0.00792721943418552,-0.246942833280658,-0.0263554912644347,-0.142156187357072
"evasive",0.797075972011071,0.282130275633155,0.130959021451663,0.0975463571578979,-0.291961234868694,-0.0562591795676794
"exact",-0.0188200946358605,0.045861823070974,-0.366885718336517,-0.00196822615234081,0.0517829464956262,-0.00158153221822066
"exaggerative",0.337358010118199,-0.259753229478147,0.123766453829099,-0.0947373775745182,0.0729169760076389,-0.0475998120317142
"excessive",-0.201243136577781,-0.217216266420433,-0.0624342961438508,-0.150061116004296,0.348437345011352,-0.118346685418858
"exclusive",0.14305474356319,0.275221581462849,0.107313294425012,-0.18333434338255,-0.0792118614453465,-0.277144173918912
"exhaustible",-0.0570386607973754,-0.0736047385029476,0.13749186124515,0.250150656129428,-0.0243677253745892,-0.11280426162867
"exhaustive",0.0822649891371411,0.0489947959031481,-0.287674413524838,0.0172708489230927,0.0465402876607419,-0.0827272420855891
"expansive",0.0407943884619225,-0.18047269006194,0.252265410760931,-0.284110199969517,-0.0328931561380187,-0.222178278285134
"explicit",-0.0975305224065541,-0.173145327107993,-0.0480755123616051,-0.263344828925293,0.204683694034641,-0.087605563750053
"exploitative",0.770776408121505,-0.116443583211543,-0.0790201900902537,-0.00328849292595356,-0.139169361482342,-0.0281709980511523
"facetious",0.232324858079087,-0.101846039014304,0.240213982078828,-0.0160132241008258,0.0301221956841748,0.0214104217527782
"factious",0.360609009143989,-0.0738245039530624,-0.0289370334874355,-0.0292775036531982,0.0781618039549689,-0.0721484278016021
"faint-hearted",-0.0593474661985854,-0.0169762072901512,-0.0187517971517492,0.064031782896832,-0.0376977194179517,-0.00083954691395412
"fair-minded",-0.518462303873259,0.0784519430608291,0.0302066083574208,-0.010149037754089,-0.241614520990472,-0.0549166304258266
"fair-natured",-0.399822315999936,-0.0822397474764289,0.010261638632752,0.000648106864463002,-0.345074254251707,0.0159183782831158
"faithful",-0.329686713520817,-0.0365418766178138,-0.0897386681984894,0.00299880045946053,0.00257419778779437,0.0234691779557061
"false-hearted",0.700718660719743,-0.0913550275506898,-0.0495751027943253,0.048724920915176,-0.13691424089357,-0.0157269427365136
"fanatical",0.0367254719093949,0.128842070173623,0.106770005741674,-0.19024076417671,0.211670520229072,-0.0434336252433956
"fanciful",0.0100126497033373,-0.0915317900365948,0.4443136358699,0.179922627048451,0.00596862789128211,-0.24817892400635
"fancy-free",-0.0275803120972787,-0.0706938830737622,0.426210132704189,-0.00541291045069681,-0.134970841790172,0.126588262543085
"farseeing",0.0258484968596443,0.0687122665430892,-0.183507534521958,-0.121798805726345,-0.086302863847494,-0.261124163430168
"fastidious",0.0557761079593836,0.0276598271641588,-0.36016992174335,0.145578589588207,0.115976907223722,-0.190182179857596
"fatalistic",0.0753080876602782,0.073367462610613,0.00901920676324103,0.0777514446113434,0.0302403505198215,0.105585507835157
"fatigueless",0.0854988038428251,0.0165675395155044,-0.0623769880840615,-0.152847034817699,-0.0960850661498983,0.14756055665712
"fearless",-0.0514643432377258,0.0439015633413369,0.145374981365145,-0.419160405943802,-0.023836762485568,-0.0247278494742931
"feelingful",-0.0357623993731137,-0.379870513576307,0.164961831315763,0.106647721619078,-0.0844966351422354,0.00398036237018305
"feelingless",0.0364553270195814,0.150690364653164,-0.00404655239919356,-0.0214412066479227,0.00596364007026863,-0.0164248871495709
"fervent",-0.0322099539497284,-0.0981748174768515,0.0680705503010995,-0.139617031516276,0.0708749874167314,-0.0636764758200017
"fickle",0.0416453635273676,-0.0424844128624664,0.200126355195775,0.024231217653369,-0.00128153768127721,-0.0392801277817255
"fidgety",-0.133270174717069,-0.00933746569072916,0.349585503212465,-0.0752070902224192,0.0141570551410726,-0.0444843140283122
"fierce",-0.105864867447156,-0.0279407617841353,0.0899727613782915,-0.635370911136709,0.0784277466130037,-0.110328499258834
"fiery",-0.161822193560151,-0.150370181860582,0.268030641440117,-0.499830507714855,0.211246288577672,-0.0286466151111046
"flatterable",0.295903441936497,-0.288312825593497,0.163443957906115,0.0737277637863697,-0.0687885584873588,-0.0110377612362649
"flaunty",0.0133632535561258,-0.0797695056011298,0.0984214486152813,-0.093788013849319,-0.00934352917567802,-0.0540997827773021
"flighty",-0.10788713480746,0.0121650749215292,0.26031417120809,0.0216436066273744,0.0113804115542256,-0.0427140013405218
"flippant",0.0217034183143781,0.0113941780563579,0.231120835949022,-0.0502777358184962,0.0256642318128419,0.046589084657084
"fluttery",-0.114717835203359,-0.136037174518442,0.158575826699765,0.107188255138961,-0.0139703133328726,-0.0923280808584338
"folksy",0.112207730246671,-0.25216153949877,-0.0141641666011763,0.266709994832919,-0.0480150421296169,0.55677315014063
"foolish",-0.0291182876556395,-0.0520132987358327,0.172582862146848,0.00610145463266634,0.00343427100028695,0.140312783646746
"footloose",-0.122715636587,0.00494734106306794,0.520324905724469,-0.176509752654765,-0.10369213488845,-0.0424702666557582
"forbearing",0.129545445619698,-0.0023337434213061,-0.0846626516864545,0.376080565517406,-0.496582884311548,0.0337396424465318
"forceless",-0.0384512763327556,0.0248895963210173,0.0288266734672515,0.180877088347878,-0.0480973603567121,0.0136033515729639
"forcible",0.0227647631424378,-0.0613046396257933,-0.133712927023837,-0.551207275157108,0.152417923504932,0.0462025859640119
"foresightless",-0.038206291699656,-0.0245550693254279,0.37050253877803,0.078161677540417,0.0195500383669674,0.155252544222846
"forethoughtful",0.0275443089454852,0.0113290318386611,-0.339070359307203,0.0218467499136599,-0.0609135244589562,-0.0913351098590397
"forgiving",-0.0934617380649807,-0.044366598262326,0.165669785547877,0.143343660222405,-0.498723807170949,0.013640056940528
"forthright",-0.599777812901768,-0.151618174396671,-0.0510082840080716,-0.155234819126551,0.237793856220052,0.0610971610968777
"forward",0.0522417473564183,-0.326240169472602,0.0160339394700686,-0.474275974877598,0.135794752519153,-0.0742227496930573
"forward-looking",-0.0545443181747307,-0.00988571062461904,0.0802699064943215,-0.289604689414822,-0.150817072707092,-0.391669624144361
"foul-mouthed",-0.108601311208296,0.0199436179977698,0.0430856889155391,-0.0622327629824538,0.0650685159015591,0.0840670847489358
"foxy",0.184873898699546,-0.130953214577238,0.266710938493986,-0.271939606588097,-0.113152663006058,-0.146981240687239
"fraternal",-0.0973252685068067,-0.350934435938605,-0.0942988679783366,-0.0772964547742728,-0.106288010832928,0.277809526614471
"fraudulent",0.483745331793648,-0.0322328446398497,0.0072528124368971,0.0198159879199,-0.0898766042963616,0.0490762303533295
"free-living",-0.075771427936807,0.0846870253709005,0.550563033384822,-0.194084895194389,-0.126061421976443,-0.00597380520373326
"free-minded",0.00411561008252047,0.0111224114881239,0.461600438149426,-0.0793496796271511,-0.170170801398105,-0.202301265097851
"free-thinking",0.032225404096481,0.106077773039228,0.252074217903885,-0.0751569862827933,-0.138029878829688,-0.245782748502082
"fretless",-0.0219358560725489,0.062350312969326,0.0181360660577735,-0.0321452240951877,-0.0628526341633377,0.00436809611845681
"frightenable",-0.101956194919781,-0.06001711246826,0.087345018457446,0.12845801664111,-0.0397220110808898,-0.0181361016303259
"frisky",-0.0430125229153579,-0.123392170832972,0.271998352634624,-0.110550765762582,-0.0697712656179562,0.0445977773987859
"frolicsome",-0.0886699750563943,-0.258819002777278,0.317498033012125,-0.00783128478764792,-0.0893889093685246,0.00967312077670091
"frugal",-0.0113177840761538,0.0886621190798334,-0.18336065293338,0.328314126868226,-0.0125024685315565,0.0891225956859233
"fussy",-0.0175174990681732,-0.125962102284593,-0.234980169734224,0.328083233209516,0.381745802039261,-0.0834928510402726
"gabby",0.186350710949308,-0.548072350958361,0.246155505954139,-0.0391684801514979,0.0442576387288026,0.063129026518929
"gallant",-0.0435257700100074,-0.215851644505867,-0.0838823143312769,-0.227726509588503,-0.113415547902455,0.047276925110355
"genteel",0.103462218676223,-0.282246778550749,-0.218897954277465,0.263256824596561,-0.0836449119265821,-0.231706030401903
"gentle",-0.0122116678028668,-0.0986141229720025,0.0430947371909674,0.389029438893267,-0.316544723514254,0.0868382138065368
"gentle-minded",-0.0639673801481509,-0.124037797893796,0.0387308565807038,0.444568208639204,-0.321266398290351,0.0643412454154732
"gentlemanlike",0.0973937623064968,0.364881796221146,-0.0805003514033318,-0.176448595838781,-0.158249435025445,0.278268061413628
"girlish",-0.105031289784772,-0.119960030252793,0.0612815703162883,0.046676514985292,-0.011121674046993,-0.0629601620446704
"giving",-0.182628442483894,-0.321800037003437,-0.0287729893069264,0.0766899951184817,-0.102806621564509,0.0284757880056188
"glib",0.710373219667326,-0.165342113955003,0.049504689591889,-0.0245861034758074,-0.0974191839989492,-0.0418672822449341
"gloomy",-0.0787537935439689,0.162417956374628,0.0203648573111301,0.0563650147948826,-0.00264816158942202,0.00452075724269629
"gluttonous",-0.0385260767580966,-0.00341468644279421,0.0134825299258586,-0.0282723653762262,-0.0035881444508797,0.0272738252895084
"god-fearing",-0.111086527931861,-0.187892031393068,-0.204336382125651,0.0818625158751602,-0.0171528693881205,0.197851224683541
"godless",0.0865687466368296,0.244858432926837,0.154125945357043,0.0355343206650669,0.0163171021712934,-0.106442677943994
"good-hearted",-0.314962786109365,-0.13909182822811,0.0491695347237921,0.0887936686101139,-0.0877031652866064,0.0821200510010116
"good-humored",0.137363833709822,-0.32414409405451,0.14505679013151,0.0656294579658689,-0.271495718800453,0.147359397650701
"good-natured",-0.00862793619414461,-0.244102234591671,0.114096824801548,0.119361842781743,-0.337349395735159,0.135562818996329
"good-tempered",0.126528528554665,-0.160189564753,0.0961961464308859,0.168610640561711,-0.500025572656428,0.13270083379512
"graceful",-0.0295121426962833,-0.188751373016709,0.0707678508428602,0.00796570718264155,-0.194144549324496,-0.208498772996278
"graceless",-0.101677027727522,0.196930340818827,0.0988468764887827,0.02734163664049,0.138291294856916,0.0825458007712029
"gracious",-0.0095956195935453,-0.366831200581059,-0.0183002272437277,0.114843581415569,-0.220694467437756,-0.0408968060987804
"great-hearted",-0.204976297995571,-0.19364477033795,0.001479997213882,-0.00446476443280168,-0.0971741768946726,0.0429774490956551
"gruff",-0.0920238274137786,0.293668770103094,-0.0807877551504352,-0.154696271867951,0.268395449012333,0.329694896168474
"grumbly",-0.229859609909126,0.143671244102089,-0.0940251284045186,0.102888672486705,0.461806310864913,0.339559119564573
"guileless",-0.530484143202357,-0.0927261546462422,0.0453760979415987,0.132613807643561,-0.137118560782066,0.193466137645973
"gushy",-0.0158053390236386,-0.279111011919359,0.139002743390209,0.0844264418047386,-0.0171382937998132,-0.0138213452470073
"gutless",-0.0386415252892861,0.00777120056508077,-0.00803753110597284,0.016438633917522,-0.0120123896301861,0.00531348303487971
"gutsy",0.0177019533903325,-0.0700404864673064,0.158366821675359,-0.458420116127914,0.0412500618124978,0.0778144168141838
"hard-hearted",0.100269448489214,0.0774735910113458,-0.0449063053153576,-0.0609504401680098,0.161565053913117,-0.0139554338134783
"hard-nosed",0.127065705344906,0.0772160557032043,-0.35654804444733,-0.479256377181381,0.286064325421043,0.162972560843119
"hard-shelled",0.105201779026865,0.374245721952478,-0.200456723743159,-0.15546135797715,0.174509363736386,0.174781395441593
"hardened",0.171145069329506,0.247196032067358,-0.222527618671916,-0.395975396648975,0.0564207961219264,0.269494556960874
"hardheaded",0.0723591710244348,0.115358594855584,-0.188917699680511,-0.329270706548449,0.255292592333016,0.21066278972877
"hardworking",-0.0110834967564895,0.00410004484681157,-0.142652357760106,-0.0525670274504679,-0.0279526046405696,0.0223949864763003
"hasty",-0.124702676530579,-0.0709431913899644,0.436061266515772,-0.223850592628684,0.0301471315852856,0.083375527453396
"haughty",0.0361727548638955,0.0280690859355772,-0.0656935957155887,-0.0562736184902647,0.271731979623191,-0.104798775034506
"headlong",-0.031939244173832,0.013832304026366,0.412658645816318,-0.401738520309497,-0.0572785865800384,-0.00772719418230229
"headstrong",0.00521062170025498,0.0293837244846934,0.0592743247703973,-0.479218780789793,0.176822678313879,0.0507760874280401
"heartless",0.199080531500773,0.0366389873718234,-0.0175954373869878,-0.0353207867971569,0.0206713305619573,-0.0236538796099985
"hectic",-0.102859239890074,-0.236887137075856,0.189610991314562,-0.524791638114407,0.0341236213389287,-0.214512016591003
"heedful",0.0563031404564297,-0.0263866391016195,-0.352807828306906,0.0534952730182942,-0.054814955901046,-0.0240846672103064
"heedless",-0.0198750171067212,0.0859666672933968,0.473830795768701,-0.0166202358893262,0.00440805742596991,0.101433279900691
"heretical",-0.0781907490341673,0.0527312775122852,0.0518920483150684,-0.00620616149883373,0.0240452206406925,-0.0120433317649301
"hermitish",-0.0185769032648401,0.645734913079483,0.0411357607374451,0.272809677862012,-0.111517737668345,0.0128650256771353
"heroic",-0.146616062368226,-0.0790987211290873,-0.148239871649786,-0.280782752803388,-0.153738343206402,0.0465849747534549
"high-handed",0.335318328395399,-0.125770710347306,-0.259659030120047,-0.154547042388501,0.425727890068959,-0.0886358362817112
"high-minded",-0.184787011504889,0.0588358223842284,-0.127998366521312,-0.0651759819209956,-0.123215842954329,-0.33747971178003
"high-principled",-0.644459841904769,0.0876289361692554,-0.0900966779460872,-0.0601588427309961,0.0114814936876929,-0.0195895267965368
"high-spirited",0.00941127239562103,-0.379250436848686,0.287539909561631,-0.276749314052349,-0.105417539320172,0.104117449423495
"highfalutin",0.095476268125686,0.0105006765867646,0.0147724008096993,-0.0633778432205945,0.014860784640665,-0.085903428886154
"hit-or-miss",0.0200116048083845,0.0413078295098127,0.571623006480517,0.0587338367389163,-0.00943723086510524,0.0498603339437735
"hoggish",-0.0283812047247736,0.00754158818027943,-0.00828199513610038,-0.0266164138123032,-0.0238553950161112,0.010715295633867
"homespun",0.051978147466311,-0.178511321626914,-0.0747052977935113,0.445999170189078,0.0651680592523023,0.556313887548026
"hospitable",0.0275585208673969,-0.456813935984291,-0.0189728320666808,0.0668544802088038,-0.0210247152060532,0.135801745219899
"hostile",-0.106657005402198,0.0415427622704169,0.0109125821976661,-0.0783516224856587,0.261497298098371,0.0431241169799588
"hot-blooded",-0.183945589829072,-0.0848377218440113,0.300277195219027,-0.482541950639667,0.141765750441227,0.121432075771728
"hot-tempered",-0.204869262050921,-0.0393149475553044,0.0589039112030726,-0.254527261052723,0.327267399130487,0.120511332499165
"humane",-0.177559899111822,-0.113824485638604,0.00178689787000054,0.0555058700008094,-0.12724148353591,-0.0127309747554235
"humanitarian",-0.250771713052065,-0.294872185681514,-0.0558562955068494,0.0489400023422614,-0.188946299549658,-0.0764386980911819
"hypercritical",-0.153879462899018,0.0223771061081707,-0.244833137221936,-0.0308645729950481,0.517070851420121,-0.206316694043557
"hypersensitive",-0.212426860381557,-0.146374582297267,-0.0112093098116814,0.164417314980146,0.174736586264668,-0.12624319674122
"hypersensual",-0.0711135328660901,0.000973201111837488,0.2766856916633,-0.0410555438627125,-0.0378530600176301,-0.128837269132685
"icy",0.0647997475183692,0.470337915295268,-0.0583176638018007,-0.0630454536673718,0.157902952170914,-0.148679873116176
"ill-humored",-0.143394512610219,0.129304701997955,-0.0370313210178338,-0.0161891144724822,0.328695221854421,0.0567122344151565
"ill-mannered",-0.0457033896514334,0.0802948917921703,0.0351870233508925,-0.0248313305873448,0.105851446871215,0.00731552780498427
"ill-natured",0.0987677380193072,-0.0144489343277257,-0.0220173878097853,0.0279570411396369,0.133059326230035,0.0103481717897795
"ill-tempered",-0.190950524240458,0.0545726146460485,-0.0267661110639488,-0.0585659813787855,0.394074519921888,0.0683563695901498
"ill-willed",0.546445313066992,-0.0861298022273601,-0.0796288040551916,0.0464275313072803,0.0293443224694895,-0.00181611803281242
"imitative",0.132386751694938,-0.0787904961672965,0.0179928341571558,0.0871001664953594,-0.0621788900550241,0.0395247935734342
"immoderate",0.000967739817119388,-0.116311308264769,0.116004176835291,-0.365046466829805,0.204667570699021,0.0545969401836617
"immodest",0.35561175729896,-0.0144401501219461,0.178369730448705,-0.140830991646139,0.034433702456988,0.016216505529882
"immovable",0.0522254073600071,0.189792680693612,-0.340824428075645,0.0296227424736171,0.124640191755783,0.257055842447839
"impassive",0.0771908158583479,0.467553712902578,-0.12195279201386,0.0440273435446324,-0.0617358022912114,0.0307808261345239
"impertinent",0.106978945960037,0.014845534978172,0.0719174287561567,-0.0374831183744569,0.230614242485278,0.0369645721091526
"impious",0.0556459690878656,0.0340469159111257,0.0397192237907338,-0.0418434628705473,-0.00173947897041376,0.00859746638372964
"impish",0.17841730038897,-0.116141232896517,0.226029579804503,0.0474878070847785,-0.0514459664620322,0.097480221008942
"imprecise",-0.0162206425501047,-0.00892679691411853,0.398615095917688,0.134696747233716,0.0166541493156701,0.0330368336219916
"impressible",0.0723676507515132,-0.298322625875183,0.294185594214725,-0.00765355500486542,-0.146135635394094,-0.163231884109355
"impressionable",-0.134683962554343,-0.122570855273596,0.28405957308399,0.0555188959724406,-0.0685177580527804,-0.0710256183408686
"imprudent",0.140251112102752,-0.100027495874194,0.327345198499421,-0.084265530190773,0.0238257867571667,0.240919534541198
"impudent",0.271552098086217,-0.00902102381083966,0.224504861813316,-0.119357478236365,0.12376905084091,0.0606712654431508
"inaccurate",0.0300638206026136,-0.0137263947230195,0.213583266914961,0.0673212599698005,-0.0326439357485757,0.0200190835202448
"inaggressive",-0.0738339610188956,0.0189055504864337,0.079218401746941,0.468533159010037,-0.110928897486437,-0.00963427001087996
"incautious",0.00578223471078275,-0.0370619725094859,0.273860949257672,-0.069089047851124,-0.0212182328499972,0.169415802653448
"incoercible",-0.223747586350867,0.129890743397594,0.119549555660078,0.0869006564410844,0.0441680223957272,0.0681985603397618
"incompliant",-0.0236152116938802,0.15606090080806,0.131463592056628,-0.063419354675297,0.288758323078254,0.181648840310739
"inconfident",-0.0980698180377506,0.133216213398809,0.0953859849709697,0.130074410039505,-0.00976994013946024,-0.0648618349856459
"inconfinable",0.101371735302899,0.169576142656638,0.472837060687064,-0.249998430846348,-0.144101023954736,-0.251819518150463
"incongenial",-0.131642837052772,0.536574080959753,-0.0126709725003111,0.0256039302575032,0.264924093892085,-0.0159018796402648
"inconstant",0.110360198052978,-0.00849883488996489,0.280037596822781,0.035950902942943,-0.00285108480401446,0.0111677144950765
"incontrollable",-0.0818210165750186,-0.00909335793877015,0.252636408711106,-0.153023159436012,0.0969053945708345,0.116191898419794
"inconvincible",0.147283798930903,0.134123733889378,-0.0181947234157118,-0.00315068873323935,0.214902717062011,0.290066890775379
"incorrupt",-0.814376566309576,0.133095001043191,0.043568728546423,-0.0361993708292779,0.0821495663252129,-0.0200162568485183
"incorruptible",-0.741973442957034,0.130156006854682,-0.00460659439756043,-0.0288716370297081,0.0662244667442713,-0.0293728470539746
"incurious",-0.0529736026670165,0.0126797707586685,-0.0108923052874064,-0.00400521167928641,-0.0262553697845446,0.069518778161386
"indefatigable",0.0501214623749634,0.0133682984158049,-0.20505148086944,-0.13938455742392,-0.0837102083988425,0.0786536816694727
"indefinite",0.0238635212497952,0.122530089515062,0.154441191310434,0.0790325894560235,-0.0985247409543693,-0.0148153570429403
"indeliberate",-0.0618046498191516,0.0059864028642312,0.34312268029248,0.0671681324101825,-0.0228486799482754,0.0491589230272975
"indelicate",0.138880300069483,-0.022968657886885,0.108737994276466,0.0165377132625015,0.216966314804922,0.124984420309913
"indestructible",-0.114613322603528,-0.0243280993671131,-0.0718091000684622,-0.252732238875344,0.00911628067334978,0.0702010329184914
"indifferent",-0.00418669312462194,0.247631212258809,0.0603338275622796,0.0372681743361033,-0.0381536000683432,0.0241611841590758
"indivertible",-0.00169332961375214,0.0248927785029805,-0.0439023341323521,-0.00652969400039973,-0.00102394010206723,-0.00165902366111365
"indocile",-0.222347168684039,0.203731138144229,0.206712886374227,0.0561919476555108,0.381101310008879,0.284896220449196
"indomitable",-0.0154288657398191,0.0274042218997597,-0.0444765269773102,-0.306928804997061,-0.0272115091587169,-0.0109731043338084
"inelegant",0.00843219224598458,0.167322707485317,0.0234214385685721,0.0452848096576878,-0.0502742524490584,0.294639614107217
"ineloquent",-0.134818970431706,0.255673863808114,0.0422615566200102,0.0189659848722864,-0.0160937849174742,0.278000509492318
"inexact",0.046467808373936,0.0155059660819693,0.389598333732344,0.0800052712264716,-0.021196827117739,-0.0220684918472179
"inexcitable",-0.00397530169281381,0.243972053681614,-0.301390140122807,0.400634814282346,-0.0485560789806502,0.124992993782205
"inexhaustible",0.0178320492282836,-0.0405676932207604,-0.102718681726048,-0.130930721211253,-0.0678422121462729,0.00647749482535179
"inexperienced",-0.104355107675034,-0.00298189805256651,0.167347225256866,-0.0113555569783534,-0.0447130159851531,-0.0292709751522207
"inexplicit",0.0957386827696535,0.320725087384717,0.122310226821158,0.0662486857604845,-0.196434941039715,-0.00509273403039875
"inexpressive",-0.0653564578158932,0.446146700814189,-0.0591079462903241,0.0347240365517764,-0.132451847152553,0.00340633883086892
"inflexible",-0.205947963622239,0.140132936589535,-0.311587013911967,0.0172573115237667,0.375760234819616,0.165964651290649
"informative",-0.0112288962564974,-0.0678021828724731,-0.100889089904882,-0.005311983302998,0.0226789104648785,-0.1054895084224
"informed",0.00706234321095561,0.0458263028206532,-0.04154897119561,-0.0158519798336335,-0.00866182129829107,-0.130669255693116
"ingenuous",-0.384363572994161,-0.193704026418674,0.174511712136375,0.0766043839774142,-0.0616506039287509,0.052138685005884
"ingratiating",0.730410837857445,-0.327977800396515,-0.00352493808906605,0.0875553259524384,-0.103598186308477,-0.043007484489663
"ingratiatory",0.735239158416589,-0.346708374581376,0.00264703632308908,0.0734119817469242,-0.139118606630805,-0.0770594491234069
"inharmonious",-0.0974918737859601,0.0854754099647585,-0.00895477382066166,-0.00988402438698093,0.149445053955838,-0.0177467240375673
"inhospitable",-0.0473718525963038,0.409727447929012,0.057577193635035,-0.0350447553390066,0.100138457440574,-0.00973018459847676
"inhuman",-0.0609145084395949,0.0223809115109129,-0.0100372192961878,-0.00845177623692255,-0.0250143008931349,-0.00766065777335546
"inhumane",-0.051303634515734,0.0136888959132357,-0.0118580042145591,-0.00743791658037038,-0.0254847168285263,-0.00785244453427224
"inirritable",0.144103489346615,0.0976181476410453,0.0045873018686833,0.146751995244495,-0.254001665941958,-0.0076761669224889
"injudicious",0.184449543468751,-0.1730120395018,0.25333103126279,0.0876328344509443,0.141017179483838,0.261534140955939
"inquiring",0.017506743845776,0.0653460982336007,0.0230828053275523,0.0388516282169233,0.00313786041899777,-0.281478940607358
"inquisitorial",0.154813818410928,-0.0245279759764084,-0.0937821816930502,-0.00191213927181244,0.184677094087708,-0.3297027402565
"insensuous",-0.0237985027248896,0.172782227816545,-0.0735865555523149,0.0201568936913038,0.00464487727538969,0.0311828989291915
"insolent",0.0175798518460051,0.0518692817606451,0.0838587215721441,-0.0447007800231286,0.141094914374205,0.00819228140604504
"instructible",0.0823277329698553,-0.0354528599131797,-0.115869874472655,0.0611253085334854,-0.152043668805299,-0.136092703134566
"insubordinate",0.00718425113965694,0.0786830774024023,0.0826515303629556,-0.0126492789877348,0.0404678005302942,0.0299202355393922
"insuppressible",0.0848255050044808,-0.19812745966091,0.183783144594508,-0.3120482335776,-0.04704630378786,-0.0598840981415184
"intemperate",-0.10163021659167,-0.0589294028596571,0.132763364891534,-0.230177295286031,0.240888282191892,0.146549873068529
"intimate",-0.0871547223859268,-0.427056037063875,0.133921683760888,0.132732174978819,0.00522848536191546,-0.144931463619972
"intricate",0.0349638194463923,0.195156270255702,-0.0106918847921913,0.136515690827187,0.107192654749139,-0.302226976208004
"intuitive",0.0559538694922428,0.0508876140458831,0.115241768598415,-0.0672264763532633,-0.105364614911563,-0.182034046275949
"invariable",-0.0299841472093063,0.121298748549939,-0.246861373637982,0.159960691538015,0.0167503214188451,0.342125598045783
"invincible",-0.045263388982529,-0.0257015982786963,0.00306780341290845,-0.360445658493931,-0.0205384645092018,-0.0449094156238709
"inward",0.0825848813130439,0.554723695328651,0.0361110097998173,0.379485096294511,-0.171262521732723,-0.122436235686589
"iron-hearted",0.109127459612979,0.150864957289005,-0.0985323584104584,-0.213769972073371,0.0809343201814907,0.0200996535748572
"ironical",0.322279030298589,0.0645271974080977,0.125673957325708,0.0674978656261382,0.0423945985243837,-0.0704012397566296
"irrational",-0.039406577955898,-0.0592946615367138,0.163952654537038,-0.0151632840630649,0.0532516051062876,0.137036750234358
"irreformable",0.19315942254173,0.126398984272254,-0.196982506463249,0.101511152902234,0.268107326416301,0.273135315871047
"irreligious",0.0209225466857942,0.114724255313203,0.10427732871873,-0.0250881871740058,0.0135591704477744,-0.00469586247216064
"irrepressible",0.0557956968493767,-0.357123226412222,0.287941967166445,-0.329294065783204,-0.069740478567072,0.0711030019747973
"irresolute",-0.0908188733235978,0.040422010892649,0.254782532899734,0.149007703541864,-0.0195737786813532,-0.0528796342480983
"irresponsible",0.0267565461741846,0.0207371141990025,0.262430498610366,0.0219924850424919,-0.019960108741497,0.115194047875045
"irrestrainable",-0.00306503709049637,-0.0614420339371441,0.386656630816299,-0.453019229054842,-0.0348905096068916,-0.0392986374510872
"jaunty",0.109217795644449,-0.297017616061632,0.354607595737254,-0.121523965468944,-0.0253561261848982,0.0491456764623354
"jocular",0.142019984050942,-0.283455382809469,0.275285103863369,-0.122189999717795,-0.102927005706697,0.216180811607178
"jolly",0.0879344656265096,-0.454016526725215,0.0943838235568515,0.0792508284816745,-0.152273547301902,0.278597762744884
"joyless",-0.0196869125050012,0.175837614786874,-0.0473671607315941,0.031937655173263,0.0404450989821335,-0.00900723032227534
"judicious",-0.0140303084542242,0.0568291592590449,-0.31259105651472,0.0483177542431326,-0.0948270836734636,-0.145662919205554
"just",-0.453637396215695,-0.0208006910295526,-0.107878620982727,-0.0488761989033554,-0.0237090664094183,-0.0120150079136089
"juvenile",-0.0550708203413803,0.0127753661445632,0.0759388324819067,-0.00267285253171335,-0.0349307927401489,0.00469632154101048
"kindhearted",-0.170240238547047,-0.149325918426183,0.0181093912150282,0.102784391226896,-0.151847568821469,0.0457797638648412
"kindly",-0.0845861869420019,-0.197904753199315,0.00849023783316372,0.105759769045828,-0.139050880762656,0.0573320655619279
"knavish",0.769575798183038,-0.103639050597968,-0.068064780690645,0.0329112339434966,-0.153866007663912,-0.0124746458861774
"know-it-all",0.146919308634815,0.0532052845159442,-0.137094950079866,0.0183805895600785,0.354894394752352,-0.102523294070852
"lackadaisical",-0.0665585605638014,0.0409706764464157,0.258616680688033,0.0871668704032086,-0.0120192178382681,0.00882355966094311
"ladylike",-0.148724817359344,-0.415252893274897,-0.0706309943498737,0.261587608642989,0.00779267700413479,-0.237593052949597
"lamblike",-0.0426333484129863,-0.218033128294597,-0.0621488595693594,0.355446891704737,-0.188790122206184,0.0616977149411172
"languid",0.0109392942466273,0.0640605491516751,0.138413245069492,0.253987020328859,-0.0772756119574336,0.0102428839016996
"larcenous",0.276516966291589,0.0201945185454969,0.0211699437498368,0.00567282049181333,-0.044790493310088,0.0381442649091909
"laughterless",-0.014587911139612,0.531240230769365,-0.19613095322444,0.0307444182178779,0.131240308953918,-0.0378692248493932
"lavish",0.0772370235653844,-0.116131462869105,0.105551244694788,-0.178990394904653,-0.00767378732614332,-0.244402778874384
"law-abiding",-0.372359406646098,-0.0199240349870781,-0.110786312397221,0.0507530348531465,0.000964565688264608,-0.0429618315777275
"lawless",0.201573495324753,0.0490499003812629,0.0921509754883746,-0.0340247801387224,-0.0206173797049755,0.0644631941220554
"leadable",-0.157607250611667,-0.11319984874366,0.161041793618305,0.125671764554321,-0.194477020076774,0.0277115339125743
"learned",-0.045211469914799,0.142402802498719,-0.0535176023543307,-0.0119193579654058,-0.019491729590527,-0.23980833679593
"lecherous",-0.056639146997501,0.0085498981472176,-0.0115674209424324,-0.00341869769926651,-0.0303612882702293,-0.00589448486872014
"legalistic",0.119996650148078,-0.0125876789968007,-0.334439175241834,-0.0388998496558776,0.106487389915472,-0.129983891259295
"leisureless",-0.151040352613313,0.0481782319668306,-0.110324029808322,-0.184421875044463,0.151704654404725,-0.0947341013582776
"leisurely",0.115778416784875,0.0244665913210043,0.163624259788678,0.52588928610958,-0.127757397435065,0.0906211466009852
"levelheaded",0.137152029625983,0.0534234863907181,-0.376213041345546,0.0656173699572457,-0.191010466685801,0.019975005075158
"life-weary",0.167153901145457,0.123113083280633,-0.036815243930743,0.124667482943742,0.0201182840011478,0.140610311644765
"lifeless",-0.0619201393824177,0.0499096619064518,-0.00993212526904644,-0.0046303084630596,-0.0366295682444933,-0.0140883470759071
"lighthearted",0.0613657352700479,-0.336880968098646,0.316279091864749,0.116421590685582,-0.217473153125247,0.134640689971648
"lion-hearted",-0.0615870963814587,-0.0840236639647834,-0.0324815647297238,-0.492752079175483,-0.0732748830138235,0.0775600180660557
"literal",-0.0440371914361673,0.10730017390035,-0.261285926346726,0.0389585317898075,0.0222718110291648,0.0410439292026471
"literary",0.111857069103203,-0.0638550316128733,-0.060658749792591,0.196255220737769,-0.0504065250023747,-0.396468921786337
"literate",0.0112297411171243,0.0159477404662164,0.0201282235826661,0.0517079514627286,-0.025621357021997,-0.133398049276611
"live",-0.120394919673774,-0.0936416014953595,0.279929775278534,-0.184753581768651,-0.0855672579662033,0.00710628170211506
"lively",-0.00648332836887958,-0.415849806222959,0.303770021493364,-0.226235998544529,-0.1056336039314,0.0120147510698743
"long-suffering",0.00322872335983411,-0.0941577603065099,-0.249976851174484,0.333379470930799,-0.0302188005240846,0.26166321794747
"long-winded",0.0273122914393113,-0.0136329255713476,0.0456550261945931,0.134477144168607,0.181143356898086,-0.0516859689594332
"loose-tongued",0.179874508357243,-0.293407254427533,0.260838655709406,-0.040043000066134,0.248031383599235,0.193361233143636
"loud",-0.0863344112685357,-0.130524133555955,0.224779314208405,-0.291734876747532,0.0895294610745835,0.134813400547721
"loudmouthed",0.00807665966140493,-0.146999616533256,0.13160147212354,-0.108740890511102,0.0930593564068793,0.156432550536951
"loving",-0.0815933434587273,-0.207719541023098,0.0159070267416022,0.0827844257795469,-0.0377216138285934,0.0491563790302328
"lucid",0.0170067851669021,-0.0177641701284105,-0.113958085714375,-0.0197659726364254,-0.00880447719154672,-0.0685451798137368
"lukewarm",0.0523435739829484,0.205601594295592,0.040110125200842,0.215815009833747,-0.0921579756165883,0.0863522561764318
"lustless",0.0927986173809328,0.17032664565109,-0.172245598435754,0.329861914569275,-0.0401722740719316,0.23411958177034
"lusty",0.0239583956760477,0.0496993752092357,0.0880690448804918,-0.1173390483725,-0.033630772076562,0.0718104560060006
"magisterial",0.010976484761175,0.039741725610315,-0.237240628156827,-0.155542546381678,0.130130154995443,-0.225171604496168
"magnanimous",-0.244552011679524,-0.251217689408337,-0.0210175998567634,-0.0290185376497373,-0.246224091582644,-0.0394867954225072
"malevolent",0.371494059000995,-0.0432505779311921,-0.0657542338633495,0.00444745028871939,-0.020900738377102,-0.020017420020827
"malicious",0.326912709052633,-0.0640737196608938,-0.0494809845469693,0.0731145167883879,-0.00781072912950602,-0.00270395548580805
"malleable",0.292799549652846,-0.0995584798523982,0.274993929781807,0.0909877683040258,-0.272683897855127,-0.12777524485896
"manipulable",0.0116785139493572,9.67831355569467e-05,0.042413733570504,0.0250385378396756,-0.0212979767514639,0.0274725497761787
"manly",0.0659294967204199,0.422423485662172,-0.0231123285037439,-0.377712589964562,-0.120865482555767,0.375530905423898
"mannerless",-0.053475248819916,0.0736055158125199,0.0557819531720858,-0.0261626085891867,0.0464903314073374,0.0200942355683532
"many-sided",0.0388138258978697,0.022074673557367,0.109232268784509,-0.0240481324768289,-0.0245812003322942,-0.203367536329138
"materialistic",0.287471781243617,-0.0634255728513864,0.0626616947179432,-0.0708180059481598,-0.0237663914008755,-0.0112354714843131
"maternal",-0.15079651283793,-0.391039459529399,-0.17535023763425,0.269970684121705,-0.112589155091685,-0.0765451106427792
"matter-of-fact",0.0509648478737726,0.0515595730421228,-0.2221573203388,0.0168217738599458,0.0260671418531739,0.06685492179491
"mechanistic",0.0749444537512698,0.341267070613115,-0.295521399603411,-0.0787124204946223,0.204166461158998,0.0651287524575536
"meditative",0.0120618202036429,0.127074073253819,-0.0754076857855532,0.36462643983213,-0.0938526968289244,-0.149077906582154
"melodramatic",0.0167317229398438,-0.147181728228092,0.115522344649469,0.0261190833369806,0.0556407985359027,-0.061626988126899
"mercenary",0.50740609171603,-0.0236848599311415,-0.00983969456147757,-0.0604912108602503,-0.0315024416078418,-0.0333720325740458
"merciful",-0.182413378693539,-0.07769518263515,0.0170054576076308,0.0817189473826785,-0.246383861219238,0.0529273761580664
"merciless",0.217532551848553,0.00871557060548159,-0.0858913267842449,-0.160186703331056,0.312939089265441,-0.109450384238671
"messy",-0.109330279612801,0.145906035773947,0.527755848642934,0.046125982684255,-0.0403080773201959,-0.0111420154053177
"methodical",0.101946273928629,0.0561403833112953,-0.39717627243115,0.0663435272153754,-0.0371016711862996,-0.00664610981101981
"mild",0.0977544840494594,0.0139089133656363,-0.101656573252551,0.643939323954645,-0.235416723253124,0.240623302230336
"mild-hearted",-0.111677624929357,-0.0968446651988081,0.0146731131689891,0.397551856546724,-0.293389116481375,0.1145985852442
"militant",-0.13411746345689,0.0261802223685245,-0.105460630188916,-0.173556641621881,0.051942898614536,-0.00853779377953785
"ministrative",0.200969697975225,-0.374117808511149,-0.450414993909589,0.309301720405941,0.00310050035892997,-0.0829207167274573
"mirthful",0.05642249823367,-0.413243536941568,0.221507990060483,0.0295631124308745,-0.1694266744483,0.125938701095246
"mirthless",0.0446493288717379,0.423477112894441,-0.135418890384929,0.0012644036217158,0.131440629023579,-0.0553901387385341
"miserly",0.104669708842408,0.0344888063191273,0.0127299997799636,0.0358001837755048,-0.0282728418772994,0.0715298959106357
"misleadable",-0.0790746594986408,-0.024778578354969,0.13038817649639,0.0747228943579572,-0.0507441348281819,0.0641762257033175
"mistrustful",0.564505762046449,0.213565559403672,-0.0422957965294678,0.11655206727942,0.0560909448762769,0.0807617064425095
"moderate",0.0648470289988878,0.0168907562066226,-0.00735557104265027,0.374916353800853,-0.165217197287338,0.196323102242039
"moldable",0.143934072429823,-0.103612613416892,0.325871407611643,0.0482939831041204,-0.221280400147624,-0.106542092202276
"monosyllabic",-0.0624364053456198,0.291878907840607,0.0181706770849472,-0.00877361043502991,-0.0890037925153004,0.0574629133666548
"moralizing",-0.138250281917302,-0.179281360198199,-0.19599154628649,0.0789590848019414,0.206105169226531,0.0128072144473351
"morbid",-0.0200585293222181,0.0289539462567392,-0.0101480148793903,-0.0050163401657083,-0.0411112081078699,-0.00392510876011797
"morose",-0.063512027665268,0.189512064363842,0.0218601416146516,0.0519134962612704,0.0267600994626626,0.0153307549116724
"mousy",0.00419825079170711,0.0956633483831501,-0.0235704817600144,0.198023086064724,-0.0628854679990614,-0.0151755792450299
"muddle-headed",-0.101891959740599,0.0392163103687656,0.243951249085801,0.06681499726914,0.0121809741245704,-0.0298719529602808
"mulish",-0.00385486059967033,0.135187937036231,-0.0939543250558636,-0.145305245733946,0.338849497689051,0.246813653100964
"mundane",0.0245833795339775,-0.0191682306383047,-0.224954756121226,0.265140493283644,0.00873897054913552,0.268696580822373
"mushy",-0.0565627702140038,-0.0673653409107724,0.00608676019948491,0.0879140970653733,-0.0500058008742178,-0.00931076201375367
"musical",-0.143489092039315,-0.045749465733475,0.226263509636159,-0.01787091573219,0.012292630966811,-0.000613896533159933
"mussy",-0.051005319755574,0.0448641361231611,0.208745730211457,0.0956553465659095,-0.00580194938783883,0.00695356938135791
"mutinous",-0.0132849744237513,0.058309543692282,0.0601294031766941,-0.0197333185563115,0.0149627176789627,0.00838168864149861
"mystical",-0.042521360667177,0.138037075803669,0.175969498707931,0.0658845557559869,-0.0854797287174092,-0.129661532502635
"nagging",-0.314668241965144,-0.286663063539071,-0.262986078411919,0.0500863663247963,0.51505547645514,-0.00977251516512663
"narrow",-0.00252549443450642,0.132664688699303,-0.137161880002745,0.118925057415535,0.137310020035981,0.110505877692475
"narrow-minded",-0.0898111686631723,-0.0230052259589496,-0.161777226326981,0.090228145803936,0.252822637960746,0.259146798672828
"negative",0.137978804339506,0.150284528811841,0.0379574578287342,0.0393017710072612,0.141045410520845,0.050049863151806
"neglectful",-0.064029365610816,0.170976140270802,0.197970660109438,-0.00791993000376104,-0.0719637751036773,-0.0515933858113707
"neighborly",-0.0674663057400426,-0.528992442246067,-0.0675275882911756,0.137105969478117,-0.0256853460079771,0.212001985160303
"nervy",-0.0391259307452568,-0.0222455277125181,0.0885310182403138,-0.011089813263549,0.0829673358176352,-0.0356782814823361
"nimble-witted",0.0381046174235563,0.0725675224912728,0.0659954924755498,-0.0483012122405649,-0.0285763063056585,-0.138226781881623
"noisy",-0.0800710731572564,-0.0950280798562769,0.240850277240883,-0.196909088816765,0.0572717161570602,0.100587434141677
"nonbelligerent",0.0122570602515491,0.0319676134476674,0.0567039782802964,0.256201155751862,-0.259467260314629,0.0298760253476827
"noncoercive",-0.487799337154528,0.231406139260049,0.242497217927968,0.195050744644608,-0.204328404517036,0.00785429289499799
"noncompliant",0.0496807900007459,0.145320116442064,0.211829017027242,0.0352685126488556,0.142514152585578,0.137885209754759
"nonegotistical",-0.495093443387016,0.135310621513425,0.103327979862274,0.111391479989604,-0.175267899051574,0.0869162094922884
"nonexplosive",0.0783555492039905,0.042203515418313,0.0119234354132349,0.150897760858138,-0.0886670812018192,-0.0100696878012195
"nonhostile",-0.0742117856047555,0.00518808890258111,0.0816397931806336,0.0624111738183014,-0.236515301304202,0.00903843184300101
"nonimitative",-0.0315860031823682,0.191539569950888,0.0959641329009538,-0.0632986132203646,-0.0053143692464612,-0.0679677094205222
"noninterfering",-0.136060065635463,0.409834319950616,0.303706860943782,0.168584900414709,-0.351234711333468,0.12442987123561
"nonirritable",0.220106165877612,0.0435896818331744,0.0328151427378748,0.198554783244536,-0.483652495023367,0.0214069410580637
"nonrational",0.0241720041586051,0.024291866874735,0.185491805245178,0.00279514598203039,-0.0470093880288025,0.0991853274814343
"nonrigid",0.0862220259425807,-0.0204262177592949,0.51496973472612,0.0175875367179421,-0.245287084878057,-0.122569572000681
"nonspiritual",0.168550662060374,0.2464522791746,-0.00789698313909858,-0.00451442278440752,0.0843612292912304,0.113150535727744
"nonunderstanding",-0.0628059275627316,0.189176418652872,0.0750588887974914,-0.0173411387656958,0.259066157979577,0.138294448200798
"nonvariant",0.0367435202234833,0.130218603896397,-0.425690405528905,0.176364964402828,0.00822009781514242,0.370844215982725
"nonvocal",-0.0740082104523632,0.564800932184694,0.0141283341650061,0.122104343205915,-0.132138179253926,0.0218205399072802
"nonvolatile",0.0567875592868684,0.0851585263313436,-0.104911295738595,0.113889876276029,-0.141608339930592,-0.00152651266012865
"observant",0.0258758453596865,0.0318617989081756,-0.0768996790165561,0.040059315451227,0.00455034528463556,-0.0329169487403367
"obtrusive",0.0831402736491073,-0.194697761187221,-0.0797930588155999,-0.116271254138151,0.320385694814499,-0.00460037247858508
"old-fashioned",0.207298763451345,-0.0383913307648862,-0.308312072159523,0.378699240734553,0.175540458569588,0.464980950964097
"one-sided",0.176201149314294,0.0959030054553908,-0.0596161469566337,-0.0207793350958531,0.227283186520132,0.0932685113237492
"open-hearted",-0.29017761622003,-0.492722365242598,0.103749547815812,0.0199390310333022,-0.127279795663978,0.0684486449935985
"open-minded",0.026560280341495,-0.0517297363176457,0.309468307780446,-0.0558060904967284,-0.294869868972663,-0.253773198770291
"original",-0.0416520198326085,0.106479580718201,0.221760971941337,-0.0167348264026614,0.0189921796631407,-0.171186851652244
"ornery",-0.0816066692168616,0.0795267351939117,-0.0527339992413345,-0.0654560770021812,0.400019606957907,0.364977375969744
"ostentatious",0.040177328575676,-0.0281328538726138,0.038476678255979,-0.108669936504458,-0.011002912811788,-0.0856312008791566
"other-worldly",-0.115654030019573,0.231533461287101,0.220742523464679,-0.00714268743185964,-0.011931238864368,-0.173974654192104
"outgoing",0.0379090495059696,-0.530526322000769,0.219920239330192,-0.306050116333554,-0.0491967096106032,0.0182637217220672
"overactive",-0.10655894461197,-0.0940322969848545,0.0949793009067732,-0.376633767097768,-0.0984729441060971,-0.120983627904342
"overambitious",-0.0555568420072644,-0.0834804025199439,-0.0184704579129482,-0.436943724124635,0.032019470007607,-0.303504650502686
"overbearing",-0.0389911678040493,-0.175563665545848,-0.263820862434664,-0.198911482931192,0.539504847817799,-0.0654409093246442
"overbitter",-0.146250023032678,0.0322761672589487,-0.0599082216828804,0.0132716697525796,0.395334038152408,-0.00371123656119081
"overbold",0.176024272251755,-0.093571419530405,0.169620924371399,-0.423043882831505,0.0783226160676912,0.0288532633416846
"overbookish",0.0301648542236405,0.210586262010729,-0.207203122787754,0.248433409065758,-0.0283473518454618,-0.400185690791402
"overbrave",-0.00954782495585276,0.0089110212217427,0.10698740995964,-0.338660081914334,-0.0570718296974235,0.116768086617437
"overbusy",-0.0103898693370467,-0.0905689917429315,-0.136393566821111,-0.143712219118548,0.0486773604279869,-0.181625877023367
"overcareful",-0.0779176129144599,0.0235348744820083,-0.46624153855496,0.349258819586728,0.10054801359571,-0.0907384661648752
"overcaring",-0.154926131571174,-0.432908852484363,-0.141550575147052,0.261040552170878,-0.153699893944012,0.023760969683239
"overcasual",0.0440952200987094,-0.00286318755009257,0.349117149588421,-0.0116616496228715,-0.0546944421272336,0.130956008371531
"overcautious",-0.16399874056105,0.0794882605721956,-0.43370734062093,0.397366525560386,0.102644033813272,-0.00923159891592362
"overcharitable",-0.128738982630635,-0.273983468236341,-0.0671666380240675,0.0987706329391479,-0.185043521448713,-0.0203022390887409
"overconfident",0.15599032417955,-0.0667720419476707,0.102326626113386,-0.32620401134694,0.0574459935193942,-0.0253480534376303
"overconscientious",-0.165340297466885,-0.0361894294611152,-0.534303300004723,0.154235081164121,0.031193964050317,-0.0756920777761678
"overcredulous",0.0522811052917064,-0.11532409979611,0.132004449693758,0.0638631465797996,-0.0799406738402257,0.0749048049752312
"overcritical",-0.209695657391857,-0.0118412845405684,-0.2210940880149,-0.0135572350117266,0.519280657962284,-0.210432723009665
"overcunning",0.694773716157637,0.0119889447918761,-0.0766392861030752,-0.0707606221683001,-0.0724045888744016,-0.174160153755836
"overcurious",0.0593473076320539,-0.17485010384815,0.0418572096463069,0.197237994473863,0.126419353672184,-0.161151089428629
"overdaring",0.0396902442251877,0.00543524930862173,0.262612583612108,-0.499591931641306,-0.0376899745328996,0.00655425505638379
"overdiligent",0.0281258163972854,-0.0272833728018443,-0.455841722125222,0.00542151258856562,-0.00885902615866225,-0.0462409151566043
"overearnest",-0.32986080218623,-0.0533320740115179,-0.358271339890224,0.0708275027659803,0.123520386064497,-0.0389379842315407
"overelegant",0.0535325897390231,-0.105962383551185,-0.0268073066700978,-0.00416746604802248,0.0158521379023805,-0.27597821509936
"overemotional",-0.133522801403783,-0.214455670122483,0.0913743111334467,0.0837942987991771,0.0305007567717828,-0.0509200752585752
"overemphatic",-0.14477467861301,-0.311223781174927,-0.0698314779461203,-0.128145569460697,0.433048287804374,-0.142484936180757
"overexcitable",-0.144045601122008,-0.15141520318747,0.328426338509875,-0.190911967832559,0.0277932287291141,-0.030596767927906
"overfastidious",-0.131459446273035,0.0916592577131704,-0.39131827506043,0.282836804451436,0.249808794027254,-0.262802020939004
"overfearful",-0.139895551125558,-0.0135934944593592,-0.0740594216252628,0.145145713373733,0.0234918885842876,-0.0453460531683042
"overfierce",-0.166447902382854,-0.0354294853763914,-0.0426170917693964,-0.461361866400147,0.290104663728061,-0.011422945541073
"overforward",0.351740177926738,-0.303451833255494,0.163356153466245,-0.229514396244643,0.0777300830607377,0.0560589245207392
"overgreedy",0.395709016609838,-0.0701042826731762,0.0407198002992341,-0.0984422795814499,-0.0501561547914393,0.0460973866123485
"overharsh",-0.256978163215658,-0.0425294032041401,-0.245370610399736,-0.200253003874981,0.583291780933648,-0.0115070395931392
"overhasty",-0.166325692662903,-0.0918385668287961,0.309049419045939,-0.216662345143916,0.124967858066271,0.090931853993024
"overimaginative",-0.0202437739763189,0.027124298562361,0.404037372017227,0.141759083017592,-0.0161316517728637,-0.264501655670271
"overindulgent",0.172641020180691,-0.0775396261265674,0.277769909164172,-0.0149758390817224,-0.00299601966958128,0.0226874395604292
"overintense",-0.312344438234164,-0.0970076818241688,-0.0735022245349542,-0.239131422551896,0.322047504013672,-0.235582489349245
"overjealous",-0.126111723006585,-0.20210890657481,-0.137918444695707,-0.0603175350639452,0.271308829603432,0.0105500964236358
"overkind",-0.0523505985454557,-0.385484105592259,0.00972608428938579,0.25563970443653,-0.210781234742149,0.0176533509398843
"overlogical",0.00890949915196606,0.284582139253257,-0.34191010410875,-0.00495999425242278,0.159305513544148,-0.254292758202309
"overloud",-0.0814360514626843,-0.0661929213501393,0.183504939737455,-0.223493832431611,0.0688813599767397,0.0895067475728906
"overlusty",-0.0495118438627436,0.0217006067238684,0.000156849459089124,-0.0414043873306921,-0.0403141457540364,-0.00175710414023504
"overmerry",0.0306568232526794,-0.237631817259332,0.156288997466811,-0.0777406777858646,-0.0472026403516503,0.102101499766793
"overmodest",-0.0807917279957957,0.178670739690069,-0.0390605021791492,0.213759287617543,-0.195562718736796,0.0119860484477881
"overneat",0.0397162450449506,-0.180442326074332,-0.495680060729834,0.236363767793232,0.223789462921369,-0.11494001270341
"overnervous",-0.291923164850994,-0.0719845681373741,-0.0461403540741566,0.214638233468577,0.157531379637887,-0.188287829800657
"overpartial",0.384942046460162,-0.267052391258283,-0.0790105740686241,0.153348406398628,0.1901350199576,0.0358934481947384
"overparticular",-0.0223737901630617,0.049275285760932,-0.338545475899833,0.185450575845354,0.202576870848913,-0.123074322016657
"overpassionate",-0.165861137003977,-0.225009591524563,0.190400490395942,-0.255087346959946,0.14323737717961,-0.122557244237443
"overpatient",0.213711030075216,0.00904061278874506,-0.22149143539977,0.463434175141024,-0.394242576011714,0.0531971747224733
"overprompt",0.00439464456322689,-0.303979938652359,-0.305655555055481,0.129711740694752,0.322287372057497,0.0211883126975129
"overproud",0.0990679009370805,-0.0432839832102032,-0.038705350706945,-0.146733419529362,0.312879713597567,-0.023909999653652
"overquiet",-0.000407517813493932,0.517695556061823,-0.0272386913105278,0.290235398355168,-0.222505611310856,-0.0427326858717441
"overrash",-0.0845207949429444,-0.112852316107685,0.324304261662007,-0.242992854420948,0.140142014832428,0.166117969073544
"overrefined",-0.0342699537399161,0.00885418915348244,-0.131658952505116,0.119747244090723,0.167947416418434,-0.361989897008303
"overrelaxed",0.0409898835861847,-0.0339354654318844,0.199414213869075,0.164801815203026,-0.0851551234204741,0.0414584015936502
"overrighteous",-0.0863719086977199,-0.176900591597563,-0.248888750861651,0.0953531829733068,0.386159900697164,-0.00231061542769215
"overrigid",-0.238063660654843,-0.0139969146428818,-0.571177726885176,0.11290774596668,0.316809890877055,0.0668604701611135
"overrigorous",-0.241837214249145,0.127776665035565,-0.463213263059243,-0.110785280439224,0.219031868934515,-0.217115353097091
"overscrupulous",-0.175336592021907,-0.0516385550958156,-0.536695464763672,0.282990904150001,0.187680352540741,-0.180321657425898
"oversensitive",-0.18246871910553,-0.174726011775374,0.0136212139397841,0.21959312782185,0.0744570241265335,-0.117069116162602
"overserious",-0.278643630405946,0.23765147406138,-0.387119980468736,0.0686623268084079,0.183867417073532,-0.190095696139659
"oversevere",-0.277026952006238,0.0213152235322843,-0.417537908587049,-0.176957069053766,0.302678615998954,-0.0694062770440164
"overslow",-0.0683682882213482,0.0716429219375645,0.174972618095247,0.333596976178854,-0.019439630211584,0.0818053939772163
"oversolicitous",0.133779984092353,-0.537046763399645,-0.256055427360451,0.230602934852698,-0.00180274501489768,-0.0722069010601764
"overspeedy",-0.139269910738056,-0.069892455069574,0.237268718265114,-0.373480037905527,-0.0098808285399595,-0.0568709782619191
"overstrict",-0.296129322690907,-0.0366974487132547,-0.478801028405549,-0.0212835754303889,0.386065848759091,-0.0807733791391426
"overstudious",-0.148574350197573,0.352257636578201,-0.222775878234187,0.133824466830555,0.0484154635636908,-0.495216609291551
"oversubtle",0.442380702731591,0.152749963477018,-0.133489547067344,0.134697894633673,0.0212964073703096,-0.393514642032897
"oversuspicious",0.174108776219516,0.132517723141476,-0.179685230426453,0.171404695462887,0.174426006169339,0.0069426916964879
"overtalkative",0.119953669758491,-0.395457271286974,0.122840011185127,-0.0631998367774948,0.109476211567649,-0.00586854532197321
"overthoughtful",-0.0610083625222233,0.155029422660286,-0.167951879167724,0.278626890548143,0.0618398045388432,-0.377057951399282
"overtrained",-0.151225130788525,0.125218705802925,-0.0946907259268507,-0.282053164097194,-0.110226021229571,-0.0321690135949874
"overtrusting",-0.208882739725328,-0.224466118291763,0.0939509033379755,0.083843275946904,-0.111908782458663,0.0390711744243374
"overvaliant",-0.0755808994872045,-0.00421130691203962,-0.00057964831753224,-0.33468024105161,-0.0151075691654455,0.0609615286294306
"overviolent",-0.0683196378073163,0.0186913884270731,-0.00646468969053545,-0.0317068836918928,-0.0154901659236566,0.0215937892929786
"overwary",-0.130939352267045,0.172861205263073,-0.284602385055976,0.335590595872716,0.138631209431084,-0.046954551595122
"overwomanly",-0.060013970534841,-0.0947679209926547,-0.0496282874582957,0.0633350465055617,-0.0226688991035689,-0.0439753208062899
"overzealous",-0.173890474915529,-0.218295651490722,-0.0644671399464694,-0.270693635471924,0.290418636110999,-0.0951154871825391
"pacifistic",-0.0709273713017389,-0.043604873208997,0.0369523898358188,0.475328757125596,-0.193302386049649,-0.0582150554931168
"painstaking",0.0653030357689616,0.0806955869059078,-0.322503673984169,0.0838525416007888,-0.00897519312235671,-0.0270638704674901
"participative",0.00109091015919156,-0.51801883860975,-0.0467406575084192,-0.129593719910905,-0.120519019180678,0.00972973383709729
"particular",0.0500813456039112,0.0317791067733946,-0.226681977855041,0.0742109321631971,0.0653349653188023,-0.0507250979202203
"peacemaking",-0.0848876397623655,-0.174617501871707,-0.0050900805461842,0.234548988362593,-0.338829787192258,-0.00146448432113498
"peevish",-0.227273638974254,0.0139457934410974,-0.0411366989010294,0.08880441014631,0.561411192376546,0.0551238645773096
"penetrative",0.102128411376422,0.13853436743498,-0.0556168953021274,-0.225500073242318,0.046762717679767,-0.262991355903156
"pensive",0.0465066800007497,0.203975688978086,-0.0700539926614046,0.271706138048589,-0.0177255715173744,-0.24681820088439
"peppery",0.0478586043080441,-0.152751174327779,0.0573391088580213,-0.266847959072216,0.316078826637497,0.0788540615388367
"peppy",-0.0901687729377582,-0.304632811845509,0.226572216540836,-0.236458818029484,-0.142229714185175,-0.0583301177561927
"perky",-0.0704768950094729,-0.370923399785426,0.251193085411449,0.0131580305895841,-0.0913393373071842,-0.041888485531174
"persecutive",0.107374023742815,-0.0418307265297969,-0.119226284579132,-0.0584381637762642,0.11035639078985,-0.201451781459755
"persevering",-0.0054187433368417,0.0525957337206318,-0.096523474488164,-0.0889045503930097,-0.0403561162868608,0.0311894148931158
"perspectiveless",-0.0438240352123168,0.00898187890652676,-0.00235182063686631,0.0275929761903821,-0.00343688682906205,0.0705416174702059
"persuadable",0.0447990781342333,-0.215791733267222,0.253252258681011,0.154365350541694,-0.129141371707889,0.00925232449031452
"persuasive",0.262479042046627,-0.296790533828493,-0.0186161593057262,-0.245287807363012,-0.106352493821759,-0.248298196284158
"pert",0.058641015419228,-0.218744379888134,0.174095097525954,-0.00906444095717712,0.057251462294554,-0.0992269440160313
"perturbable",-0.286816806226244,-0.0780309415467703,0.339030121413357,0.0854560999868883,0.215869302761258,-0.0638106435334963
"petty",0.318406279414687,-0.148558855347985,-0.0618543940100198,0.219672433629218,0.279975083669899,0.0873182917218775
"philanthropic",-0.238000449722344,-0.265939897772615,-0.147644365248192,-0.0257962424355188,-0.147545410466928,-0.147115956885439
"philosophizing",0.00653907311024214,0.122289902611021,0.0556330137042537,0.124252008656399,-0.0570177732717122,-0.335084702322529
"picky",-0.0137936681985179,0.13416536184459,-0.141014062269545,0.0676968667745533,0.243244021156773,-0.161905726289175
"pigheaded",-0.044309879840741,0.0192348207759914,-0.101117544168762,-0.209672991502703,0.406285769555386,0.29660789204097
"pious",-0.102871481255936,-0.156929966417028,-0.135359534023569,0.07160751247388,-0.0564545309871563,0.00723185075453435
"pitiless",0.165868492426297,0.0326004246144831,-0.0456003875974415,-0.0619181573553166,0.0832484497750163,-0.0277891363451074
"plain-dealing",-0.757168381062313,0.0300015447090088,-0.0069043062758387,-0.0419617254072592,0.107260721616488,0.0386921858942967
"plain-spoken",-0.215696282123949,-0.115684937763937,-0.001390756255676,0.00509328876852156,0.107924561254266,0.176340750950232
"planful",0.0776504549897933,0.00395990748965996,-0.452148946769637,-0.0360655086904958,-0.0427942166859485,-0.0702888266738646
"planless",-0.128023487434151,0.0579064215197602,0.496163948515328,0.0662937646486708,0.0279177432010049,0.0388379509826512
"pleasure-seeking",0.0367152611627322,-0.128542671412796,0.386543818268584,-0.215172322772405,-0.0163207071846095,-0.0870529387330696
"pliable",0.203319615751424,-0.174363378356956,0.17988265199033,0.107577726474107,-0.278076210812737,-0.0527442031726383
"pliant",0.290548637640733,-0.0935464392324095,0.189077835585592,0.149624633538285,-0.298249718989355,-0.00970478756407795
"plucky",-0.00185745672128664,-0.254252335810343,0.158032165318057,-0.171872320280367,-0.0452928087098102,0.0797936548472451
"poetic",-0.0407984620330243,-0.0163671185054056,0.312719461049877,0.26404999832175,-0.0475022583618223,-0.266277957956171
"polished",0.0414760074299247,-0.145568455401353,-0.230222120663543,-0.0630715410362113,0.0794269628889294,-0.314457324423275
"political",0.0377921973801583,-0.131945329005227,-0.107888237945014,-0.130424367384775,-0.00735282896991036,-0.277479699223684
"posed",0.203061916673754,-0.117100402717608,0.0343665557064155,-0.0537114266896448,-0.00417114175656707,-0.196042243068557
"pouty",-0.0662658623788081,-0.00386249846674785,0.0172506794578849,0.00451806939728136,0.00314357196935858,-0.0197231677464701
"prankish",0.126929851179528,-0.0545564879603562,0.267694306922795,-0.0450733635772474,-0.092024963511863,0.14422424750457
"prayerful",-0.0666870514231832,-0.190400709552409,-0.149938120041815,0.0918037992255056,-0.0955707864997965,0.0503011569224358
"preachy",-0.0652481956089002,-0.226086271955012,-0.172546310805492,-0.0226716398036907,0.217675773586056,-0.0297005177889223
"precondemning",-0.130453181458226,-0.0318565089896734,-0.0775979125460687,0.0891735875269248,0.353726362589442,-0.0180863865417946
"predatory",0.409617171629464,-0.0453577585640206,-0.0404592409178843,-0.0323741213849874,-0.0132097567227889,-0.05616844914858
"prejudiceless",-0.19380001510935,-0.00501181970766815,0.0998270659481368,-0.0630436220453813,-0.249137586042211,-0.0771503740854611
"premeditative",0.252890196146912,0.145655708586635,-0.325480075703577,-0.0629364494518127,0.0248555204832568,-0.283873902853538
"presumptuous",0.282943136393335,-0.166363425476252,0.00501768874113284,-0.0742397834678881,0.245465560780459,0.00953916170860367
"pretenseful",0.820557583369212,-0.078086319616044,-0.0333664804738351,0.0497807125960647,-0.140366589298404,-0.0678867161950057
"pretenseless",-0.67852690940157,0.0439276586900628,0.0979487626749127,-0.0255848029368056,0.0213801160223107,0.135847057245872
"prideless",0.0558739516025024,0.031164564611773,0.0326852126921716,0.144919401222026,-0.0587546496242443,-0.0106953059142355
"prim",-0.00777899474373373,-0.134452070152441,-0.389365729953191,0.380927978674915,0.0726144450644852,-0.0957596069778782
"productive",0.0289010906686754,0.0207582833806483,-0.157228685108713,-0.0706073201303353,-0.0312965676779368,-0.013641853385963
"profane",-0.0741824654520305,0.0249762159835645,0.0226385560115677,-0.0293964030568353,0.00492133871173655,0.0217427984802336
"profound",0.00166346873273996,0.0851643019624079,-0.0346597177039673,0.0540715567781572,0.014646985966555,-0.235845342502777
"proper",0.0200295926210498,-0.112216057969878,-0.427864864960328,0.0944109232842893,-0.0301795305164344,-0.0115313916240283
"prophetic",0.019841909280231,0.00367167131215663,-0.000773413542165077,-0.0690190148032561,-0.000594500497481938,-0.183071689920061
"protective",-0.0925867824336706,-0.105087602175204,-0.089973385270159,-0.0212999629614916,-0.0787806619253833,0.103169325947764
"provincial",0.0108199059147169,0.0254969198937038,-0.0848284137191299,0.1730603786993,-0.0015990570658884,0.401070410080342
"provocable",-0.160648051020735,-0.128187487189064,0.180190160134576,-0.141187862870534,0.284107574089636,0.0671890234444157
"prudent",-0.0490592864162992,0.0147877341904081,-0.436952225279251,0.0798848592140471,-0.0797117669071471,-0.114475134603069
"puritanical",-0.071444291866186,0.0125129414862524,-0.175674094084452,0.0711040108133025,0.0791129737572338,0.0508432236263321
"purposeless",-0.0568740241899868,0.021463937040109,0.0227293471989028,0.00418224125320818,-0.0128624394096386,-0.000907786905054691
"purposive",0.0235991643886729,0.0533481968044768,-0.154175399378637,-0.104470569027821,-0.0274601322917297,-0.0634789878119049
"questioning",0.0157998178136419,0.0768644238217036,0.0563394015885031,0.025787956356599,-0.0134273643146268,-0.240090813768738
"quick",0.0293277886406616,-0.0363338670120471,-0.00578717295744124,-0.328618964467809,-0.0430797197023485,-0.0666738375420889
"quick-tempered",-0.22295282631639,-0.0416174646025657,0.0927995095656121,-0.283202720937019,0.395361234062483,0.107529847483721
"quick-witted",0.103989383148494,0.0869688011588005,0.0947473048568233,-0.120842956927739,-0.0348442661232677,-0.191574681165574
"quiet-spoken",0.0197057881194115,0.270488842030015,-0.173636838631018,0.480459187123716,-0.0879600222878434,0.0161599096824636
"rascally",0.64061424777935,-0.0934257452640489,0.111196820192214,-0.0534569466650209,-0.103700582297663,0.169450470148894
"realistic",-0.0305223480632584,0.0530725339427417,-0.165994434403529,-0.0283175327078771,-0.0287677329535228,0.0331960291900927
"reclusive",-0.0109495525868926,0.651569887551053,0.0461948651044108,0.204476195898105,-0.156758349389633,-0.0527126116647268
"reflective",0.00242787761557335,0.0828166223063382,0.0169507484279942,0.163250809797001,-0.0852447928359888,-0.229236537158194
"reformative",-0.14348288841236,-0.076782422902717,-0.0954708383829742,-0.13783832684178,-0.12660176257356,-0.36554333938578
"relentless",0.0350424266476518,0.127047113339966,-0.0746033019209309,-0.327478950004254,0.0390074316003854,-0.026730761912854
"reliant",-0.00463586535225816,-0.032249236404006,-0.149795891595694,-0.0329360019404187,-0.036134817317486,0.0590793929483097
"remorseless",0.621019964200256,0.00758715789175197,-0.020681177305419,-0.0522317164916152,-0.00718747596068138,0.00914254503427561
"reproachful",-0.00176010335281156,-0.107922459158223,-0.112814953203813,0.142789030152177,0.533660366583909,-0.0162167843739402
"resentful",0.0420292273621374,-0.0242933532322572,-0.0596317688820825,0.0313105293682909,0.251251833023001,0.0511931737811349
"resilient",0.00918151262959004,0.0052389786285322,-0.00960389521534639,-0.103406303256999,-0.0578978070359364,0.0430059766100784
"resourceful",0.040194713573855,0.0598539297772568,-0.000504607892997439,-0.082565928510022,-0.0551829393470682,-0.0591673632840741
"responsive",0.0312589118038922,-0.154712465146901,-0.0767266738971302,-0.0598233961599294,-0.0871805229068492,-0.0497577869768961
"restrainable",0.0327575415817637,0.135703763401931,-0.146024047654291,0.331786580217761,-0.151896262651453,-0.049602318549431
"retaliative",0.194763365301161,0.0400172242354879,-0.0310888290031618,-0.091298003068634,0.149397539874155,0.00519664451074739
"retiring",-0.040614498943276,0.491916996820226,-0.0385144115408535,0.424975003494277,-0.192310315500575,0.0326228080720931
"retortive",0.308619381015946,-0.0338144126307546,-0.0289961190630648,-0.10215742775887,0.309285227523482,-0.0816071673492739
"revengeful",0.121330588949269,0.00342824757454936,-0.0363922307452869,-0.0406501591697303,0.0164436111063985,-0.0108909770793871
"rigorous",-0.0258022502257247,0.0657810832031612,-0.366073584350646,-0.102422577271571,0.0142882620796433,-0.0709226784226456
"risque",0.00889840423788,0.0100413143852962,0.25260442045621,-0.128522895427879,-0.0067978491273911,-0.0267849412581079
"ritualistic",0.0928774629504801,-0.0183820531381148,-0.311392462187616,0.1227117569031,0.0846126879542006,-0.00235354203626051
"rivalrous",0.27352942685458,-0.0423957996474416,-0.0361180238540852,-0.407351498320077,0.142926596971075,-0.154018089836906
"roguish",0.768296845581618,0.0336713091713088,0.20869892656597,-0.126509692204548,-0.126769972926072,0.103380979543214
"rollicking",0.015659631237932,-0.197119135043059,0.437899733755788,-0.279082252524484,-0.0647349996839088,0.146210795344534
"rootless",-0.0285724198491242,0.0856164997880983,0.126152118996518,-0.0339644870618589,-0.0205362069095779,-0.0364962021104251
"rowdy",-0.109118161263612,-0.0125204679194055,0.217643495153075,-0.201903820422757,0.00665966219858902,0.138117412188313
"rugged",-0.0795802308371114,0.220141824009588,0.0482516285301053,-0.352499091946961,-0.0461730394551759,0.529386364397002
"saccharine",0.0349355683785239,-0.173740279821323,0.00924530218286096,0.120993951812813,-0.0220912006289885,0.0134426032824211
"saintly",-0.197142281786055,-0.210348534573233,-0.132932701041755,0.155617479382049,-0.151298523612026,0.00912093482026514
"sassy",0.00638882478353198,-0.242354454956529,0.257130460508451,-0.0399062508775634,0.0477545000144429,-0.132492612115425
"satirical",0.0638092718593927,-0.00996232732428487,0.208290582746357,-0.0128362162233725,0.0351047214814995,-0.12163017281906
"saucy",0.0464274507476725,-0.140660534220527,0.277148227329311,-0.0981862615353787,0.0321512192410527,-0.0540681405249094
"scampish",0.330574041654318,-0.0923590057478404,0.236044940842488,-0.0341521568317788,-0.0908000224774452,0.135761777208522
"scandalmongering",0.197680268800648,-0.127236508126685,-0.0337967319737712,0.0466115381772598,-0.00381152355090107,0.0375207091457772
"scheming",0.839922871302891,-0.055625597879124,-0.0740814541727155,-0.0189532233507231,-0.187144631683692,-0.0489046819847235
"scholarly",0.0145917215854782,0.198626587523249,-0.161074387690592,0.063595678395874,-0.0447278983368343,-0.400031580859298
"scrappy",0.01855285245372,-0.0113693622235643,0.352870601242597,-0.364183352875571,-0.00504272815188293,0.168440541134488
"seclusive",0.0152404989536888,0.700465668395127,0.0441814732781094,0.240966895922953,-0.146433597469782,-0.0492846675452797
"self-assertive",0.0579540351806957,-0.155129494306961,-0.0829505759050208,-0.526453462101568,0.187751416360533,0.0148561124176088
"self-assured",0.0913747405325178,-0.0872697321380253,-0.0604717460096787,-0.218756389424873,-0.0302018138618033,0.0363293183860039
"self-centered",0.466078679623392,0.0726546146339209,0.0358325797906512,-0.0563447511842003,0.125613545537444,-0.079880599350809
"self-confident",0.0496226755616916,-0.106301995345196,0.00412729640056913,-0.238710659523146,-0.0070275308104864,-0.00262505305097373
"self-conscious",-0.129724033869086,0.105407148076184,0.112936938720665,0.25019744092292,-0.0625963520320675,-0.190358525758258
"self-consistent",-0.0949515772086581,0.0678512003492788,-0.20927542738039,-0.0413340326022416,-0.0275190903720574,-0.0168865436232941
"self-controlled",0.0149060030698185,0.105964079031935,-0.37654257971373,0.0853529108260795,-0.144239814067302,-0.0999198824899773
"self-deceiving",0.493162340538036,-0.0340605335348079,0.127875574930649,0.0529699530880975,-0.125018846753171,0.0715369497638651
"self-defeating",-0.102356462453647,-0.0241962596708666,0.147430873719611,0.131431261998474,0.051316227899453,0.0186164737718225
"self-defensive",0.210596798501762,0.141974244589859,-0.026106362821005,0.00757668237720189,0.0244104378651162,0.0895400682654832
"self-deluding",0.321755527952131,-0.0765507102911573,0.128862104549322,0.0317474773196088,-0.0513000105389241,0.0639761172161191
"self-denying",-0.246367821547595,0.00260262968324521,-0.171353729942168,0.156572514874377,-0.113696177244733,0.0210557994612127
"self-deprecating",-0.10528352116243,0.040014199617266,0.0998987123982573,0.15294447225771,-0.0838051457395289,0.0279121116629333
"self-destructive",-0.0373331052963218,0.00733496637127955,0.0708554211637912,-0.00591504127275741,-0.0184486502158691,0.068200068152947
"self-disparaging",-0.162265015523637,0.062790164513367,0.0776071284767888,0.111578792949257,0.0218978615964978,-0.0681037677526656
"self-doubting",-0.207218565657315,0.0992694242470035,0.198651633632333,0.267879912996229,-0.0370547835977866,-0.151032164228351
"self-effacing",-0.155440943888977,0.226633882669714,0.0453368641781399,0.301183476035176,-0.262938852519976,-0.0442424735571436
"self-examining",-0.0873092057173371,0.0500056446602171,-0.0789469725750382,0.161942481530325,-0.0131297065042578,-0.340414480247707
"self-excusing",0.583851803107648,-0.0377187173281606,0.18267067991932,0.0770976782149054,-0.042796724681805,0.0234378596334631
"self-expressive",-0.028481915347325,-0.233130547762895,0.270601490564776,-0.0261820551156339,0.0296742305067731,-0.16757808718322
"self-important",0.206977770150377,-0.0667908102435462,-0.0659390268985544,-0.130005599717464,0.235644578228286,-0.0973282938487786
"self-possessed",0.0792852343687334,-0.0330983528032762,-0.10493088903585,-0.0853651592837144,-0.0642795358294863,-0.0250818470066306
"self-punishing",-0.272479727369827,0.0565999262176552,-0.032814967354008,-0.00339363491420693,0.0717753695926129,-0.14445900847058
"self-reliant",0.00117772160939892,0.0934750658631274,-0.0706828300980048,-0.138681802523057,-0.0207136087820975,0.03135228351962
"self-reproachful",-0.161547785935043,-0.0261955334238985,0.0492996641799577,0.183913911573959,0.107457423512179,-0.140407388805324
"self-respecting",-0.188153916874221,0.0472600304058012,-0.0627525690628832,-0.0749670657388221,-0.00129740686727024,-0.0473444479758203
"self-restrained",-0.0363751917969846,0.222651418704874,-0.417506362735451,0.289987901387953,-0.136390464886063,-0.0419118981206242
"self-revealing",-0.149276212716829,-0.46747365458281,0.160719799484548,-0.0741285959560062,0.0837691433001071,-0.0954059279306809
"self-righteous",0.13595153013588,-0.105587455455616,-0.0973943137699432,-0.00156886053034768,0.399552563428647,0.0431897238880876
"self-sacrificing",-0.381639323119495,-0.193090248273895,-0.0961663413711321,0.00347342713137207,-0.183338783358778,0.159367225297668
"self-satisfied",0.392611312450905,-0.050887055253985,-0.00151792000643011,-0.0369842229572488,0.0878845121458038,-0.00564734909520326
"self-sufficient",-0.0174582059090191,0.131807097593852,-0.0607322289472823,-0.09695592623826,-0.025299685133853,0.0239938589375918
"self-willed",0.0420840697595294,0.127341292046416,0.0496959516996947,-0.193940576271663,0.0538864368408401,0.00062321634434011
"sensuous",-0.0320890571328642,-0.052502917393946,0.270228296398337,-0.0109036152593315,-0.0338316970786157,-0.161706459084293
"serene",0.0521545462783925,-0.0612773690158593,-0.102553968068036,0.417523934160344,-0.301810824683426,0.022160226538442
"serious-minded",-0.0135788911428497,0.139947008083511,-0.271681858508883,0.0224143276380783,0.00646651792950497,-0.0996510480967781
"servile",-0.00419490824894244,-0.0296080076592538,-0.0108916953630509,0.0510391007148671,-0.0419759378369843,0.00729207645459479
"severe",-0.0958150759643349,0.109851633214995,-0.3170308060257,-0.231989312881344,0.404582398995951,-0.0418375677901475
"sharp-tongued",-0.0038106805888755,-0.0857096206475673,-0.0850308733952252,-0.279050384834027,0.62524173444617,-0.0712650013112096
"sharp-witted",0.0621477008335796,0.0882134515439572,0.0415576380645237,-0.103493099699961,0.0122817474149147,-0.158534770986678
"shiftless",-0.0555074128693586,0.0199441423815915,0.18323528186865,0.0710099777090717,0.012192800638682,-0.0096668842989499
"short-spoken",-0.236263243046953,0.540766187609712,-0.0579356304766917,-0.147293583511266,0.249850637117889,0.156236370765862
"short-tempered",-0.232283297815725,0.00384995872110288,0.0343990581946294,-0.229464602859873,0.400800180111404,0.118115319651025
"shortsighted",0.0524926336331623,-0.0541039614175776,0.179992188367029,0.0985375987284676,0.0221894204713945,0.210369835090289
"showy",0.00615310697417328,-0.11328291826082,0.223944500322805,-0.152002452258161,0.0118491680317566,-0.0950219042540307
"shrewish",-0.0861699242707158,-0.102850089344816,-0.104975394514764,0.0287492782240488,0.442953092784125,-0.0421423789911285
"shrinking",-0.0613389017590176,0.177503153591943,0.0471333414198335,0.0638906775520136,-0.0956453949603798,-0.0254876663792642
"single-minded",0.0622628312088244,0.125067351328038,-0.198651847870819,-0.157153071008013,0.0473485753186206,0.0400154619466563
"slanderous",0.232389768929068,-0.099133960343022,-0.0344134174676631,0.0488017647613416,-0.00526954738018577,0.0468017213402724
"slick",0.481352815953321,-0.027430780718879,0.248803147520757,-0.292078813489536,-0.0581848124306283,-0.191607516857384
"slothful",-0.0742886236876459,0.0353680684794886,0.137473414728997,0.0424070406938479,-0.0131665907009534,-0.00461995983457381
"slovenly",-0.0694014867201789,0.0243006001028566,0.0967120956176495,0.0139959088228507,-0.012806772386059,-0.000256795700807269
"slow",-0.0901770053657649,-0.00388452042949523,0.120250235126077,0.318207775443113,0.00861071813329427,0.112269050886508
"slow-witted",-0.0594684317573435,0.0125484558836011,-0.0118843239153263,-0.0116803167582326,-0.0289555174649568,0.00787311179718105
"smooth-spoken",0.254452301571181,-0.340657881251869,0.0444626301929747,0.0648823075941464,-0.109191445861981,-0.23294646452182
"sneaky",0.88875998135809,0.0874599543345116,0.00975999099582976,0.035393886341601,-0.275256082725226,-0.00076184417132433
"snoopy",0.319834649154281,-0.153778235449546,-0.0412880765122419,0.185460298370035,0.143208427095279,-0.0189615258473106
"snooty",-0.038937800230598,0.0446199774969155,-0.0220637403486562,0.0353831510077501,0.211157841832429,-0.082166483204865
"sober-minded",0.0261292379665781,0.081509343956182,-0.431172417310201,0.112502839986711,-0.0659548096579342,-0.0765782660527862
"soft-hearted",-0.223413201967239,-0.33236255940428,0.114983021610541,0.263126893675659,-0.208272074485858,0.0652944795254222
"soft-shelled",-0.040655130080842,-0.072450604692344,0.0499539233540662,0.253066341753505,-0.0652061342634525,-0.0180366701872879
"soft-spoken",0.156485796474776,0.167206614492387,-0.124352512245739,0.591273729293704,-0.308652917430258,-0.0590388605577694
"solemn",0.0345095616253426,0.353160896884948,-0.324588454667613,0.138002897636796,0.0194125258426658,-0.0633558640392896
"solicitous",0.0528286148038838,-0.516972396994579,-0.191122028602077,0.129704390234679,-0.100330798308274,-0.0496252677941335
"sour",-0.10147572770867,0.0512623933388662,0.00103355629754232,0.036979257521777,0.28362701393174,0.0263374898448317
"sparkling",0.0301394412851414,-0.343118677434203,0.291737637022512,-0.0301330581788388,-0.0375343670319017,-0.227439798422893
"speedy",0.0741608590790299,-0.0830254666895803,-0.0087565514987572,-0.40280779194849,-0.124526793362647,0.0383107523006311
"spineless",-0.0238025752147708,-0.000748520187136754,-0.003333771664443,0.0196377911508144,-0.0290460158875499,0.00989617775325026
"spiritless",-0.0597787444862845,0.0263051708316649,-0.021848280124237,0.00516600981407411,-0.0252086059060378,0.00714716836402903
"spiritual",-0.169269713869149,-0.0974525494670465,0.0763597695838554,0.193947339449228,-0.116034989696367,-0.089718068682055
"spiteful",0.309584956835735,-0.0612695287677149,-0.0526161989649878,0.0392794526265123,0.129069654155397,0.0164184862191301
"sportsmanlike",-0.131674422326172,0.0165647802279541,-0.0244691448220744,-0.48357844012107,-0.278033352751703,0.200160350989269
"sprightly",-0.0957137078216495,-0.313266206285845,0.273972200934119,-0.107308325307587,-0.12630729026577,-0.0243812396627085
"spry",-0.127522607159085,-0.0976886248054133,0.14297757388789,-0.241816095204172,-0.264492811164923,0.0779250954537654
"spunky",-0.100257828951569,-0.235364917677665,0.381027144772991,-0.206671178448189,0.00190169429310411,0.0165678222192745
"squeamish",-0.027623269601623,-0.0439274366905632,0.0119791253957567,0.093507603734649,-0.0147991195765699,-0.00898280250554187
"stable",0.00368216322056016,-0.0248144447352067,-0.231538192191946,0.0450319517417377,-0.065645840832285,0.020187650819653
"stalwart",-0.0156962462329467,-5.51836912138612e-05,-0.247976964431859,-0.131619514720411,-0.0593185944406296,0.120119950032892
"standoffish",-0.108531703411963,0.664997904114851,0.0292833589698931,0.0531865550327687,0.174387318097992,-0.0785737763870407
"statesmanlike",0.0460743060959065,-0.0857722703343025,-0.269647223657336,-0.194395462078103,-0.0498482584324155,-0.184885563818874
"steadfast",-0.0179565985326648,0.0305042634038365,-0.272653373263551,-0.0504610752870544,-0.0499956374473971,0.0909317384402111
"stormy",-0.0758852437234747,0.0519381562149611,0.18923237122844,-0.278482892726052,0.193334228696126,0.00708924080009338
"stout-hearted",-0.0201406556726878,0.0209436359836789,-0.000625614200560824,-0.128064691826395,-0.0329654276407155,0.0562918327666996
"strait-laced",-0.162005948637748,0.0310844223588659,-0.644014410724846,0.246097323534689,0.0924728825058205,0.14152631704529
"stringent",-0.0133574497805545,0.126759667614268,-0.525233228407359,-0.0850444088383958,0.204622364267938,-0.0551947536748899
"strong-minded",-0.0145992875862828,0.0501658398340324,-0.0293915238328112,-0.122273105894437,0.00274656344983955,-0.0208973783908871
"stuck-up",-0.00757559389605749,0.0641544856901802,-0.0587137255700798,0.0069862078635934,0.25404215391638,-0.0729858762621824
"studious",0.0234633420316174,0.1645009287686,-0.229967653396247,0.184587943531084,0.0260642308705537,-0.375589762383703
"stuffy",0.00596846929519749,0.0671838068591627,-0.162729306826738,0.130411945334618,0.127502340206311,-0.00365476786447494
"suave",0.240161374456158,-0.124719650404969,0.0838099160604468,-0.195338473564977,-0.0912791391050238,-0.228427252292578
"sugary",-0.00296542316373851,-0.171945898559577,0.0234522472121557,0.103833936875102,-0.00514127804155497,0.00968970477891907
"sulky",-0.0869278454346091,0.145529929336403,0.0735031478457503,0.0394378867122693,0.0944529082008343,0.0220358470773464
"sullen",-0.0751964058743191,0.356460935017596,0.0878079421082234,0.0500259342379364,0.0547127242318959,0.0582572955008768
"sultry",-0.0813584825553811,-0.0530674438771338,0.160919315383632,-0.0548426804309202,0.0128742329648047,-0.105187124159091
"sunny",-0.00211027648949765,-0.48949164290442,0.200885134497595,0.0102278032329413,-0.168135373983667,0.127448947752841
"superficial",0.232500873806832,-0.0789771802696169,0.0646649536435027,0.0351327768794715,-0.0250285554273359,0.0263966726690906
"supersensitive",-0.188177361826695,-0.137718795646582,0.0123483398361617,0.289877440151397,0.112350932039973,-0.145179904787161
"swellheaded",0.400942377269494,-0.148736632602339,-0.0229895236086826,-0.16112573754915,0.267613751134902,-0.0321522848636991
"taciturn",-0.0978299654731929,0.703525204001455,-0.0402053124740306,0.0481046078534715,-0.0498748363137231,0.0717519531647902
"tame",-0.0287591150911834,-0.0433882559978977,-0.196732267390507,0.459202097155789,-0.119158516724015,0.176936915675394
"tasteful",0.0234396893433928,-0.0960760086188523,0.0512096485940546,0.0437550602429755,0.0181554753314349,-0.0871258664981039
"tasteless",-0.0108773999406639,0.0410676755774275,-0.00758995083230712,-0.000682238881275708,-0.0337789989268349,0.0112669407900582
"teachable",-0.0369247246768013,0.00148193308039793,0.0946196299354625,-0.00592573618026425,-0.199413367147968,-0.162473356827573
"temperate",0.108297681508125,-0.0396174915548201,-0.283580155197895,0.297217578974623,-0.19449146063555,0.0103259278109027
"tempestuous",-0.151616529595426,0.0105712309325845,0.22432517126508,-0.228859604810501,0.179084865135926,0.0221874082049287
"temptable",0.293214154507805,-0.0855437149954538,0.325092911854612,-0.0248890278375235,-0.086537096164146,0.109141080263611
"tender",-0.11142213320129,-0.348574459729365,0.0800857073101298,0.360021426089233,-0.189903914964364,-0.00650775558368833
"tender-hearted",-0.173496248927752,-0.306900700743607,0.0880227729640197,0.293401268005948,-0.234146818346495,0.0550335542053084
"tenderminded",-0.102219974561648,-0.353537968629503,0.0295996955974273,0.407691659605613,-0.215515129496681,-0.0769402356993317
"tense",-0.231698042267045,0.0220709398030226,-0.0636311163511658,-0.127274411096327,0.243525922446605,-0.142394158162173
"tentative",-0.0449888280924256,0.14737021480977,0.153759352671223,0.291582908790539,-0.174450768161392,-0.112130548262028
"terse",-0.186687026977706,0.561316049130172,-0.07708165908785,-0.146793587478607,0.271230673959154,-0.00265198333689424
"testy",-0.248313048468067,0.0393880551070649,-0.0480532224364105,-0.159307418097124,0.522090967856874,0.145784594935838
"thick-skinned",0.261765307672344,0.1481231175261,-0.0264955245333547,-0.301965712773985,-0.105957920898061,0.23288440441145
"thick-witted",-0.0588347757693759,0.0137140049405651,-0.0108662543061811,-0.00879932647637415,-0.0274733164555838,0.0036228612710566
"thickheaded",-0.0880555087244327,-0.0210799368291503,-0.0117150127893935,-0.0350931066006292,0.0386038506604038,0.335922721939508
"thin-skinned",-0.221168634903478,-0.0676552255258852,0.090316604592516,0.181471930053025,0.280757354972857,-0.0308627344414118
"thoroughgoing",0.041105191991501,0.0427361026308814,-0.333971274932775,0.0148833880633272,-0.00818250179354826,-0.0191595658406375
"thriftless",0.0554920679408754,-0.0196616764401132,0.287942480053871,0.0151560909929867,-0.000740186056668425,0.090011159073266
"tidy",0.0311025245173811,-0.119383259444573,-0.413396146323995,0.070521344510114,0.0104927054641845,-0.0196914284286462
"tight",0.104814060611796,0.0654840665523182,-0.256936310185105,-0.15181639760857,0.137725972102789,0.207984037589655
"tight-lipped",0.161411567202751,0.576626822498822,-0.257448157112027,0.0371934890986199,-0.0303025001820335,0.0570000633064581
"timorous",-0.0825770905226554,0.0468094855359822,-0.0196482416299475,0.133978088059194,-0.0758053438375392,-0.0342355436067894
"tireless",0.0406122944315283,-0.0029445636950504,-0.148572294908114,-0.120997862365811,-0.0533041588092291,0.0590941428558262
"tough-minded",0.0773209921723196,0.154843754437564,-0.222779303940353,-0.401532426290446,0.0996501549342858,0.143000732695149
"treacherous",0.59738410267553,-0.0668493983914484,-0.0517264949935282,0.0142767690983197,-0.0935040000310255,-0.0138988828640508
"tricky",0.682825556750959,0.140460302663818,0.130539929865701,-0.0887752632262359,-0.134395133837096,-0.0837452077266455
"trustworthy",-0.436635402272003,-0.0469281615647796,-0.0616163085764309,-0.0494728914992176,0.0325480137570859,0.0079099953217893
"truthless",0.4518904735655,-0.0177351920622506,0.0201599145750728,0.00611296322667264,-0.116639809041805,0.00929429857334877
"twitchy",-0.0866829194884876,0.0269402698628064,0.0977969741096533,-0.0391995640369983,0.032005033946181,0.0164066554166648
"tyrannical",-0.0063190590596193,-0.00462517710973034,-0.0917331697653498,-0.0503603283922192,0.123623358290477,-0.0454174836093614
"ultraconservative",-0.0139792115322995,0.0547993977713024,-0.290961772868467,0.0332093859017329,0.0523996161787315,0.197444641689655
"ultracritical",-0.185811057062373,0.0505507757760887,-0.271640346473032,-0.116737651361318,0.526555906918741,-0.239611891020865
"ultrademocratic",-0.191102372441699,-0.24546395631557,0.0459904379759913,-0.0536119882072815,-0.074887294566953,-0.185664515743303
"ultrafastidious",0.0985729949810499,0.0709729251280824,-0.411064071861482,0.130449428807654,0.194019742989465,-0.22901455367606
"ultraintellectual",-0.00963116788089544,0.237413207732997,-0.0965229762632311,-0.0829778370878417,-0.0172336906733741,-0.493356797794543
"ultrarefined",0.0506281467704389,-0.048970887931449,-0.0760966643621707,0.0435568098550829,0.090117922446037,-0.45911837793956
"ultrareligious",-0.0616393133731949,0.00258607132954985,-0.0257906033724587,0.00190953593983096,-0.0298351453827903,0.025030616185006
"ultrasensual",-0.0622461895439695,-0.0705824433692438,0.209036355788788,-0.0925778960702589,-0.0061119559936045,-0.130823862954157
"ultrasentimental",-0.00560897129644159,-0.30875488669241,0.0707637879841827,0.302517768081481,-0.0429054342295501,-0.0337668606093608
"ultraspiritual",-0.168060516652246,-0.122935431255173,0.032878979783524,0.026561720039765,-0.114481772383792,-0.123826938977019
"unaccessible",-0.012019078387185,0.681664147194539,0.0858027099394072,0.0259148998053009,0.00944710141699613,-0.096080623485719
"unaccommodating",-0.117399139620463,0.192135956795862,-0.119581215789803,-0.137304357272594,0.510223727112456,0.0647481212722929
"unaccomplished",-0.0474956460417985,-0.00257864199879138,0.0664126462322531,0.0600989609725042,0.0109631226021718,0.0128367087393521
"unadaptable",-0.12748089165549,0.0177449228678071,-0.153236345644067,0.20026787595244,0.220818418488443,0.257247820353855
"unadulterous",-0.0269051435397489,0.023478125859839,0.0597138696810083,0.00901913579733122,-0.0155893519243446,0.0174983994596772
"unaffable",-0.0578056805163352,0.55150955142927,0.0173888355827885,0.0590688611409341,0.0238017218706823,-0.0696307203230267
"unaffected",-0.158441488918271,0.197660560805959,0.11647417679284,0.183996302600464,-0.133200814136418,0.21451915040782
"unagreeable",-0.0583448684130678,0.203399695049328,-0.0614726106010631,-0.000268901517151592,0.481861188658136,0.143095216568042
"unaiding",0.0926276809891958,0.256583646691471,0.0898777699903105,0.0371242069209587,0.0835996612448802,-0.0227163556626269
"unalert",-0.07513382048058,0.0296135041085411,0.0921177354313244,0.0381096292674315,-0.0145891945014476,-0.00417195074236646
"unalterable",0.0629452999913211,0.134423000602157,-0.345978968301777,0.0550238075920182,0.0834358889418919,0.220479667749474
"unamiable",0.0268149536698015,0.483391731707765,-0.0188832888576329,0.0207613222160078,0.338745533410102,-0.0771105473429591
"unamusable",-0.0230248561016369,0.10379599186919,-0.0287908982557737,0.0301432948062778,-0.0565032343769479,0.0152914210178143
"unanalytic",-0.059737243339939,-0.086032323349988,0.213324427617653,-0.0323786941911206,-0.0777861330323589,0.294483890631509
"unanchored",-0.0491974708254848,0.226042048189119,0.504885869751887,0.0144186772313074,-0.0575212332321118,-0.0805583662042927
"unanimated",-0.0495613785986941,0.145120037557041,-0.0344550992129809,0.0802427798216836,-0.0174984475432899,-0.00978162545739192
"unapproachable",-0.130392696893057,0.60755764023375,-0.0321844363994432,-0.0356100146957954,0.240806224231344,-0.0910660041884755
"unargumentative",0.00178404620940492,0.163474419013206,0.108817568339442,0.34746453144819,-0.368189932750986,0.0233124088031587
"unartistic",-0.0187193500482119,0.13029368602385,-0.243961391654132,-0.211390108987403,-0.167895928048776,0.154732216294927
"unaspiring",-0.00112199043090365,0.00164695553260693,0.0105002272393935,0.114246384792597,-0.0043687405722609,0.0830063689925472
"unassertive",-0.102297703464542,0.183158409749599,0.0625783812857854,0.29613115668371,-0.149745547756803,2.56619045556838e-05
"unassisting",0.0145130147472151,0.284811919456037,0.101936438093437,0.0216923192857309,0.120775725198791,-0.0485470122635931
"unassured",-0.138642483151002,0.109941827426872,0.228692919016096,0.150313049813725,-0.0263137412388602,-0.0894753606661311
"unauthoritative",-0.0139482112500171,0.04872282586769,0.409090981696525,0.390991933036432,0.0115170442325517,0.260411810137431
"unbashful",0.0857610135797654,-0.377365799259214,0.123620680080047,-0.251368863251002,0.169155260442443,0.0620779768005423
"unbelligerent",0.0303966896240877,0.0294769446040658,0.067911111595272,0.272160387751716,-0.206041115860981,-0.027809623895942
"unbendable",0.00119164753779792,0.165257373806794,-0.315909344454464,-0.088394687246186,0.143625730771563,0.171335288629902
"unbending",-0.108992835337094,0.133586777657544,-0.3508955098856,-0.123956070392351,0.263685052318799,0.14608315230054
"unbenevolent",0.554962475123621,-0.0126793032915545,-0.0650921686476893,0.0065009669649432,0.1509582971311,-0.00177457016285519
"unbewailing",0.101928253029871,0.14425703377256,-0.00267101659266348,0.0680000289280406,-0.0286417311765191,0.0694199416639137
"unbiased",-0.597476948999623,0.144519372310915,0.0441887744843572,-0.0555642773175553,-0.161079395736165,-0.067689938050114
"unbigoted",-0.092535118953499,0.0130690447509714,0.0722359654908433,-0.0256850409241409,-0.152250432472137,-0.0388452476786343
"unblushing",0.314241915663473,-0.160014572859453,0.101128130085875,-0.160523491541329,-0.00474735829741224,-0.0103622054097755
"unboastful",-0.18071376081314,0.127476586232388,-0.0390436672701316,0.23748832009918,-0.0815727040681069,0.0875354431528635
"unbold",-0.0500348360215808,0.130007387077782,-0.118007595559869,0.719071152546722,-0.11956239689577,0.108772708124818
"unbookish",-0.207030389286817,-0.00390699843341302,0.247157866708259,-0.259997070800334,0.0124899953000239,0.541347840851756
"unbridled",-0.0189178089390044,-0.0496029962298429,0.424285760162608,-0.332401487789671,-0.0495297206604869,0.0295885722730487
"unbusinesslike",-0.237909934631248,0.084741747162175,0.510131515637687,0.175958579916978,-0.185775826782351,0.185099229697469
"uncalculating",-0.193868153842412,-0.057528002381189,0.351727305165737,0.2838617811274,0.0359772321762558,0.252822866052962
"uncandid",0.808065477956264,0.114408491823078,-0.070243723542634,0.120801233435821,-0.036241016028875,0.087802210702682
"uncareful",0.00902440966104297,0.0116893221259819,0.397410118618433,0.009117321903101,-0.00943948958042136,0.0881217673511494
"uncautious",0.0190703993118699,-0.0596815234964232,0.358699557212918,-0.0733348724915115,0.00498983081300735,0.139734116791142
"unceremonious",0.108186550770901,0.302552806023259,0.426775362432927,-0.1098962259615,0.0706822221180573,0.201186964094131
"unchangeable",0.0734017905435216,0.0878041426360082,-0.335318153047102,0.202280122470697,0.125557542364091,0.34185491860028
"unchanging",0.103084807471751,0.0134118894451992,-0.371727931597703,0.295063573419856,0.067601551716605,0.412495835221569
"unchaste",-0.0578380248192268,0.0132963857996773,-0.0132563992707247,-0.00609401401028844,-0.0268403159092224,-0.00629939627669338
"uncheerful",-0.0893092509417658,0.536362088303101,-0.0847542970129109,0.0382429591352796,0.132103148130778,-0.109697783200732
"uncheery",-0.0995936642442592,0.507493441114979,-0.0816996025504218,0.0686154657236101,0.139248063333983,-0.0597326438959577
"unchivalrous",0.322267778125341,0.0992166315316573,0.0613253291653603,0.0154747273802629,0.0427853519398445,0.0246777510781242
"uncivil",-0.0873420680887405,0.0569548222312879,0.0411755201344864,-0.0501325113591914,0.155507000176448,0.0328896375158604
"uncivilized",-0.0604954091948051,0.0399901560661755,0.0148113766931008,-0.0146789296390493,-0.0136033416560714,0.0158014771299179
"uncompanionable",-0.067700251205519,0.709054624351449,0.0513631002776865,0.0578337556813291,0.0936126308849904,-0.0906879630165473
"uncompassionate",0.317290260608847,0.103553807045957,-0.0465579935476869,-0.0308278569355261,0.29842835098983,-0.00781818715038519
"uncomplaining",0.162622908735239,0.0803764756756401,-0.0590718253245059,0.161271954763061,-0.391268138532401,0.12309019664044
"uncomplaisant",-0.0646980885757928,0.186476940806425,-0.0649267525662813,-0.244443365372824,0.342903607458437,-0.00743519121589523
"uncompromising",-0.00925048667659867,0.117845121561626,-0.235580582700321,-0.223616742607089,0.111670746252804,0.0406519518638038
"unconcealing",0.0496626839157434,-0.253780863642206,0.0109348648476575,0.0309817807624221,0.160690383928044,0.0228671526550908
"unconciliatory",-0.0381565766733579,0.277056859722026,-0.132390848593627,-0.0721854546936816,0.469350188744774,0.117926076720088
"unconfident",-0.13617792250308,0.112894649030739,0.0986062412960331,0.143428239371434,-0.0137600815374459,-0.0741827023897049
"unconfiding",0.338341015295428,0.538789295995494,0.0266860501842894,0.138628803826946,0.149888242413768,0.00468674471185186
"unconformable",-0.0189394723851225,0.382172077212024,0.440484142139948,0.110818496484108,0.0855965927601664,-0.0613830856259846
"unconscientious",0.184836026950108,0.0107257212500631,0.31205417140028,0.0804211771787425,-0.0188302673265604,0.0394496274463642
"unconstrainable",0.0723008653034107,0.0738045569417029,0.472939426831256,-0.410606886364515,-0.0896113346885094,-0.0811945833926631
"unconstrained",0.0159098928929732,0.002026014547187,0.534919612350869,-0.249242684468296,-0.117953126061105,-0.0850098977401722
"unconstructive",-0.11859921674449,-0.00420690527939097,0.0568363431413032,0.0786042818439107,0.315466385212692,0.0605098248562223
"uncontradictable",-0.138700469981006,0.0801615845325764,-0.266727359891654,-0.040121730468262,-0.0095692190436489,-0.0591246849160281
"uncontriving",-0.351468943906282,0.208781966329845,0.111182336852131,0.144808427228325,-0.0822474158014432,0.208702021531366
"uncontrolled",-0.101354902462859,0.00741382440376152,0.231615984332613,-0.0951843939236039,0.0318238525587541,0.13916554398106
"uncordial",-0.000199556933943758,0.436030059747773,0.0397116148023434,-0.0211346000787438,0.246614651380225,-0.0340399198879631
"uncourteous",-0.0298043264523767,0.11453055278382,0.0215263177143626,-0.015035285697638,0.317271153902008,0.0307624102777102
"uncourtly",0.0700449148095434,0.444902376287317,0.0804593610645161,0.187374655131409,0.155592492096776,0.305460035361567
"uncrafty",-0.0961748269768421,-0.119947213253769,-0.0510747153079853,-0.0305733353363625,-0.0980201959291643,0.0992252452150392
"uncritical",0.124160498297836,-0.128436315202654,0.095746394652646,0.100413640081349,-0.170978733124855,0.24227264442931
"uncultivated",-0.0430321007454844,0.0299555295211221,0.00768030983207688,-0.0344590461343501,-0.0466334661869431,0.0887407839303204
"uncultured",-0.0492448900949604,0.0232685991883913,0.0130903827622427,-0.0333873792262217,-0.0347378557128505,0.0813313989530695
"uncunning",-0.539983494376274,-0.0665970234937515,0.0869647724265744,0.183030610210529,0.0954536827239846,0.274002734418981
"uncurbable",0.079194569397565,0.0318667545314632,0.113633253569775,-0.20400447037962,0.0262949535572736,0.0298070280639662
"uncurious",-0.068614531172393,0.00161582825700447,-0.0235506469313205,-0.00976592061381346,-0.0215807283257969,0.0947425586041457
"undeceivable",-0.481765065362927,0.174302017985057,-0.0203584982401191,-0.0581976567353448,0.0490494191670575,-0.0224050994631133
"undeceptive",-0.839454327669459,0.0378341531980671,0.0394789231665997,-0.0564818737098374,0.180465116026876,0.000949702567079249
"undefeatable",0.00148090213292277,0.0422162597224216,-0.0643591373133915,-0.433158271244551,-0.0672716889815966,-0.0499775692243363
"undelaying",0.0725743569423856,-0.0379866121670496,-0.31049521192093,-0.17293525603737,-0.0212507697995523,0.0784662198661611
"undeliberate",0.00849312478886804,-0.0333915316685769,0.334578855677583,0.0954480402665961,-0.0217661539063857,0.0593717194635735
"undeliberative",-0.0921859970392412,0.00982804622495976,0.44600800495004,0.0423590958910379,0.0324563447478195,0.126731869420907
"undemocratic",0.141519495312289,0.0103994455143095,-0.100721708761594,-0.0326173467621548,0.112269427540646,-0.0393810169098389
"undemonstrative",-0.0529218009333857,0.695553507442211,-0.0779636571022259,0.128094126186968,-0.09252138499293,-0.00220915336758669
"underogatory",0.0446132075929912,0.0258675601380516,0.0520157198976492,0.0205396495208502,-0.0202882194908691,0.0592432116509978
"underwitted",-0.0510938633567642,0.0187354560090577,-0.008265294859608,-0.00319993007608436,-0.0316944398905339,-0.000127136132310346
"undespairing",-0.00138853639854192,-0.00220412549720295,0.00853272039745051,-0.0566462364953893,-0.0427313830091876,0.00500504177198613
"undespondent",0.0242523790645528,-0.042661930415215,0.0373694027217553,-0.0465366126319517,-0.0539330456822202,-0.0144483692892885
"undeviating",0.00200506915114424,0.047932816831662,-0.497075597527853,-0.0344258797257523,-0.0289358922621909,0.0998586117905871
"undevious",-0.830381517166504,-0.00983107816445873,0.00703925144395425,-0.0055284893743059,0.136125979380021,0.00533152713575753
"undevout",0.183697725986098,0.278436258224471,0.155380605508439,-0.00481687794531333,0.076217889330873,0.0408304660015483
"undignified",0.0940119755965469,-0.00979290187511728,0.0939167947783168,0.0343437498319517,-0.0132333157353978,0.0710430144719158
"undiligent",-0.0791581703778123,0.0281914116837583,0.319498097163331,0.084190708103547,0.0161814730383435,-0.0181371863854486
"undiplomatic",-0.02072068599937,0.0875636042438349,0.0861677213147008,-0.112513642628102,0.486327238331718,0.167263791467873
"undisappointable",0.068810081472118,0.0244529310571044,-0.123560263532196,-0.0738252502836912,-0.107416269935996,0.128118102664797
"undiscerning",0.010372418416024,-0.0352962030955966,0.0960573662108731,0.00459726741865451,-0.00776390303746939,0.147719158784234
"undisciplined",-0.0669173643409814,0.0286408138301462,0.456026120612008,0.0559861445667763,0.0300598644469215,0.0701157896346428
"undiscourageable",-0.00421287557262495,0.0322914817946467,0.0038399862675513,-0.132021285406201,-0.0538655394989164,0.0149369489030664
"undiscriminating",0.0615981882621524,-0.0840841072486395,0.118264414814639,0.0353325666916279,-0.0496318852427535,0.228600624635964
"undisguised",-0.387174892368388,-0.253405537318684,0.0772776495358779,-0.0796392736825048,0.244817309004922,0.137589648495045
"undisturbable",0.278154890843173,0.144830244675673,-0.30081966354195,0.112520166893988,-0.196935751570658,0.103686016796668
"undivertible",0.0868341203849773,0.189833227113082,-0.320037423995261,0.054883832389269,0.0699627101134284,0.0884599765847859
"undogmatic",0.0538516177294885,0.129436826650061,0.218905852460533,0.0190410077056954,-0.266259315459813,-0.185727069284083
"undramatic",-0.0612439262346413,0.203056108388171,-0.202127479245573,0.294383288204033,-0.10240338698164,0.149088078211936
"undutiful",0.180905207115947,0.101059386839442,0.195071944649033,0.0384974311790181,-6.59132523319689e-05,0.0344542902926813
"uneager",-0.0377958688435553,0.15053609380698,0.0401877724677084,0.224349340036306,-0.0148467917216799,0.114055278565797
"unearnest",0.33400719260551,-0.0543009603986767,0.0527145290855336,0.0247832684859948,-0.0595962105829096,0.0102803494642668
"uneconomical",-0.0233078879534157,-0.0277246895799581,0.327437542334311,0.0333113281915252,-0.0362612703509604,0.0887466653954952
"uneducated",-0.0316681145711073,-0.0125493819642608,0.0114635286190809,0.035076805479967,-0.00818863239940933,0.121012753583942
"unelusive",-0.00303368266726703,-0.113749723413393,-0.018127263522832,-0.0280992603741276,0.048470224597164,0.0183101242427992
"unembittered",-0.089455397069161,-0.00445904064785315,0.0633026021881711,0.0280822343508631,-0.159183923793376,-0.0146595586106017
"unemphatic",-0.0175861968808882,0.338620854483689,0.0422517712635757,0.159239269134399,-0.107806878932447,0.118297273682755
"unenlightened",-0.0347384086268841,-0.0072997645788515,0.0178540607995461,-1.42469286361632e-05,-0.0184996393207029,0.136675288673952
"unenterprising",-0.0262036700838877,-0.00984731980932949,0.0057424229785424,0.137247670755103,-0.0145559910222906,0.0848579486502253
"unenthusiastic",-0.0309929569848002,0.0681427750891198,0.00866594500843474,0.0877703818897149,-0.0246997945603229,0.0361009071971936
"unerring",0.00690685203463385,0.0762916044411275,-0.346773138109321,-0.0667758987465505,-0.019145085707066,-0.00409955209211582
"unethical",0.748427279542454,-0.101662123327828,-0.0567485818754055,0.0403022972898688,-0.144590072147821,0.0266703971906689
"unexacting",-0.0697610029717904,-0.0357298504624165,0.356652779220258,0.115744149721284,-0.0836433216738639,0.156458996052881
"unexpansive",-0.0143924120847599,0.565122902117839,-0.232598083583058,0.2502531066403,-0.00486927607352265,0.212469629931571
"unexplosive",0.136669113840432,0.0971106622239647,-0.143487354747243,0.337562856366338,-0.100832903633156,0.00269001030829214
"unextravagant",-0.0939727878017278,0.128669666099518,-0.190786069573802,0.227048320093515,-0.074540675641125,0.149728316555589
"unfailing",-0.0376239620706535,-0.0120377489105556,-0.3609545686248,-0.0508497050633901,-0.0965150825601394,0.112516673205168
"unfair",0.615273653376004,-0.134925189928436,-0.0837303789497053,0.0377377143493147,0.188073198988645,0.00361959739940473
"unfaithful",0.047161543496631,-0.0118217325115091,0.00747965326232302,0.0213087550624634,-0.017399764349673,0.00977430725166932
"unfaltering",0.0446647858569659,0.0109023266260754,-0.341311825472853,-0.133365517918228,-0.072538554168913,0.103105495505704
"unfearing",0.024325612762,0.000461898402220687,0.0619687321417208,-0.226845782977231,-0.0130842545653501,0.0432725597012152
"unfeeling",0.0626275516025203,0.150284801315016,-0.0165517550082873,-0.0411710063502135,0.00911537850720524,-0.0168780644559678
"unfeigning",-0.686629010244472,0.00804253747323012,0.0110643926478314,-0.0376039167255028,0.084515923456004,0.0730652062171474
"unfeminine",0.156330711395271,0.23219995222694,-0.0996772675019492,-0.123622806547647,-0.0268365075010781,0.27758991229919
"unflinching",0.0506315243823854,0.0857482660639199,-0.146470934682732,-0.253054018824765,-0.0217127034717581,0.0922589012724986
"unfluctuating",0.141249026956037,0.087281311762145,-0.491711849388329,0.0865761568378592,-0.00865084159568523,0.180820820218936
"unfluent",-0.101599597778589,0.0910520869516177,-0.0482955929172905,0.0524107232635135,-0.0811098205149594,0.351953900892435
"unforbearing",-0.138011298521827,0.00118837943112662,-0.0638845794096642,-0.128774082139611,0.563843090813979,0.0940437568443983
"unforcible",0.160412160211594,0.142595951186039,0.0372916418686259,0.468793037118674,0.0710284221190679,0.198379052716193
"unforgetful",0.0634747694873498,-0.0485938275533501,-0.257821720480937,-0.0101593094752461,0.040831792907461,0.00818387421783577
"unforseeing",-0.0374643900390107,-0.047181531396091,0.30265605222433,0.0777745571927484,-0.022785347323663,0.208787432203088
"unfraternal",0.0975781175666422,0.341804741777968,0.0224733742558651,0.0247650322460675,0.161081336138296,-0.0372645833193866
"unfrugal",0.075869094280424,0.0341949481332499,0.385773768278651,-0.0314085591586668,0.14764945972568,0.0848048393918226
"ungallant",0.188027535547605,0.123963495198196,0.0523283187961216,0.0432342482257044,0.0732090008964937,0.0657367164395974
"ungenerous",0.368180581908315,0.113483493899244,0.012616514183998,0.065690475711303,0.0960381760579472,0.0265398342376551
"ungenteel",-0.00434590959808631,0.192004892016691,0.123489118131145,-0.0501731660842588,0.0948471447803966,0.219434873832956
"ungentle",-0.0151518654008364,0.0350288340270295,-0.0290715761156065,-0.188596768939678,0.44726221413873,0.0707695707510687
"ungentlemanly",0.152042423562122,0.0559807164539539,0.0688749109101202,-0.0357518858356157,0.00675890987078016,0.0859976856577844
"ungiving",0.215060181261112,0.300895434429311,0.0015093727339714,0.0224264964857253,0.171374759266869,0.012644003247894
"ungovernable",-0.0223812112973657,0.0978916463237972,0.178273280383174,-0.0749849923631332,0.0240317499968427,0.0555509151776006
"ungraceful",-0.0691652679807904,0.158874391618718,0.0492778407965329,0.076997028016292,-0.0249611707939732,0.0404914146708201
"ungregarious",-0.122719763177158,0.757447753103372,-0.107542997675679,0.181161950447719,0.0142430111281399,-0.0331395813868145
"ungrudging",-0.170053440462451,-0.0417402462066216,-0.0977539501996232,-0.0072300043732043,-0.307555111360449,0.0709309821260948
"unguarded",-0.222304530136634,-0.265494122359325,0.392988975995631,0.0677353167897801,-0.0512148869682158,0.123455333290589
"unhardened",-0.00135056564411001,-0.0922750682216032,0.167157101518013,0.454775484293432,-0.0325708194038699,-0.126862685873173
"unhardy",0.0992457284063374,-0.0670407140636152,0.187600405440043,0.410088553953865,0.0472942947206874,-0.195126201308367
"unharming",-0.407091225063922,0.0533987885874054,0.0628084213494034,0.0768647163773871,-0.0894159677401184,0.0181387764760811
"unhasty",0.11409707779938,0.0603345026105769,-0.150279887933688,0.239230451610539,-0.038200742142847,0.0384356675837567
"unheedful",-0.0192210037563679,0.185970111181493,0.460495206834882,0.00225428546272306,0.0928440508375047,0.0773022219272351
"unhelpful",-0.0334420352164739,0.168496377247027,0.100549894171951,0.0298413025302974,0.119413189330402,-0.000179898312303214
"unheroic",0.314390501550739,0.118267587518232,0.0842654626605583,0.413777294724663,0.115685915149913,-0.00029227466985288
"unhurried",0.130627401427568,0.150659147988371,-0.0440839314569961,0.508605051511494,-0.0317562360470434,0.0611878422747439
"unimpassionate",-0.0114148206034438,0.136846995565662,-0.0832771986570532,-0.00627882446784958,-0.032849765186456,0.0115624052460245
"unimpatient",-0.0116839924083902,0.061997059347903,0.0869102469872712,-0.155896806802508,0.156939414266884,0.011410402140493
"unimpressible",-0.0782014757063666,0.113442057462365,-0.10576217255359,0.152136183495174,0.213576807755031,0.1564128214649
"unimpressionable",-0.0310409676496914,0.0294849334484833,-0.104309672977205,0.126638811084314,0.0896344091878082,0.217272893969696
"unindulgent",-0.0955442688025471,0.261539581778068,-0.222996377437074,-0.129337736600398,0.155285437234242,0.0127791303996885
"unindustrious",-0.0832083309427207,0.0212668128626012,0.230742009358218,0.0615410280980594,0.00828262299140108,-0.00115880056448606
"uninformed",-0.0512838333747807,-0.018695482759286,0.0669310287034275,0.029052961942142,-0.0192426941937749,0.137113144540953
"uningenious",0.0179819008795982,-0.0523578436843346,-0.0135081971162041,0.0293433030984531,-0.0340498831145203,0.103026683609677
"uninquiring",-0.0449898761578164,0.00892208011814031,-0.0118875590314783,0.0376880885381856,-0.0290451136375821,0.274118275023561
"unintrospective",0.0962498111946965,-0.00123806887274643,0.0840649070838674,-0.107324112698168,0.0183031546308448,0.299698139437048
"uninventive",-0.045900578494552,-0.0991174251308203,-0.167094050733916,0.101259733897993,-0.0583133122905254,0.241930493752432
"uninvestigative",-0.0920624793316077,-0.144417621301571,0.128768548212669,0.0455478552180506,-0.0415087992360227,0.272849954103508
"unjealous",-0.0897156440172664,0.117421079523713,0.0742306313068996,0.0338902368524878,-0.0784845601126224,-0.000193632256818117
"unjoyful",-0.00796643730185256,0.319305654226771,-0.139883409060401,0.0529758415551628,0.061742040281226,-0.0185491877987028
"unkindly",0.197968883695143,0.0174253662328538,-0.0509433279782217,0.0301995397925173,0.39201769374881,-0.0390090546280899
"unladylike",-0.0815338549585985,-0.0374203976879702,0.0303152358032139,0.0356841487576881,-0.00339922013476043,-0.0547465471085347
"unlearned",-0.0343495919253947,-0.0328527999790442,0.0654292906546069,0.04111882716755,-0.0242213027007361,0.190964362266866
"unliterary",-0.0878831947975566,0.068270193079084,-0.093021074356824,-0.147041441371644,0.033739593719046,0.588117810800362
"unlively",-0.0715151323826612,0.271712283562846,-0.0657992508605104,0.13616247925819,-0.035659725308294,-0.0185609557199806
"unloving",0.0420352461387049,0.179601555895347,-0.00651143945217697,-0.029307660231227,-0.0196380330627165,-0.0271759673462143
"unmaidenly",-0.0617825346174933,0.00555717348105936,0.00618177297250934,-0.00211953734573401,-0.00772725691519595,-0.00979176303314675
"unmalicious",-0.569723523123262,0.122702447257769,0.115968193626111,-0.0319936377137841,-0.0986778654155082,-0.00702306901941145
"unmalleable",-0.158738503992602,0.22725507373923,-0.260378197002162,0.0332948467907175,0.26438342940802,0.233642211118753
"unmanly",-0.026557628911858,0.0705901887907971,0.0277290035845644,0.0530956397605868,-0.0333822973111219,-0.00608502818164703
"unmannered",-0.0223786960278562,0.235341331354523,0.122129831881384,-0.0225346560250622,0.076904268860547,0.0488858259056869
"unmasculine",-0.050885005997755,-0.194057700007956,0.0513469557092442,0.311053224530766,-0.00284990423699171,-0.218110071096317
"unmeddling",-0.286710547745749,0.335516588392873,0.218846379418152,0.120220415128986,-0.28362343904632,0.0605398966477257
"unmeek",-0.0251218960838448,0.0765847635585068,0.0740137858211824,-0.335912030931206,0.137529593430232,0.0279490657977237
"unmelancholy",-0.0286323100700579,-0.0877076648824852,0.047670043037693,-0.136033246560873,-0.0427738777396295,0.0360360971000278
"unmercenary",-0.500490823497031,0.0530095950508817,0.0196142056986173,0.12100413798357,-0.0135830352537629,0.0327418741423706
"unmerciful",0.10598578914466,-0.0232328706591929,-0.105092034544304,-0.120278258476674,0.272694856062828,-0.0732595091064305
"unmerry",-0.0478349564134607,0.421042576474956,-0.0519003029552277,0.0909223587400528,0.15164264149569,-0.00944358394581698
"unmethodical",-0.145979548228231,0.0128425045068088,0.487558897557577,0.0547467121058425,0.03176922585019,0.0231735439844973
"unmild",0.127118710827038,0.082808318020592,0.0490758682231888,-0.319253179505943,0.189850593793203,0.104653899317413
"unmindful",-0.07699647389506,0.130302887220733,0.35702342453408,0.0287052097193915,-0.0290880167686329,-0.00142890056319549
"unmirthful",-0.0401087487150081,0.436160610163903,-0.235103612863387,0.0672968208588823,0.159245716634428,-0.0856617800202553
"unmodifiable",-0.011230064052088,0.149234947136042,-0.209719220326394,0.191848627389456,0.184902699844772,0.369894992235573
"unmoralizing",0.605627867754151,-0.0577976736956845,0.00612261842736283,0.0178479901117362,-0.0185198320538397,0.0171924323796652
"unmovable",0.0418250782959871,0.18290516254916,-0.354948315849909,-0.0393598109473134,0.0434840524763325,0.240982416752728
"unneighborly",0.0794174690102728,0.492555796320405,0.0926882684849278,0.00271829309796891,-0.00907202413105587,-0.0804988161698341
"unniggardly",-0.0344039647022843,-0.0552954622406684,-0.0186459777823822,-0.0797532570330142,-0.095871611053693,0.0216690630425321
"unobliging",0.0831291148900526,0.228420287055875,0.150075073571436,0.0221675382583504,0.331432053489736,-0.081174665180174
"unobtrusive",0.0156343530310942,0.386526779283081,-0.0832617350856933,0.483278771651896,-0.327431652321712,0.0408672166270733
"unoriginal",-0.0199297268468639,-0.0222464863007095,-0.0332111020516391,0.0201638784035608,-0.0300266023620566,0.0670536750656589
"unostentatious",-0.115420598688138,0.149066607799214,-0.114642199615021,0.23998427532769,-0.0776375084385633,0.131914120456344
"unpardoning",0.216366856752157,0.0822201289640858,-0.0787724225767864,-0.0537935477245822,0.373235799489151,0.0500038363240815
"unpartisan",-0.267691997425632,0.110091426302694,0.0551092928909826,0.0674393222125372,-0.0841871762376466,0.0383615326480031
"unpeaceable",-0.0397608835535059,0.0278299527619559,0.0210663624562902,-0.156309176331652,0.204170673576775,0.0375336355860857
"unperceptive",-0.0245666863297934,-0.0238983877888938,0.0265181930857283,0.0140684368703413,-0.00211462703530018,0.124372931790063
"unpersonable",-0.0822397552908188,0.636184861751422,-0.0280153513081667,0.0450635180716273,0.205134109340002,-0.0614672733758353
"unpersuadable",-0.180158901489797,0.318013940696828,-0.0753987967703166,0.120557295195714,0.21885163054011,0.318665818069552
"unpersuasive",-0.134942568699565,0.225394581450327,0.0532242438369663,0.165861172704529,0.061719405202285,0.141177689590829
"unphilanthropic",0.25217617352216,0.251083893509682,0.0453947096387479,0.00292567075211729,0.0704427584060494,0.0567860779762949
"unphilosophical",0.0382521676107595,-0.0565630705581568,0.055801892080883,-0.0294898305507897,0.104317764304679,0.406165853831488
"unpitying",0.259309039237477,0.129132260824799,-0.0425278376767126,-0.130104304089068,0.267676529712923,-0.00449027906895305
"unpleasable",-0.206372852264041,0.0583032209799573,-0.151513322226223,-0.0281806520674024,0.480202546663734,-0.126298308073765
"unpliable",-0.0361116600334123,0.155500484100031,-0.130307872228985,0.0328370574542482,0.240628844158304,0.181702183973173
"unpoised",-0.10673878890052,0.10085480894265,0.132406321637152,0.0192515351550191,-0.0169324962965687,-0.0229058787839055
"unpolished",-0.0770159677943187,0.135106645661918,0.315512150333362,-0.0163018782472559,-0.0537141540854947,0.246189800595616
"unpolite",-0.110267460467191,0.188600806905463,0.0709523542659129,-0.0776879927076739,0.394127637651855,0.0504580154150562
"unpolitical",-0.0104763052363181,0.070239784630892,0.0869279570822318,0.133507814806885,-0.0407409920059288,0.214626272326318
"unpreaching",0.0770196887747922,0.269169003075384,0.169946028196363,0.1069144608432,-0.142012324008715,0.124188957248889
"unpresuming",-0.206928519206256,0.165739529354285,0.0924339086034476,0.352394631391739,-0.289005114096657,0.143700030461665
"unpretending",-0.393640900192857,0.0971910560137718,0.0333604906845582,0.15614995439829,-0.0602905252284409,0.19309256031502
"unpretentious",-0.293564031002893,0.047089647657284,0.0628947703269564,0.134183350000816,-0.0466847158286047,0.208363484201912
"unprincipled",0.714923739079373,-0.106701931010149,-0.0349358796161607,0.0336627215158491,-0.110276619451136,0.0123407116270344
"unproductive",-0.0886402976922188,0.0139844315591784,0.233745379988585,0.0652391978659475,0.0017884809867171,-0.00886557068421657
"unprogressive",-0.0218808953336343,-0.0346019211611594,-0.16602319641668,0.347678583366787,0.175187129319976,0.445754233939027
"unprovincial",0.0197788774048494,0.0364701170017891,0.175612564397201,-0.119217651271821,-0.0423499587415815,-0.457994398185759
"unpunctual",-0.107367021868873,0.101525866343258,0.426395495861706,0.0705482114174564,0.0063954755898033,-0.0482473072111914
"unpurposed",-0.0601361309272938,0.0179486873130611,0.0181521213984377,0.00482972943424891,-0.0213933691342903,-0.00139528338576389
"unquestioning",-0.0216087390446452,-0.0039380787659551,-0.0902981507179332,0.0899720015476813,-0.135789931956639,0.378838803806303
"unrealistic",-0.0220819577866872,-0.0609541240293014,0.114251173162554,0.0288227947371756,-0.00327937249317341,0.00685103714480447
"unreasonable",-0.0586230134184706,-0.103861185744343,-0.0281930813039615,-0.0979599060716021,0.482634075765873,0.06952505299183
"unreasoning",-0.0813736692650767,-0.0139502585346822,0.0386648330739799,-0.02712211393762,0.0450062996962896,0.122507587715935
"unreceptive",-0.10491217816589,0.34337098727547,-0.0528452518775801,0.104339111505654,0.213782095715086,0.164531490079153
"unrefined",-0.0453022706274649,0.0875660877761289,0.163026504433988,-0.0436042769128833,-0.0226899804879311,0.253290203446397
"unreined",0.0888932146147855,0.115745034059059,0.544553216039485,-0.103435803233366,0.0465465522384258,0.125230482181868
"unrelaxing",-0.196219257233216,0.113046597569068,-0.121690539441224,-0.301210722867524,0.306959543112383,-0.234751012437544
"unrelenting",0.0607534127843028,0.104971379018157,-0.196497188074686,-0.290424876116207,0.0397261914815807,0.0162044312043471
"unreligious",-0.0455364307790748,0.0936230638110969,0.0747030708977312,-0.0452755284184958,-0.00624904586679477,-0.0021194194810934
"unrepressible",0.0580844599552754,-0.329611231439573,0.340509647265329,-0.333182439061825,-0.0722616723998839,0.0214321134903744
"unreproachful",-0.425259133279136,0.132183122097364,0.069378047239392,0.0137525521593304,-0.32067628540453,-0.00524829466260399
"unreserved",0.0395425281797601,-0.520867091273434,0.311570118026245,-0.257040976208516,-0.00667499303668767,0.182698603172034
"unrespectful",0.25118704968381,-0.0183564239618359,0.0607147816127372,0.052234159293929,0.306453824238701,0.0605847109710529
"unresponsive",-0.0624995896875152,0.356133976417843,0.123206443510361,0.0407011752530407,-0.017005190381677,-0.0221882095643514
"unresting",0.0283919169522525,0.12707534319575,-0.0181931029330685,-0.266506808525506,0.0136048433158187,-0.0852654951683805
"unrestrainable",-0.00597331150125332,-0.0423418717117123,0.429568394728919,-0.424875314058226,-0.0718622401582063,-0.0316784805531754
"unrevealing",0.344255675300443,0.482631484439957,-0.0725623678844836,0.12467650623646,-0.173272196387737,0.0541510154720355
"unrevengeful",-0.152039701208437,0.0590802732925766,0.0555628423110255,0.0555129151886844,-0.101753568201164,-0.0230074793169622
"unromantic",0.0367561015642031,0.386252543027002,-0.0984175697974854,-0.00897098139755347,0.052771476962417,0.110896206002139
"unrude",-0.017812607579428,-0.0531050373960249,-0.00491014851435374,0.0837860098952771,-0.244064438337288,0.015882581554774
"unsaintly",0.662381232467425,-0.00700167742017558,0.0619356449184023,-0.0962659309511117,0.0309501233710681,0.127440403642388
"unsatisfiable",-0.0113871482859666,0.104772669795513,0.0611318228066661,-0.186148427093591,0.203886587553737,-0.20086758066105
"unscholarly",-0.0906387734223305,-0.169462006559109,0.14703479591823,-0.044997494668593,0.00779889864679932,0.56866658119832
"unschooled",0.00376418521778143,-0.00466061623774568,0.0705420954065865,0.0494842445094367,-0.0207377402571607,0.269441632495027
"unscornful",0.0614647959882843,-0.0381061950352757,0.0496625721724805,-0.00337781151235978,-0.35551370154696,0.0223036516220427
"unsearching",0.0573363920894762,0.058801082514328,0.137083824035807,0.0873899900540558,-0.117373179423946,0.270768304550711
"unselfconscious",-0.0410222290331774,-0.141949740875788,0.299576488821208,0.017444185888791,-0.172019489066726,0.240534820165731
"unsentimental",0.0656015714233006,0.362234026283882,0.0240953284795827,-0.406495684718255,0.084217116938812,-0.0546584072261553
"unsevere",0.0927861921903812,0.0269548893767833,0.0947679846837401,0.0859473358526196,-0.140689014548019,0.0246751446350586
"unshakable",0.0162944540442182,0.055911983264292,-0.209524700745581,-0.118887811397616,-0.0537658171433735,0.0536392811377856
"unshrinking",0.0384507092256707,-0.005990074581602,-0.0837990574360722,-0.202653890497856,0.0221030878678684,0.0527810092282878
"unshy",0.0309960591844289,-0.490842574576345,0.0224352899691799,-0.183067705961069,0.13072023572735,0.0772987173360255
"unskeptical",0.157827805584221,-0.218653763399524,0.0944505918922503,0.0764211877276265,-0.0794202309200063,0.441356066330176
"unsly",-0.676242958941889,0.0533595702737032,0.0896159332718749,-0.0189492124911971,0.110390347814466,0.0938183326213621
"unsmiling",-0.068649220763264,0.433415624157639,-0.147360306713658,-0.0210475583529806,0.156818990322109,-0.0284667636675217
"unsocial",-0.0481001868896205,0.671920184328166,0.0175066619977566,0.0919113621284871,-0.038621894703955,-0.0328747883677417
"unsolemn",0.0707604684182213,0.0417166200121253,0.338267693735017,-0.0942446929977977,-0.036652289514981,0.107614364036882
"unsolicitous",0.00417389362928963,0.668033011109252,0.109324249126348,-0.023232168318443,0.0384011659361743,0.0186175855177299
"unsparkling",0.0324050445936038,0.296236378531003,-0.277385827428222,0.262086105522482,0.0379896428123662,0.22652509332481
"unspeaking",-0.0580304716721776,0.58430923365149,0.0308553402018085,0.0981219593790424,-0.135678847881158,-0.0116741756055373
"unspiritual",0.121251999609197,0.114889148670161,-0.076237219101631,0.0377542256989939,0.0124489950200038,0.0475914812113814
"unspontaneous",0.020864869325606,0.214319356502478,-0.52193420026237,0.292440861298151,0.0831199893387995,0.0405565441953245
"unsportsmanlike",0.0587386205853349,0.0134742662297436,-0.0216609047679911,-0.0457133854661581,-0.00872454141868251,-0.0265151368308834
"unsteadfast",0.110353275026667,-0.0100719802258538,0.43301152045194,0.127373807653512,0.00918252325146592,0.0329185447251156
"unstirrable",0.201563936306942,0.345451698181861,-0.302636556856658,0.220496252555903,-0.010932010345926,0.194866547374409
"unstormy",0.0548422056018633,0.0418503216003507,-0.0113944928407943,0.150466949980934,-0.177699070603977,0.0308672321976084
"unstudious",-0.0339301830763629,-0.0690602970169396,0.29498009678965,-0.101861877750815,-0.0674047446938411,0.574019854620205
"unsubduable",-0.00250961765816063,0.0122359564688809,-0.0153400934324811,-0.161764322404795,-0.00768783221108253,0.0146803395837548
"unsubmissive",0.118648136976086,0.1249124942671,0.0588864459373261,-0.051267926636866,0.258346919681634,0.127144426633781
"unsunny",0.127119610185402,0.392232082060061,-0.121929853434572,0.166800151095829,0.153166245464618,0.00767151649835033
"unsure",-0.103467645468373,0.040338994143273,0.205348150288839,0.202121142518304,-0.0774803268045717,-0.0357157184682538
"unsuspicious",-0.399224230458955,0.0172789494152927,0.132946984300314,0.0189844678619637,-0.109262921017736,0.0321002914787523
"unswayable",-0.13019493423015,0.117997029829101,-0.229402545497523,-0.0470787569182865,0.0339566863413996,0.118047393398651
"unswerving",-0.0756974202602845,0.0409986355550932,-0.302139259166553,-0.113275918636495,-0.00946251667208385,0.082353904042965
"untamable",-0.00831820438701762,0.223880633399005,0.428960804816856,-0.387006686738103,-0.0559802468322775,0.03423673002805
"untasteful",0.119189290037974,0.00603072961312133,0.0138572256058806,0.0237450539487328,0.0173058521103364,0.11891088198946
"untaught",-0.0349557028492045,-0.00655294805077367,0.100257616332231,0.0338709292304686,-0.01042743071524,0.133737957500897
"unteachable",-0.100262697045394,-7.89080696364543e-06,-0.0305069258512158,0.0687643389459702,0.115727676634836,0.19162215032364
"untemptable",-0.298328699515293,0.11025839191584,-0.187119976963499,0.109328189547654,-0.00591300437737732,0.00146795850360385
"untender",0.0246083527048281,0.371488861043096,-0.0152799576273774,-0.120948219071468,0.381591845902277,-0.0241832146940475
"untheatrical",-0.174927074379708,0.232235219267755,-0.218437236501285,0.209401756650197,-0.0418492877863451,0.251985896157448
"unthinking",-0.0387496969582278,0.00446481652456877,0.0647891978620995,-0.0237903025549853,-0.0301329266402161,0.0726773791352158
"unthorough",-0.0565017922053156,0.00545913285141075,0.363953326252633,0.0639598586931901,0.025041686442275,0.00590811846744162
"unthrifty",0.0367951232459112,0.0281129519985148,0.288079218945608,0.0384108451533129,-0.021894841371345,0.13471220195847
"untidy",-0.095035535199989,0.114560098641749,0.448839599455459,0.0375404769507263,-0.0604620235297945,0.0738146012640304
"untiring",0.0336644423182164,0.00855309073434254,-0.153870724062403,-0.0652757857843657,-0.067656701734454,0.0822103269665437
"untrained",-0.0655443260946526,-0.0135120477396261,0.112287119593213,0.0476897155781341,-0.00128129207493072,0.0156576417055658
"untransparent",0.76832452747245,0.33993849606825,0.0764231741492376,0.0878798149074022,-0.192577048349752,-0.0169444449819384
"untrustful",0.808990587616231,0.116452345856452,-0.0254886066269417,0.100923699839772,-0.179288379609056,0.0404713185167831
"untrustworthy",0.798832156737315,-0.061428220918223,-0.0387622403298012,0.0700059251812638,-0.197585602183304,0.046953027370667
"untruthful",0.699601103247409,-0.0719353698743261,-0.000710840035550701,0.040288581152609,-0.131732634128676,0.0261534897547987
"untutored",-0.0438850736577057,-0.00743095789154875,0.0380186991958578,0.0270099582166098,-0.0289606765452606,0.120905895024418
"unvacillating",0.0300419405214926,0.0506060144222772,-0.365791880995354,-0.136317928590319,-0.00109221147402698,0.0670605394373356
"unvain",-0.136376304771443,0.0859086986320433,-0.0217171971712173,0.0955114349465869,-0.0559115952397912,0.116697571408467
"unvaliant",0.0585838304647906,-0.000280012444779316,0.0272567610865863,0.102510598458695,0.0121908364524679,0.00456868758834037
"unvarying",0.0139763775151707,0.0425901388558995,-0.457319501446894,0.180249589443217,0.085785327581914,0.385823003977186
"unventurous",-0.0574503324847791,-0.111478892479831,-0.275583402461936,0.364648301901702,0.011886694635188,0.235893424997829
"unversed",-0.0483117488224119,-0.0239263505630139,0.0790120530358102,0.0636052208190391,-0.0547967097191117,0.185659626894018
"unvigilant",-0.0604687688866363,0.05821582541564,0.336787214285361,0.0591955582162767,-0.0191170967281452,-0.00921901448154867
"unvigorous",-0.0235805131180865,0.0603461467421027,0.0108436706465396,0.245994851231756,-0.010703135214729,-0.015143545377662
"unvindictive",-0.500030763860238,0.123641026525689,0.159775065278363,0.046380346199807,-0.121168445584204,0.00245535802224623
"unvisioned",0.010492411276457,-0.0310008847737791,-0.0237327911283231,0.0994669290776643,-0.0775013956583801,0.153764867316342
"unvocal",-0.0193783168274628,0.609025398938825,-0.0796652283955435,0.2055502460138,-0.0435070336659492,0.157060137822275
"unvoluptuous",0.0918844940262028,0.115391402304399,-0.0836185225477223,0.125974273260752,-0.0702338922935248,0.183853126165075
"unwarlike",-0.0137980394841742,-0.0412089595025758,0.0676041787764158,0.177925015300991,0.0120574965697994,-0.00718059031441863
"unwary",0.0750506345701847,-0.060007624609012,0.172815224199358,0.0770683803749343,-0.0218775845208407,0.153232868936379
"unwasteful",-0.0255526626442939,0.0270425806948568,-0.211735351583529,-0.024242140665248,-0.0350995177542107,0.00571098535349793
"unwatchful",-0.072431724929874,0.0496370838913606,0.223779712317713,0.0482372401592913,0.00242694173605395,-0.0161193480354123
"unwavering",0.0165083248633816,0.0453724628447978,-0.23142596430815,-0.0986462282663159,-0.0395651105815379,0.080747551741095
"unwild",0.118106535830533,-0.094891675239865,-0.220493668417921,0.151420973710684,-0.0157073016496574,-0.00774741335139328
"unwillful",0.0823790913974203,-0.0109351726901125,0.0720663869966881,0.17810967853002,-0.00874944990133788,0.162455017277975
"unwily",0.059197049795332,-0.123514631131537,0.115368455205354,0.294107776051485,-0.128948283114865,0.267336871381287
"unwise",0.0437240909889022,-0.0674754416895325,0.197314278167138,0.00672733160736058,-0.0182149467565072,0.204956571901762
"unwitty",-0.105357595501828,0.0313549835191095,-0.123359186175114,0.0292015332160629,-0.0174914512988017,0.142732539067981
"unworldly",-0.0178045596391464,0.115936078961765,0.0577976176008396,0.235981597714828,-0.0783164937653762,0.107052144672199
"unyielding",-0.00197124644572296,0.173884234881528,-0.263954938087444,-0.318037072965939,0.0674642941878165,0.0981925504050737
"unzealous",-0.0224549873497542,0.019513590597334,0.0692765723546439,0.173103295265018,-0.0618709079312307,0.0490722422972924
"urbane",0.126505902689512,-0.229657759224719,0.0142552589348996,-0.133179667066518,0.0176327927361263,-0.411071848941114
"valiant",-0.0867306803105815,-0.116177605095955,-0.122607267920812,-0.330148879756443,-0.08642460930971,0.110917024789739
"valorous",-0.156417525593853,-0.0458703506958002,-0.0971074663730961,-0.361927158092093,-0.0840599267366131,0.0312210028909403
"variable",0.157662886532718,0.165230713926637,0.470141757570756,-0.111654495825949,-0.155785529269662,-0.243490833541448
"vengeful",0.0491589765267874,0.00547033993924096,-0.0279016079361381,-0.0308212355151768,0.023881155370438,-0.00662886088704501
"venturesome",-0.00454479385549459,0.0991965592254566,0.39018323145799,-0.511252738798004,-0.184006320605155,-0.123346161104485
"venturous",-0.022227378578444,0.0378959609648759,0.416303785429148,-0.475183987992629,-0.118437510664546,-0.119708921126716
"verbose",0.02133155118497,-0.152112138807467,0.0670024900358167,0.0377383771345946,0.105387219648982,-0.0975298513589221
"vibrant",-0.0681347319817888,-0.354988134010996,0.391550255986809,-0.178092692392004,-0.044022231548933,-0.150198078345155
"vigorless",-0.0429414580276581,0.0385848451780284,-0.00432512642161118,0.184139360314829,-0.000979865962140235,0.0215055341628967
"violent",-0.070150425628642,0.0140579640237267,-0.00933332161602164,-0.0333137069050365,-0.0211488457110174,0.0390150543847778
"virile",0.0801917960801268,0.297388542597509,-0.00926815529945396,-0.442486213334467,-0.110571783606883,0.336304298011183
"visionary",-0.103007453117441,0.163838466469261,0.201240031812825,-0.264741268922866,-0.0603433901806898,-0.472143061466697
"vivid",0.00811737217267215,-0.209189458888849,0.326280910705907,-0.073523698386444,-0.0021244786828228,-0.119668472468929
"vocal",-0.0189923011900688,-0.476030461025258,0.118220825117745,-0.288446639528565,0.137554807082325,-0.082644756941209
"volcanic",-0.11830725889759,0.0105669887281897,0.119068091042146,-0.217198380192676,0.117397458201408,0.0161838854488816
"voluptuous",-0.127783008014306,-0.135031973334109,0.123740990443986,0.0450927786133908,0.024380680204416,-0.123220425017395
"warlike",-0.0608097999743756,0.0278949223685776,-0.0216610487707552,-0.0372306400505265,-0.0280645089552715,-0.00402814519410766
"warm-hearted",-0.133768236254237,-0.384969201822054,0.0348503301279252,0.0905237559856146,-0.169165634855132,0.0751042982102965
"warmthless",0.12150840136644,0.64283819501066,-0.0470742229370993,-0.0413292485105931,0.108891571735426,-0.12886288735705
"weak-hearted",-0.0616364543003285,0.00136303840116854,-0.00189891119888496,0.0327625930353739,-0.0128765900500864,-0.00141346240377834
"weak-kneed",-0.0526382260896773,-0.00792675929633809,0.0272081363897627,0.0455763024149724,-0.032725184435823,-0.017331664895334
"weak-spirited",-0.0271902417830061,0.0059195333947415,0.0033101978098246,0.0328466330849981,-0.0238148244754889,0.00201262572047829
"weepy",-0.103497673444782,-0.0780573829776799,0.0124516447642602,0.0908261402818725,-0.0301197365572968,-0.0297159293146106
"well-mannered",-0.000404638185694783,-0.115686087222418,-0.106174317391532,0.0930854115573839,-0.125539922508486,-0.0290653030218063
"well-read",0.0807901382431306,0.0470562594020403,-0.12404799240165,0.146629698092958,-0.0370798310288391,-0.399770480957866
"well-spoken",0.0447607888610115,-0.149542438245992,-0.0485321241876429,0.00314787218440917,-0.00196803512869962,-0.238444896026816
"whimsical",-0.0608122391101697,-0.127181387056783,0.439143187431228,0.218385794208298,-0.0365733624223538,-0.15504259385145
"whiny",-0.0770155354264865,0.00375983519938483,-0.00317851338786059,-0.00116403303683355,-0.00620803033423664,-0.0108772443896514
"wide-awake",-0.0142237477542062,-0.0161010476962908,-0.0141240171669027,-0.105397378207477,0.000201735032405053,0.01250242656399
"wild",-0.150409332064366,0.100349455817926,0.492202947610973,-0.281191960593956,-0.0397178156835199,0.0355064747287641
"willful",0.092862755121744,0.10295386712762,0.0725628584257599,-0.297592507659397,0.0696704704965283,-0.0199321488423099
"wily",0.663192757051175,0.0654299662238889,0.00778798846124198,-0.160549266877376,-0.159065478357045,-0.0552812623730844
"wishful",0.0993006630166329,-0.139382809181913,0.326586311071011,0.15692811168715,-0.126341984023651,-0.0645259498729162
"withdrawing",-0.0338975350418664,0.633485566829893,0.120613680468433,0.212510840136085,-0.16958276959113,-0.13233748389245
"witless",-0.0523547066523006,0.0144076843438953,-0.00955637609376753,-0.00263199504245428,-0.029083809315995,0.00515157640078274
"womanly",-0.215329201139425,-0.495639581162811,0.0213817333656626,0.307990896985745,0.0774272676577161,-0.345083199345604
"world-weary",0.195232724165839,0.231160855775702,-0.0629965021222761,0.208925818509577,0.0815437427088698,0.116390803850421
"worldly-minded",0.13160005280338,-0.110479799507982,0.0642659728816964,-0.26374224693995,-0.0564080386054404,-0.313279023629123
"worldly-wise",0.0782843430219015,-0.0638375016653616,-0.0752030494578192,-0.140430278978033,0.0200737359967735,-0.135955906433451
"worriless",0.0782753062979065,0.00439242988076769,0.127349628898117,-0.0873199871260834,-0.154078872397437,0.110619790544697
"worrying",-0.143695462668792,-0.175988444463171,0.000572587012245704,0.33937655487716,0.0833319035311203,-0.0914199648167191
"worshipful",-0.0684894781843029,-0.0934128427527375,0.043695956783913,0.0469141341456573,-0.08297265378999,-0.0321606431582307
"zany",-0.0829868558864704,-0.0891513090854956,0.387496254118482,-0.0514468619044003,-0.0362616943293643,-0.0147982289252514
"zealless",-0.0496928078486293,0.0306219209588702,0.0374137050530422,0.0738582298357913,-0.0370173864376368,0.0405004895046257
"zestful",-0.0454883173394503,-0.305948982304388,0.179882879964744,-0.223210627369567,-0.079295169890499,0.0479186260038436
